location_id,country_code,admin1,admin2,has_market_coverage,time_id,conflict_event_count,fatalities,conflict_trend_log,rainfall_mean_mm,vegetation_health_index_mean,wheatflour_price_usd,wheatflour_trend_log,wheatflour_pewi_score,rice_price_usd,rice_trend_log,rice_pewi_score,sugar_price_usd,sugar_trend_log,sugar_pewi_score,oil_price_usd,oil_trend_log,oil_pewi_score,reports_mentioning_district_count,food_nutrition_report_count
SO_AADAN,SO,Shabeellaha Dhexe,Aadan,False,202401,0,0,,2.44,45.98,,,,,,,,,,,,,0,0
SO_AADAN,SO,Shabeellaha Dhexe,Aadan,False,202402,3,6,1.3862943611198906,1.38,45.47,,,,,,,,,,,,,0,0
SO_AADAN,SO,Shabeellaha Dhexe,Aadan,False,202403,5,68,0.4054651081081644,12.5,52.04,,,,,,,,,,,,,0,0
SO_AADAN,SO,Shabeellaha Dhexe,Aadan,False,202404,14,10,0.9162907318741552,99.05,58.68,,,,,,,,,,,,,0,0
SO_AADAN,SO,Shabeellaha Dhexe,Aadan,False,202405,6,8,-0.7621400520468968,57.94,53.36,,,,,,,,,,,,,0,0
SO_AADAN,SO,Shabeellaha Dhexe,Aadan,False,202406,13,15,0.6931471805599452,5.98,52.0,,,,,,,,,,,,,0,0
SO_AADAN,SO,Shabeellaha Dhexe,Aadan,False,202407,4,34,-1.029619417181158,23.59,46.21,,,,,,,,,,,,,1,0
SO_AADAN,SO,Shabeellaha Dhexe,Aadan,False,202408,1,0,-0.916290731874155,20.39,46.32,,,,,,,,,,,,,0,0
SO_AADAN,SO,Shabeellaha Dhexe,Aadan,False,202409,2,14,0.4054651081081645,1.47,44.06,,,,,,,,,,,,,0,0
SO_AADAN,SO,Shabeellaha Dhexe,Aadan,False,202410,0,0,-1.0986122886681098,24.07,34.58,,,,,,,,,,,,,1,1
SO_AADAN,SO,Shabeellaha Dhexe,Aadan,False,202411,1,3,0.6931471805599453,46.62,32.28,,,,,,,,,,,,,0,0
SO_AADAN,SO,Shabeellaha Dhexe,Aadan,False,202412,0,0,-0.6931471805599453,5.12,26.49,,,,,,,,,,,,,0,0
SO_AFGOOYE,SO,Shabeellaha Hoose,Afgooye,False,202401,17,7,,1.26,44.16,,,,,,,,,,,,,4,2
SO_AFGOOYE,SO,Shabeellaha Hoose,Afgooye,False,202402,29,21,0.5108256237659909,0.64,43.47,,,,,,,,,,,,,3,1
SO_AFGOOYE,SO,Shabeellaha Hoose,Afgooye,False,202403,29,111,0.0,4.28,43.49,,,,,,,,,,,,,5,3
SO_AFGOOYE,SO,Shabeellaha Hoose,Afgooye,False,202404,31,14,0.064538521137571,124.9,54.35,,,,,,,,,,,,,6,2
SO_AFGOOYE,SO,Shabeellaha Hoose,Afgooye,False,202405,19,21,-0.4700036292457357,39.59,51.57,,,,,,,,,,,,,5,1
SO_AFGOOYE,SO,Shabeellaha Hoose,Afgooye,False,202406,20,12,0.0487901641694321,66.69,43.83,,,,,,,,,,,,,4,1
SO_AFGOOYE,SO,Shabeellaha Hoose,Afgooye,False,202407,40,45,0.6690496289808849,17.68,40.87,,,,,,,,,,,,,7,3
SO_AFGOOYE,SO,Shabeellaha Hoose,Afgooye,False,202408,41,13,0.0240975515790604,17.65,35.44,,,,,,,,,,,,,5,4
SO_AFGOOYE,SO,Shabeellaha Hoose,Afgooye,False,202409,29,9,-0.3364722366212129,6.37,34.29,,,,,,,,,,,,,4,3
SO_AFGOOYE,SO,Shabeellaha Hoose,Afgooye,False,202410,38,41,0.2623642644674908,14.8,25.81,,,,,,,,,,,,,5,5
SO_AFGOOYE,SO,Shabeellaha Hoose,Afgooye,False,202411,24,36,-0.4446858212614457,109.04,23.46,,,,,,,,,,,,,6,5
SO_AFGOOYE,SO,Shabeellaha Hoose,Afgooye,False,202412,24,50,0.0,4.62,22.16,,,,,,,,,,,,,6,5
SO_AFMADOW,SO,Jubbada Hoose,Afmadow,True,202401,2,0,,2.44,48.36,0.7368,,0.0,0.8452,,0.0,0.5,,-1.1905,1.9548,,0.0,5,1
SO_AFMADOW,SO,Jubbada Hoose,Afmadow,True,202402,5,2,0.6931471805599452,5.67,39.92,0.66,-0.1100766499206258,0.0,0.8,-0.0549615580739742,0.0,0.7586,0.4168665308326069,-0.3889,2.0,0.0228592941460825,0.0,2,2
SO_AFMADOW,SO,Jubbada Hoose,Afmadow,True,202403,5,6,0.0,17.85,42.06,0.9255,0.3380942969930809,0.0,0.98,0.2029408439966902,0.0,0.98,0.2560779424098189,-0.2321,2.0,0.0,0.0,2,0
SO_AFMADOW,SO,Jubbada Hoose,Afmadow,True,202404,0,0,-1.791759469228055,219.31,59.47,0.9653,0.0421048018410172,2.1329,1.0165,0.0365680614037837,-2.0239,1.0132,0.0333163464629026,-0.5674,1.976,-0.0120725812342692,1.6055,6,3
SO_AFMADOW,SO,Jubbada Hoose,Afmadow,True,202405,1,0,0.6931471805599453,48.39,48.71,1.0123,0.0475413147501365,1.3507,1.2562,0.211725936951879,0.1135,1.2,0.1692079176485713,0.5143,2.0,0.0120725812342692,-1.9432,6,4
SO_AFMADOW,SO,Jubbada Hoose,Afmadow,True,202406,3,0,0.6931471805599453,29.92,37.72,1.0199,0.0074796136517664,0.7332,1.1938,-0.0509497942857309,-0.3517,1.1527,-0.0402145401691247,0.1839,1.9763,-0.0119207708956936,-1.6643,5,4
SO_AFMADOW,SO,Jubbada Hoose,Afmadow,True,202407,29,120,2.014903020542265,35.07,39.66,1.0,-0.0197045832743354,1.2081,1.0,-0.1771414967524124,-2.2192,1.0,-0.1421070166248298,0.0,1.9,-0.0393725234918569,-2.4848,8,3
SO_AFMADOW,SO,Jubbada Hoose,Afmadow,True,202408,3,4,-2.014903020542265,25.17,43.06,1.0,0.0,1.2592,1.0,0.0,-2.219,1.0,0.0,-0.0919,1.9,0.0,-1.9747,4,4
SO_AFMADOW,SO,Jubbada Hoose,Afmadow,True,202409,9,19,0.9162907318741552,15.42,38.57,1.0,0.0,1.5278,1.0,0.0,-1.8466,1.0,0.0,-0.1278,1.9,0.0,-1.326,2,2
SO_AFMADOW,SO,Jubbada Hoose,Afmadow,True,202410,12,3,0.2623642644674908,14.78,23.48,0.8448,-0.16865536603014,0.9111,0.8965,-0.1092569859369495,-2.1051,0.931,-0.0714960017050699,-0.6444,2.0724,0.0868534697861015,-0.4489,6,6
SO_AFMADOW,SO,Jubbada Hoose,Afmadow,True,202411,2,31,-1.466337068793427,190.83,28.23,0.64,-0.2776317365982794,-0.6618,0.76,-0.1651798597648107,-2.2144,0.84,-0.1028573854397078,-1.1761,2.3,0.1042017669766076,0.9696,8,7
SO_AFMADOW,SO,Jubbada Hoose,Afmadow,True,202412,6,2,0.8472978603872034,6.49,29.64,0.64,0.0,-1.8659,0.76,0.0,-1.4559,0.84,0.0,0.1741,2.3,0.0,1.7746,5,5
SO_BAAR_DHEERE,SO,Gedo,Baar-Dheere,False,202401,0,0,,1.51,51.02,,,,,,,,,,,,,9,5
SO_BAAR_DHEERE,SO,Gedo,Baar-Dheere,False,202402,1,1,0.6931471805599453,2.85,44.25,,,,,,,,,,,,,4,3
SO_BAAR_DHEERE,SO,Gedo,Baar-Dheere,False,202403,1,1,0.0,16.24,46.4,,,,,,,,,,,,,3,3
SO_BAAR_DHEERE,SO,Gedo,Baar-Dheere,False,202404,0,0,-0.6931471805599453,249.4,66.67,,,,,,,,,,,,,6,4
SO_BAAR_DHEERE,SO,Gedo,Baar-Dheere,False,202405,0,0,0.0,23.35,49.64,,,,,,,,,,,,,6,4
SO_BAAR_DHEERE,SO,Gedo,Baar-Dheere,False,202406,1,0,0.6931471805599453,7.98,37.62,,,,,,,,,,,,,8,6
SO_BAAR_DHEERE,SO,Gedo,Baar-Dheere,False,202407,4,0,0.916290731874155,16.67,51.34,,,,,,,,,,,,,9,5
SO_BAAR_DHEERE,SO,Gedo,Baar-Dheere,False,202408,2,0,-0.5108256237659905,18.11,61.45,,,,,,,,,,,,,8,6
SO_BAAR_DHEERE,SO,Gedo,Baar-Dheere,False,202409,5,5,0.6931471805599452,6.8,49.45,,,,,,,,,,,,,3,2
SO_BAAR_DHEERE,SO,Gedo,Baar-Dheere,False,202410,1,1,-1.0986122886681096,16.8,28.62,,,,,,,,,,,,,9,7
SO_BAAR_DHEERE,SO,Gedo,Baar-Dheere,False,202411,6,0,1.252762968495368,176.3,31.92,,,,,,,,,,,,,6,5
SO_BAAR_DHEERE,SO,Gedo,Baar-Dheere,False,202412,7,6,0.1335313926245225,4.5,28.21,,,,,,,,,,,,,8,7
SO_BADHAADHE,SO,Jubbada Hoose,Badhaadhe,False,202401,5,7,,5.99,60.9,,,,,,,,,,,,,0,0
SO_BADHAADHE,SO,Jubbada Hoose,Badhaadhe,False,202402,1,0,-1.0986122886681096,3.42,54.91,,,,,,,,,,,,,1,1
SO_BADHAADHE,SO,Jubbada Hoose,Badhaadhe,False,202403,1,6,0.0,18.43,54.09,,,,,,,,,,,,,0,0
SO_BADHAADHE,SO,Jubbada Hoose,Badhaadhe,False,202404,1,3,0.0,171.51,59.97,,,,,,,,,,,,,0,0
SO_BADHAADHE,SO,Jubbada Hoose,Badhaadhe,False,202405,2,7,0.4054651081081645,114.57,46.53,,,,,,,,,,,,,0,0
SO_BADHAADHE,SO,Jubbada Hoose,Badhaadhe,False,202406,8,4,1.0986122886681098,33.45,43.29,,,,,,,,,,,,,0,0
SO_BADHAADHE,SO,Jubbada Hoose,Badhaadhe,False,202407,2,3,-1.0986122886681098,37.35,45.48,,,,,,,,,,,,,0,0
SO_BADHAADHE,SO,Jubbada Hoose,Badhaadhe,False,202408,4,15,0.5108256237659905,34.57,44.3,,,,,,,,,,,,,0,0
SO_BADHAADHE,SO,Jubbada Hoose,Badhaadhe,False,202409,1,0,-0.916290731874155,21.1,38.28,,,,,,,,,,,,,0,0
SO_BADHAADHE,SO,Jubbada Hoose,Badhaadhe,False,202410,4,7,0.916290731874155,16.44,30.3,,,,,,,,,,,,,1,0
SO_BADHAADHE,SO,Jubbada Hoose,Badhaadhe,False,202411,13,8,1.029619417181158,152.5,36.84,,,,,,,,,,,,,3,0
SO_BADHAADHE,SO,Jubbada Hoose,Badhaadhe,False,202412,23,33,0.5389965007326873,21.74,43.17,,,,,,,,,,,,,0,0
SO_BADHAN,SO,Sanaag,Badhan,False,202401,0,0,,0.34,49.72,,,,,,,,,,,,,1,1
SO_BADHAN,SO,Sanaag,Badhan,False,202402,0,0,0.0,1.02,43.07,,,,,,,,,,,,,4,4
SO_BADHAN,SO,Sanaag,Badhan,False,202403,0,0,0.0,5.61,39.37,,,,,,,,,,,,,2,2
SO_BADHAN,SO,Sanaag,Badhan,False,202404,0,0,0.0,20.62,42.74,,,,,,,,,,,,,3,3
SO_BADHAN,SO,Sanaag,Badhan,False,202405,0,0,0.0,34.01,45.81,,,,,,,,,,,,,0,0
SO_BADHAN,SO,Sanaag,Badhan,False,202406,0,0,0.0,6.3,43.62,,,,,,,,,,,,,0,0
SO_BADHAN,SO,Sanaag,Badhan,False,202407,0,0,0.0,1.35,46.52,,,,,,,,,,,,,1,0
SO_BADHAN,SO,Sanaag,Badhan,False,202408,0,0,0.0,9.14,46.58,,,,,,,,,,,,,3,0
SO_BADHAN,SO,Sanaag,Badhan,False,202409,0,0,0.0,11.67,41.49,,,,,,,,,,,,,2,0
SO_BADHAN,SO,Sanaag,Badhan,False,202410,0,0,0.0,16.64,34.3,,,,,,,,,,,,,4,4
SO_BADHAN,SO,Sanaag,Badhan,False,202411,0,0,0.0,2.87,34.87,,,,,,,,,,,,,2,1
SO_BADHAN,SO,Sanaag,Badhan,False,202412,0,0,0.0,3.08,39.41,,,,,,,,,,,,,1,1
SO_BAKI,SO,Awdal,Baki,False,202401,0,0,,4.41,43.47,,,,,,,,,,,,,0,0
SO_BAKI,SO,Awdal,Baki,False,202402,0,0,0.0,2.19,39.15,,,,,,,,,,,,,0,0
SO_BAKI,SO,Awdal,Baki,False,202403,0,0,0.0,14.53,47.52,,,,,,,,,,,,,1,0
SO_BAKI,SO,Awdal,Baki,False,202404,0,0,0.0,58.02,53.22,,,,,,,,,,,,,5,1
SO_BAKI,SO,Awdal,Baki,False,202405,0,0,0.0,9.56,42.26,,,,,,,,,,,,,1,0
SO_BAKI,SO,Awdal,Baki,False,202406,0,0,0.0,3.91,37.78,,,,,,,,,,,,,0,0
SO_BAKI,SO,Awdal,Baki,False,202407,0,0,0.0,33.62,51.42,,,,,,,,,,,,,0,0
SO_BAKI,SO,Awdal,Baki,False,202408,0,0,0.0,57.05,60.65,,,,,,,,,,,,,0,0
SO_BAKI,SO,Awdal,Baki,False,202409,0,0,0.0,21.24,55.93,,,,,,,,,,,,,0,0
SO_BAKI,SO,Awdal,Baki,False,202410,0,0,0.0,65.13,52.6,,,,,,,,,,,,,1,0
SO_BAKI,SO,Awdal,Baki,False,202411,0,0,0.0,8.21,45.15,,,,,,,,,,,,,0,0
SO_BAKI,SO,Awdal,Baki,False,202412,0,0,0.0,3.65,42.08,,,,,,,,,,,,,0,0
SO_BALCAD,SO,Shabeellaha Dhexe,Balcad,False,202401,0,0,,1.47,44.18,,,,,,,,,,,,,0,0
SO_BALCAD,SO,Shabeellaha Dhexe,Balcad,False,202402,13,7,2.6390573296152584,0.87,45.84,,,,,,,,,,,,,1,0
SO_BALCAD,SO,Shabeellaha Dhexe,Balcad,False,202403,6,1,-0.6931471805599452,5.39,45.42,,,,,,,,,,,,,6,3
SO_BALCAD,SO,Shabeellaha Dhexe,Balcad,False,202404,8,25,0.2513144282809063,105.31,50.4,,,,,,,,,,,,,9,2
SO_BALCAD,SO,Shabeellaha Dhexe,Balcad,False,202405,2,0,-1.0986122886681098,41.74,46.83,,,,,,,,,,,,,7,3
SO_BALCAD,SO,Shabeellaha Dhexe,Balcad,False,202406,19,11,1.897119984885881,52.02,48.21,,,,,,,,,,,,,6,3
SO_BALCAD,SO,Shabeellaha Dhexe,Balcad,False,202407,2,0,-1.897119984885881,19.29,46.2,,,,,,,,,,,,,6,2
SO_BALCAD,SO,Shabeellaha Dhexe,Balcad,False,202408,12,57,1.466337068793427,23.06,37.51,,,,,,,,,,,,,9,5
SO_BALCAD,SO,Shabeellaha Dhexe,Balcad,False,202409,5,0,-0.7731898882334818,4.5,33.74,,,,,,,,,,,,,6,4
SO_BALCAD,SO,Shabeellaha Dhexe,Balcad,False,202410,21,61,1.299282984130261,15.13,28.12,,,,,,,,,,,,,11,11
SO_BALCAD,SO,Shabeellaha Dhexe,Balcad,False,202411,9,65,-0.7884573603642702,80.18,26.12,,,,,,,,,,,,,9,6
SO_BALCAD,SO,Shabeellaha Dhexe,Balcad,False,202412,14,84,0.4054651081081641,5.22,25.38,,,,,,,,,,,,,6,6
SO_BANADIR,SO,Banaadir,Banadir,True,202401,53,39,,0.64,26.41,,,,,,,,,,,,,23,9
SO_BANADIR,SO,Banaadir,Banadir,True,202402,40,46,-0.2754119798599665,0.91,32.86,0.5,,-0.7946,0.75,,,0.9,,0.8504,1.15,,2.0423,29,6
SO_BANADIR,SO,Banaadir,Banadir,True,202403,45,33,0.1150693297847871,1.99,41.24,0.5,0.0,-0.7294,0.75,0.0,,0.9,0.0,0.8223,1.15,0.0,0.0,26,9
SO_BANADIR,SO,Banaadir,Banadir,True,202404,59,42,0.2657031657330053,81.95,44.02,0.52,0.0392207131532813,-0.5437,0.7196,-0.041377704453978,,0.8461,-0.0617572073938556,0.5349,1.15,0.0,0.0,28,9
SO_BANADIR,SO,Banaadir,Banadir,True,202405,41,40,-0.356674943938732,24.03,30.98,0.52,0.0,-1.1439,0.71,-0.013430532041017,2.0219,0.8503,0.0049516724612916,-0.6947,1.15,0.0,-1.6519,22,10
SO_BANADIR,SO,Banaadir,Banadir,True,202406,30,17,-0.3036824137982221,75.54,22.29,0.52,0.0,-0.8113,0.71,0.0,1.9453,0.8,-0.0609775007238194,-1.135,1.15,0.0,0.0,22,13
SO_BANADIR,SO,Banaadir,Banadir,True,202407,24,25,-0.2151113796169457,26.98,22.33,0.52,0.0,-1.5432,0.71,0.0,1.6183,0.8,0.0,-1.1344,1.15,0.0,-1.9408,22,5
SO_BANADIR,SO,Banaadir,Banadir,True,202408,46,132,0.6312717768418579,35.7,21.69,0.52,0.0,-1.822,0.71,0.0,1.6198,0.8,0.0,-1.5471,1.15,0.0,-1.5833,19,6
SO_BANADIR,SO,Banaadir,Banadir,True,202409,35,25,-0.2666286632539485,8.74,22.99,0.52,0.0,-1.7083,0.71,0.0,1.612,0.8,0.0,-1.2007,1.15,0.0,-0.8943,20,6
SO_BANADIR,SO,Banaadir,Banadir,True,202410,26,40,-0.2876820724517808,9.74,23.27,0.52,0.0,-1.6426,0.71,0.0,1.6073,0.8,0.0,-1.2918,1.15,0.0,-0.7325,13,4
SO_BANADIR,SO,Banaadir,Banadir,True,202411,29,23,0.1053605156578263,66.88,19.07,0.52,0.0,-0.7527,0.71,0.0,1.5554,0.8,0.0,-0.7834,1.15,0.0,1.0551,20,6
SO_BANADIR,SO,Banaadir,Banadir,True,202412,29,17,0.0,4.71,20.33,0.7395,0.3521454705753814,0.3456,0.8436,0.1724134785692585,2.2625,0.9909,0.2140018933969263,0.2887,1.2455,0.0797751133449394,0.9936,17,7
SO_BANDER_BEYLA,SO,Bari,Bander-Beyla,False,202401,0,0,,1.13,48.63,,,,,,,,,,,,,0,0
SO_BANDER_BEYLA,SO,Bari,Bander-Beyla,False,202402,0,0,0.0,0.35,44.34,,,,,,,,,,,,,0,0
SO_BANDER_BEYLA,SO,Bari,Bander-Beyla,False,202403,0,0,0.0,1.68,44.87,,,,,,,,,,,,,0,0
SO_BANDER_BEYLA,SO,Bari,Bander-Beyla,False,202404,0,0,0.0,10.47,50.17,,,,,,,,,,,,,0,0
SO_BANDER_BEYLA,SO,Bari,Bander-Beyla,False,202405,0,0,0.0,48.28,58.27,,,,,,,,,,,,,0,0
SO_BANDER_BEYLA,SO,Bari,Bander-Beyla,False,202406,0,0,0.0,1.02,58.05,,,,,,,,,,,,,0,0
SO_BANDER_BEYLA,SO,Bari,Bander-Beyla,False,202407,0,0,0.0,0.16,60.75,,,,,,,,,,,,,0,0
SO_BANDER_BEYLA,SO,Bari,Bander-Beyla,False,202408,0,0,0.0,2.97,65.84,,,,,,,,,,,,,0,0
SO_BANDER_BEYLA,SO,Bari,Bander-Beyla,False,202409,0,0,0.0,3.84,59.18,,,,,,,,,,,,,0,0
SO_BANDER_BEYLA,SO,Bari,Bander-Beyla,False,202410,0,0,0.0,11.21,42.69,,,,,,,,,,,,,0,0
SO_BANDER_BEYLA,SO,Bari,Bander-Beyla,False,202411,0,0,0.0,13.13,32.41,,,,,,,,,,,,,0,0
SO_BANDER_BEYLA,SO,Bari,Bander-Beyla,False,202412,0,0,0.0,7.24,29.15,,,,,,,,,,,,,0,0
SO_BARAAWE,SO,Shabeellaha Hoose,Baraawe,False,202401,1,0,,0.45,41.92,,,,,,,,,,,,,0,0
SO_BARAAWE,SO,Shabeellaha Hoose,Baraawe,False,202402,7,0,1.3862943611198904,0.41,42.83,,,,,,,,,,,,,0,0
SO_BARAAWE,SO,Shabeellaha Hoose,Baraawe,False,202403,10,0,0.3184537311185349,2.47,45.39,,,,,,,,,,,,,0,0
SO_BARAAWE,SO,Shabeellaha Hoose,Baraawe,False,202404,4,6,-0.7884573603642704,138.74,46.04,,,,,,,,,,,,,0,0
SO_BARAAWE,SO,Shabeellaha Hoose,Baraawe,False,202405,5,0,0.1823215567939546,37.95,42.93,,,,,,,,,,,,,0,0
SO_BARAAWE,SO,Shabeellaha Hoose,Baraawe,False,202406,6,0,0.1541506798272582,112.72,41.94,,,,,,,,,,,,,0,0
SO_BARAAWE,SO,Shabeellaha Hoose,Baraawe,False,202407,0,0,-1.9459101490553128,40.13,46.11,,,,,,,,,,,,,3,0
SO_BARAAWE,SO,Shabeellaha Hoose,Baraawe,False,202408,10,0,2.3978952727983707,30.38,42.98,,,,,,,,,,,,,0,0
SO_BARAAWE,SO,Shabeellaha Hoose,Baraawe,False,202409,9,0,-0.0953101798043247,10.77,33.42,,,,,,,,,,,,,0,0
SO_BARAAWE,SO,Shabeellaha Hoose,Baraawe,False,202410,6,0,-0.3566749439387326,11.1,27.06,,,,,,,,,,,,,0,0
SO_BARAAWE,SO,Shabeellaha Hoose,Baraawe,False,202411,10,14,0.4519851237430574,68.06,28.22,,,,,,,,,,,,,1,0
SO_BARAAWE,SO,Shabeellaha Hoose,Baraawe,False,202412,3,10,-1.01160091167848,1.77,34.95,,,,,,,,,,,,,0,0
SO_BAYDHABA,SO,Bay,Baydhaba,True,202401,20,16,,1.33,54.13,0.6923,,-1.4651,0.9513,,0.7051,0.3,,-3.4108,1.8982,,0.2342,12,4
SO_BAYDHABA,SO,Bay,Baydhaba,True,202402,21,7,0.046520015634893,1.22,54.11,0.8875,0.248389133665591,-0.3019,1.0,0.0499258087697256,1.0603,0.9013,1.1000556909061632,0.0405,1.7531,-0.0795204193365634,-0.4557,11,7
SO_BAYDHABA,SO,Bay,Baydhaba,True,202403,19,10,-0.0953101798043252,6.11,54.26,0.9368,0.0540612909339367,0.1976,1.0,0.0,0.9658,1.0,0.1039171134197729,0.9305,1.9777,0.1205489039681507,0.3934,7,5
SO_BAYDHABA,SO,Bay,Baydhaba,True,202404,9,2,-0.693147180559945,245.66,66.4,0.7493,-0.2233303749132425,-0.5915,0.7972,-0.2266496906434973,-0.0074,0.8641,-0.1460667761347834,0.1768,2.0,0.0112126272141031,0.3154,21,7
SO_BAYDHABA,SO,Bay,Baydhaba,True,202405,23,12,0.8754687373538999,61.75,57.24,0.89,0.1720820253559205,0.1625,0.7039,-0.1244692877245537,-0.4958,1.0039,0.1499591908501273,0.4708,2.0,0.0,0.1142,14,8
SO_BAYDHABA,SO,Bay,Baydhaba,True,202406,24,18,0.0408219945202548,9.71,41.78,0.7029,-0.2360068285443259,-0.8723,0.71,0.0086286694212751,-0.3097,0.7855,-0.2453272360018051,-0.5138,2.0,0.0,0.5354,15,5
SO_BAYDHABA,SO,Bay,Baydhaba,True,202407,15,13,-0.4462871026284194,24.08,45.69,0.6667,-0.0528744645578453,-0.9212,0.7533,0.0591985847962879,-0.2259,0.8067,0.0266313942472528,-0.3764,2.0333,0.0165129083742137,0.1449,13,4
SO_BAYDHABA,SO,Bay,Baydhaba,True,202408,22,24,0.3629054936893685,24.39,51.02,0.6556,-0.0167893227543396,-0.9263,1.3452,0.5798344250344656,2.6205,0.8915,0.0999535853602664,0.1389,2.0259,-0.0036460426673901,0.2059,17,10
SO_BAYDHABA,SO,Bay,Baydhaba,True,202409,22,18,0.0,5.53,52.3,0.5724,-0.1357127991873786,-1.459,1.1903,-0.1223373246922804,1.705,0.8234,-0.0794633279673907,-0.3814,2.0,-0.0128668657068236,-0.2387,9,4
SO_BAYDHABA,SO,Bay,Baydhaba,True,202410,28,7,0.2318016140573244,35.15,36.08,0.54,-0.0582689081239757,-2.3736,1.32,0.1034263604065826,2.1909,0.8,-0.0288303816678769,-0.4644,2.0,0.0,0.1069,13,10
SO_BAYDHABA,SO,Bay,Baydhaba,True,202411,20,3,-0.3227733922630511,113.54,38.8,0.588,0.0851578083403067,-1.6298,1.502,0.1291658167436634,2.879,0.826,0.0319830458530506,-0.7789,2.0,0.0,-0.1859,13,9
SO_BAYDHABA,SO,Bay,Baydhaba,True,202412,20,2,0.0,2.2,36.23,0.6209,0.0544430904722202,-1.5541,1.6,0.0632060759037926,3.2709,0.86,0.0403376157265753,1.0144,2.0,0.0,-0.0727,16,11
SO_BELET_WEYNE,SO,Hiiraan,Belet Weyne,True,202401,12,4,,0.97,66.8,1.3032,,1.8694,1.3032,,1.9971,0.4323,,-2.8159,1.5355,,0.2267,12,5
SO_BELET_WEYNE,SO,Hiiraan,Belet Weyne,True,202402,5,1,-0.7731898882334818,0.73,64.66,1.019,-0.2460010240651106,0.3581,1.0241,-0.2410086002064433,0.9062,1.0034,0.8420297203765664,-0.4555,1.4276,-0.0728613482648718,-0.1261,14,7
SO_BELET_WEYNE,SO,Hiiraan,Belet Weyne,True,202403,8,6,0.4054651081081646,3.72,55.7,0.8823,-0.1440448989946657,-0.1643,0.9452,-0.0801729117686391,0.6644,1.0,-0.0033942330680156,-0.4149,1.5548,0.0853522073620627,0.5488,9,7
SO_BELET_WEYNE,SO,Hiiraan,Belet Weyne,True,202404,8,5,0.0,115.95,66.01,0.8767,-0.006367275633519,-0.478,1.0767,0.1302595415089184,1.0073,1.0767,0.0739008078395342,-0.2438,1.5,-0.0358818118877666,-0.2989,14,6
SO_BELET_WEYNE,SO,Hiiraan,Belet Weyne,True,202405,4,3,-0.5877866649021193,93.9,73.32,0.9,0.0262299047297708,-0.6919,1.1,0.0214093719647907,1.0123,1.1,0.0214093719647907,-0.4874,1.5,0.0,-0.1597,22,9
SO_BELET_WEYNE,SO,Hiiraan,Belet Weyne,True,202406,7,9,0.4700036292457354,2.06,64.96,0.9,0.0,-0.8967,1.1,0.0,0.9026,1.1,0.0,-0.6373,1.5,0.0,-0.4361,18,13
SO_BELET_WEYNE,SO,Hiiraan,Belet Weyne,True,202407,10,16,0.3184537311185349,6.71,58.36,0.9,0.0,-0.8739,1.1,0.0,0.8534,1.2,0.0870113769896296,-0.3996,1.5,0.0,-0.6686,9,3
SO_BELET_WEYNE,SO,Hiiraan,Belet Weyne,True,202408,8,1,-0.2006706954621511,8.35,59.25,0.9,0.0,-0.789,1.1,0.0,0.8162,1.2,0.0,-0.5152,1.5,0.0,-0.5496,14,7
SO_BELET_WEYNE,SO,Hiiraan,Belet Weyne,True,202409,12,7,0.3677247801253172,2.57,56.36,0.7552,-0.1754121484930198,-1.4186,0.8297,-0.2820012691162223,-0.3317,1.019,-0.1634998025533669,-1.0184,1.5,0.0,-0.626,8,6
SO_BELET_WEYNE,SO,Hiiraan,Belet Weyne,True,202410,11,5,-0.0800427076735363,21.46,45.05,0.8,0.0576291128366364,-1.1303,0.85,0.0241721598141225,-0.0972,1.1,0.0764884255637372,-0.6797,1.5,0.0,-0.2752,16,11
SO_BELET_WEYNE,SO,Hiiraan,Belet Weyne,True,202411,4,3,-0.8754687373539001,49.83,40.88,0.8433,0.0527110389126685,-0.8512,0.915,0.0736877157911592,0.0855,1.1,0.0,-1.096,1.5,0.0,-0.3375,10,6
SO_BELET_WEYNE,SO,Hiiraan,Belet Weyne,True,202412,12,4,0.9555114450274363,1.11,34.51,0.9,0.0650719967437148,-0.6068,1.0,0.0888312137066157,0.4717,1.1,0.0,0.5143,1.5,0.0,-0.5345,12,9
SO_BELET_XAAWO,SO,Gedo,Belet Xaawo,True,202401,1,0,,1.24,48.31,0.86,,0.4806,0.89,,0.4382,0.2,,-1.9858,1.7,,0.0781,3,2
SO_BELET_XAAWO,SO,Gedo,Belet Xaawo,True,202402,2,7,0.4054651081081645,1.97,46.86,0.8228,-0.0442192314687513,0.6004,0.8938,0.0042605737731656,0.4516,0.9007,1.5048548722416604,0.1608,1.7621,0.0358780285303774,0.2252,0,0
SO_BELET_XAAWO,SO,Gedo,Belet Xaawo,True,202403,0,0,-1.0986122886681098,7.55,46.49,0.8,-0.0281014301108747,0.58,0.8774,-0.0185190477672376,0.5754,0.94,0.0427076364743524,0.3866,1.8,0.0212803853095712,0.0679,2,2
SO_BELET_XAAWO,SO,Gedo,Belet Xaawo,True,202404,2,1,1.0986122886681098,218.48,62.59,0.7986,-0.0017515330388064,0.045,0.8769,-0.0005700279468035,-0.0111,0.917,-0.0247724030075846,-0.0747,1.7903,-0.0054034613270287,-0.6174,0,0
SO_BELET_XAAWO,SO,Gedo,Belet Xaawo,True,202405,1,0,-0.4054651081081645,28.28,56.98,0.7244,-0.0975164686198625,-0.781,1.2683,0.3690397392880739,0.6352,0.9052,-0.0129515584970825,-0.5005,2.0,0.1107639769848549,-0.5589,0,0
SO_BELET_XAAWO,SO,Gedo,Belet Xaawo,True,202406,3,0,0.6931471805599453,2.92,49.78,0.8047,0.1051258111428287,-0.1941,0.8307,-0.423163981228358,-1.4259,0.873,-0.0362203579197801,-0.5104,1.93,-0.0356271776431511,-0.7613,0,0
SO_BELET_XAAWO,SO,Gedo,Belet Xaawo,True,202407,0,0,-1.3862943611198906,5.86,63.02,0.8067,0.0024823147908415,0.6015,0.8067,-0.0293168669020972,0.4054,0.8833,0.0117293379114842,-0.027,1.7,-0.1268917518546237,-0.4545,3,1
SO_BELET_XAAWO,SO,Gedo,Belet Xaawo,True,202408,3,1,1.3862943611198906,13.11,65.9,0.8,-0.0083401242750013,-0.7685,0.8,-0.0083401242750013,-0.4166,0.9,0.0187298695732242,-0.7338,1.7,0.0,-0.9473,5,5
SO_BELET_XAAWO,SO,Gedo,Belet Xaawo,True,202409,3,0,0.0,1.64,56.01,0.6938,-0.142427993132278,-0.6262,0.7517,-0.062274419484504,-0.1466,0.8517,-0.0551604111772755,-0.6065,1.7,0.0,-0.6764,2,2
SO_BELET_XAAWO,SO,Gedo,Belet Xaawo,True,202410,1,0,-0.6931471805599453,17.67,29.87,0.69,-0.0054921369443443,-1.0501,0.75,-0.0022641016530671,-0.3048,0.85,-0.0019980026626731,-0.8293,1.7,0.0,-0.5583,5,4
SO_BELET_XAAWO,SO,Gedo,Belet Xaawo,True,202411,3,0,0.6931471805599453,65.31,28.29,0.69,0.0,-1.3833,0.75,0.0,-0.3834,0.85,0.0,-0.7817,1.7,0.0,-0.8881,5,4
SO_BELET_XAAWO,SO,Gedo,Belet Xaawo,True,202412,4,0,0.2231435513142097,2.56,19.0,0.69,0.0,-1.4064,0.75,0.0,-0.4288,0.85,0.0,0.8705,1.7,0.0,-1.2023,3,3
SO_BERBERA,SO,Woqooyi Galbeed,Berbera,True,202401,0,0,,3.45,52.39,0.8475,,-0.0543,0.8475,,1.8681,0.5522,,-0.5933,1.9774,,0.6877,1,0
SO_BERBERA,SO,Woqooyi Galbeed,Berbera,True,202402,0,0,0.0,0.88,49.04,0.8475,0.0,-0.0543,0.8475,0.0,1.6323,0.8572,0.4397609641033678,-0.093,1.9774,0.0,0.9202,3,0
SO_BERBERA,SO,Woqooyi Galbeed,Berbera,True,202403,0,0,0.0,6.83,54.03,0.8475,0.0,-0.0543,0.8475,0.0,1.0123,0.904,0.0531580967927546,-0.0163,1.9774,0.0,0.2344,1,1
SO_BERBERA,SO,Woqooyi Galbeed,Berbera,True,202404,0,0,0.0,103.7,55.99,0.8463,-0.0014169325785449,-1.9053,0.6791,-0.2215224471348596,-1.0411,0.9208,0.0184134970154963,-1.9853,1.9748,-0.0013157230783247,0.4621,6,3
SO_BERBERA,SO,Woqooyi Galbeed,Berbera,True,202405,0,0,0.0,30.99,46.39,0.8445,-0.0021291704282055,-0.3482,0.8445,0.217976344128109,0.6273,0.9189,-0.0020655549008335,-0.2792,1.9706,-0.0021290624963338,-0.0729,1,0
SO_BERBERA,SO,Woqooyi Galbeed,Berbera,True,202406,0,0,0.0,1.41,45.24,0.8427,-0.0021337134695471,0.0169,0.8427,-0.0021337134695471,0.2894,0.9169,-0.0021788874509841,0.096,1.9663,-0.0021844607228628,0.2166,2,2
SO_BERBERA,SO,Woqooyi Galbeed,Berbera,True,202407,0,0,0.0,5.2,52.21,0.8182,-0.0295042172830094,-0.1233,0.7636,-0.0985669309267152,-0.3176,0.8902,-0.0295522584741012,-0.1557,1.9091,-0.0295216773648976,0.4214,0,0
SO_BERBERA,SO,Woqooyi Galbeed,Berbera,True,202408,0,0,0.0,11.79,53.81,0.8065,-0.0144029079300346,-0.1233,0.7527,-0.0143773498111061,-0.0599,0.8602,-0.034281236232118,-0.1854,1.8817,-0.0144563032500149,0.5794,0,0
SO_BERBERA,SO,Woqooyi Galbeed,Berbera,True,202409,0,0,0.0,9.88,47.08,0.7971,-0.011723756131386,-0.1233,0.7825,0.0388271803738219,0.0709,0.8503,-0.0115756919578891,-0.1854,1.193,-0.4557044804526826,-3.543,1,0
SO_BERBERA,SO,Woqooyi Galbeed,Berbera,True,202410,0,0,0.0,134.14,39.46,0.7673,-0.038102282250258,-0.1233,0.8042,0.0273540720488654,1.0387,0.8185,-0.0381158315805571,-0.1854,1.2073,0.0119153182404255,-2.659,1,1
SO_BERBERA,SO,Woqooyi Galbeed,Berbera,True,202411,0,0,0.0,7.93,41.39,0.8274,0.0754103948436916,0.0411,0.8781,0.0879124879027761,2.3083,0.9456,0.1443462498406441,0.0618,1.6211,0.2947184698091857,-0.2491,1,0
SO_BERBERA,SO,Woqooyi Galbeed,Berbera,True,202412,0,0,0.0,4.99,42.33,0.8863,0.068767239717041,0.4314,0.9384,0.0664158149733158,2.8817,1.0427,0.0977491351437136,0.6951,2.0664,0.2427030316341031,2.0312,0,0
SO_BORAMA,SO,Awdal,Borama,True,202401,7,0,,3.1,49.13,0.8475,,0.4802,0.8092,,0.9747,0.4884,,-3.4585,1.9209,,1.3482,0,0
SO_BORAMA,SO,Awdal,Borama,True,202402,0,0,-2.079441541679836,2.9,42.53,0.8475,0.0,0.4762,0.7988,-0.0129355037519303,0.7565,0.8669,0.5737888876380451,-0.3743,1.9209,0.0,1.1899,1,0
SO_BORAMA,SO,Awdal,Borama,True,202403,1,0,0.6931471805599453,21.98,42.42,0.8475,0.0,0.6272,0.791,-0.0098126337740061,0.4727,0.9153,0.0543282505161389,-0.1277,1.9209,0.0,0.9864,1,0
SO_BORAMA,SO,Awdal,Borama,True,202404,0,0,-0.6931471805599453,69.18,49.36,0.8362,-0.0134230203321406,0.413,0.802,0.0138106400988606,0.5023,0.9253,0.0108661288642509,0.1658,1.9184,-0.0013023209196163,0.5842,3,0
SO_BORAMA,SO,Awdal,Borama,True,202405,2,0,1.0986122886681098,17.42,42.05,0.8108,-0.0308464043446197,-0.2444,0.804,0.0024906613124518,0.4329,0.9234,-0.002055499182096,-0.047,1.9143,-0.002139484730839,0.8465,1,0
SO_BORAMA,SO,Awdal,Borama,True,202406,1,0,-0.4054651081081645,12.43,34.19,0.809,-0.0022224975193531,-0.2279,0.8022,-0.0022413158430139,0.2135,0.9213,-0.0022767939580021,0.0192,1.9101,-0.0021964238513214,1.0351,2,2
SO_BORAMA,SO,Awdal,Borama,True,202407,2,0,0.4054651081081645,92.39,54.75,0.7855,-0.0294784593628159,-0.4391,0.7636,-0.04931386148436,-0.1197,0.8945,-0.0295208131661125,-0.0083,1.8545,-0.0295404787614438,0.8593,0,0
SO_BORAMA,SO,Awdal,Borama,True,202408,0,0,-1.0986122886681098,153.36,71.27,0.8065,0.0263834398695877,-0.418,0.8065,0.0546598057136711,0.9109,0.8658,-0.0326109679408935,-0.4485,1.828,-0.0143926449155501,0.8308,0,0
SO_BORAMA,SO,Awdal,Borama,True,202409,2,0,1.0986122886681098,59.35,68.85,0.7971,-0.011723756131386,-0.4821,0.7971,-0.011723756131386,0.5817,0.8503,-0.0180647066161334,-0.6362,1.1911,-0.4283452231272401,-0.9079,0,0
SO_BORAMA,SO,Awdal,Borama,True,202410,0,0,-1.0986122886681098,65.38,65.5,0.7673,-0.038102282250258,-0.4076,0.8083,0.0139531353059211,1.2698,0.8553,0.0058630561949891,-0.0199,1.2073,0.0135092114514864,-0.7014,1,0
SO_BORAMA,SO,Awdal,Borama,True,202411,1,0,0.6931471805599453,6.71,55.22,0.8274,0.0754103948436916,0.5125,0.9456,0.156886369912035,3.3321,0.9625,0.1180817815752033,1.1209,1.7899,0.3937732910141125,1.1073,1,0
SO_BORAMA,SO,Awdal,Borama,True,202412,0,0,-0.6931471805599453,2.83,49.8,0.8863,0.068767239717041,0.9865,0.9384,-0.007643349312568,3.0532,1.0427,0.080034715633608,2.3457,2.0782,0.1493423820660919,1.8936,1,0
SO_BOSSASO,SO,Bari,Bossaso,True,202401,11,3,,0.39,58.71,0.8,,-0.0101,0.8,,1.3569,0.3,,-3.3672,1.3419,,-0.3365,2,1
SO_BOSSASO,SO,Bari,Bossaso,True,202402,11,1,0.0,0.68,54.05,0.8,0.0,-0.1395,0.8,0.0,1.3277,0.9172,1.1175430763275485,-0.4417,1.5138,0.1205365257681548,-0.0069,2,1
SO_BOSSASO,SO,Bari,Bossaso,True,202403,2,0,-1.3862943611198906,2.1,51.66,0.7097,-0.1197693821369901,-1.361,0.7661,-0.043299018145152,1.0542,1.0097,0.096082985026526,-0.0399,1.6,0.0553805833528056,0.1237,5,1
SO_BOSSASO,SO,Bari,Bossaso,True,202404,0,0,-1.0986122886681098,16.17,51.85,0.7233,0.0189817283242978,-1.5787,0.8,0.043299018145152,1.2568,1.0,-0.0096532570281383,-0.1666,1.6,0.0,-0.4647,8,2
SO_BOSSASO,SO,Bari,Bossaso,True,202405,8,26,2.19722457733622,21.51,52.66,0.7306,0.010042040505947,-1.3745,0.8,0.0,1.2096,0.9774,-0.0228592941460825,-0.3057,1.5548,-0.0286567092498046,-0.2884,2,0
SO_BOSSASO,SO,Bari,Bossaso,True,202406,5,0,-0.4054651081081646,4.4,49.02,0.7967,0.0866120820251381,-0.4273,0.8,0.0,1.1394,1.0,0.0228592941460825,-0.1424,1.6,0.0286567092498046,-0.1525,6,5
SO_BOSSASO,SO,Bari,Bossaso,True,202407,3,0,-0.4054651081081644,0.86,53.8,0.8,0.004133531281607,-0.7027,0.8,0.0,1.0117,1.0,0.0,-0.3229,1.6,0.0,-0.2363,9,1
SO_BOSSASO,SO,Bari,Bossaso,True,202408,4,0,0.2231435513142097,8.22,56.0,0.9,0.1177830356563834,0.6446,0.8222,0.0273719467958507,1.1215,1.1,0.0953101798043249,0.231,1.5778,-0.0139721575668834,-0.3737,4,0
SO_BOSSASO,SO,Bari,Bossaso,True,202409,2,0,-0.5108256237659905,8.99,53.22,0.8759,-0.0271428341552674,0.1137,0.8517,0.0352506776832571,1.2628,1.0759,-0.0221526591865984,-0.4781,1.6207,0.0268266830030846,-0.3041,2,0
SO_BOSSASO,SO,Bari,Bossaso,True,202410,2,0,0.0,12.84,42.41,0.844,-0.0370994345730862,-0.3529,0.9,0.0551604111772755,1.7046,1.212,0.1191143670293961,0.399,1.544,-0.0484817030793524,-0.3859,6,2
SO_BOSSASO,SO,Bari,Bossaso,True,202411,5,0,0.6931471805599452,1.56,41.09,0.9233,0.0898017141826251,0.8902,0.79,-0.1303618178632435,0.921,0.9667,-0.2261389571587,-1.0685,1.51,-0.0222668007757514,-0.3038,1,0
SO_BOSSASO,SO,Bari,Bossaso,True,202412,3,0,-0.4054651081081644,6.54,41.53,0.8364,-0.0988472412241036,-0.3512,0.7,-0.1209526104176626,0.3432,0.9,-0.0714934461462489,-0.5556,1.5318,0.0143338636665231,-0.1423,5,5
SO_BUAALE,SO,Jubbada Dhexe,Bu'aale,False,202401,0,0,,1.23,50.24,,,,,,,,,,,,,0,0
SO_BUAALE,SO,Jubbada Dhexe,Bu'aale,False,202402,1,20,0.6931471805599453,2.05,40.75,,,,,,,,,,,,,0,0
SO_BUAALE,SO,Jubbada Dhexe,Bu'aale,False,202403,0,0,-0.6931471805599453,14.32,44.93,,,,,,,,,,,,,0,0
SO_BUAALE,SO,Jubbada Dhexe,Bu'aale,False,202404,0,0,0.0,267.65,64.47,,,,,,,,,,,,,4,2
SO_BUAALE,SO,Jubbada Dhexe,Bu'aale,False,202405,0,0,0.0,43.89,49.73,,,,,,,,,,,,,0,0
SO_BUAALE,SO,Jubbada Dhexe,Bu'aale,False,202406,0,0,0.0,46.17,34.86,,,,,,,,,,,,,0,0
SO_BUAALE,SO,Jubbada Dhexe,Bu'aale,False,202407,1,0,0.6931471805599453,40.81,31.53,,,,,,,,,,,,,0,0
SO_BUAALE,SO,Jubbada Dhexe,Bu'aale,False,202408,0,0,-0.6931471805599453,25.01,36.52,,,,,,,,,,,,,0,0
SO_BUAALE,SO,Jubbada Dhexe,Bu'aale,False,202409,0,0,0.0,14.32,44.24,,,,,,,,,,,,,0,0
SO_BUAALE,SO,Jubbada Dhexe,Bu'aale,False,202410,0,0,0.0,19.24,31.32,,,,,,,,,,,,,0,0
SO_BUAALE,SO,Jubbada Dhexe,Bu'aale,False,202411,0,0,0.0,212.52,32.81,,,,,,,,,,,,,0,0
SO_BUAALE,SO,Jubbada Dhexe,Bu'aale,False,202412,1,0,0.6931471805599453,4.28,34.47,,,,,,,,,,,,,0,0
SO_BULO_BURTO,SO,Hiiraan,Bulo Burto,True,202401,7,9,,1.82,57.46,1.1,,1.9555,1.1,,1.6314,0.5677,,-3.1896,2.0,,0.0835,3,1
SO_BULO_BURTO,SO,Hiiraan,Bulo Burto,True,202402,9,9,0.2231435513142101,0.97,60.28,1.0586,-0.0383628993625748,1.556,1.0724,-0.0254110524246577,1.2902,1.5069,0.9762167292474282,1.1749,1.9724,-0.0138961051921113,-0.086,0,0
SO_BULO_BURTO,SO,Hiiraan,Bulo Burto,True,202403,8,2,-0.1053605156578263,5.29,59.8,0.8,-0.2800908317559598,-0.4284,0.9,-0.1752596430374934,-0.3319,1.5,-0.0045894523338071,0.7161,1.8,-0.0914644104657148,-1.1384,1,1
SO_BULO_BURTO,SO,Hiiraan,Bulo Burto,True,202404,11,35,0.2876820724517808,102.1,70.99,0.8467,0.0567347129803041,-0.3496,0.9793,0.0844432674024379,-0.0911,1.22,-0.2066142493629992,-0.7526,1.7067,-0.0532249834595446,-1.6605,2,0
SO_BULO_BURTO,SO,Hiiraan,Bulo Burto,True,202405,5,4,-0.6931471805599454,82.17,72.65,0.8677,0.0244995921512125,-0.2418,1.0677,0.086424050457508,0.739,1.1645,-0.0465590484029064,-1.053,1.5484,-0.0973395417212184,-1.8847,0,0
SO_BULO_BURTO,SO,Hiiraan,Bulo Burto,True,202406,3,0,-0.4054651081081644,3.02,58.82,0.8,-0.0812343051315167,-0.5954,0.918,-0.1510646905637662,-0.3613,1.17,0.0047119384674059,-0.8323,1.85,0.1779634993688775,-1.0344,0,0
SO_BULO_BURTO,SO,Hiiraan,Bulo Burto,True,202407,20,40,1.6582280766035324,12.95,54.35,0.8,0.0,-0.6606,0.84,-0.0887954987831312,-0.9564,1.2,0.0253178079842898,-0.7924,2.0,0.0779615414697117,-0.4107,1,0
SO_BULO_BURTO,SO,Hiiraan,Bulo Burto,True,202408,8,2,-0.8472978603872034,13.77,57.15,0.8,0.0,-0.6767,0.84,0.0,-0.9917,1.2,0.0,-0.8427,2.0,0.0,-0.4655,0,0
SO_BULO_BURTO,SO,Hiiraan,Bulo Burto,True,202409,10,0,0.2006706954621511,2.44,58.66,0.7879,-0.0152405494162848,-0.7615,0.7869,-0.0653007162964215,-1.2397,1.0914,-0.0948602810239601,-1.1952,1.8938,-0.0545617879926826,-0.6597,0,0
SO_BULO_BURTO,SO,Hiiraan,Bulo Burto,True,202410,6,7,-0.4519851237430574,21.72,43.36,0.75,-0.0492979717212863,-1.0683,0.8,0.0165105521269895,-1.0477,0.9,-0.1928217914278207,-2.2259,1.83,-0.0342694257139331,-1.2127,0,0
SO_BULO_BURTO,SO,Hiiraan,Bulo Burto,True,202411,3,1,-0.5596157879354227,51.75,37.23,0.7167,-0.0454158635304826,-1.3349,0.8,0.0,-1.1409,1.03,0.1349193178993707,-1.718,1.7117,-0.066828938133848,-1.4221,0,0
SO_BULO_BURTO,SO,Hiiraan,Bulo Burto,True,202412,1,0,-0.6931471805599453,1.64,30.89,0.7636,0.0633867488517189,-1.3516,0.9273,0.147665410138253,-0.4369,1.2,0.1527627545524101,0.1597,1.6636,-0.0285030998328619,-0.8421,0,0
SO_BURCO,SO,Togdheer,Burco,True,202401,4,3,,1.83,63.43,0.8475,,0.4598,0.8475,,1.824,0.5267,,-3.4344,1.9774,,1.3626,0,0
SO_BURCO,SO,Togdheer,Burco,True,202402,0,0,-1.6094379124341005,2.07,53.79,0.8475,0.0,0.4938,0.8475,0.0,1.8569,0.8085,0.428549552527818,-0.5953,1.9774,0.0,1.4276,2,1
SO_BURCO,SO,Togdheer,Burco,True,202403,1,0,0.6931471805599453,6.43,48.76,0.8475,0.0,0.559,0.8475,0.0,1.5708,0.8526,0.0531098253139484,-0.1961,1.9774,0.0,1.1886,2,2
SO_BURCO,SO,Togdheer,Burco,True,202404,0,0,-0.6931471805599453,66.26,57.2,0.8463,-0.0014169325785449,0.3353,0.8514,0.0045912141394466,1.6576,0.8748,0.0257047844715028,0.062,1.9748,-0.0013157230783247,0.873,4,3
SO_BURCO,SO,Togdheer,Burco,True,202405,3,1,1.3862943611198906,67.26,60.21,0.8445,-0.0021291704282055,0.6709,0.8614,0.0116769192259582,1.7355,0.8729,-0.0021742870613087,0.4955,1.9706,-0.0021290624963338,0.4014,1,1
SO_BURCO,SO,Togdheer,Burco,True,202406,4,7,0.2231435513142097,7.38,46.74,0.8427,-0.0021337134695471,0.6636,0.8596,-0.0020918078516548,1.3187,0.871,-0.0021790248888013,0.2724,1.9663,-0.0021844607228628,0.1989,2,1
SO_BURCO,SO,Togdheer,Burco,True,202407,1,0,-0.916290731874155,7.87,35.91,0.8182,-0.0295042172830094,0.5171,0.7855,-0.0901467070726796,0.482,0.8457,-0.0294772900643262,0.1071,1.9091,-0.0295216773648976,0.502,3,0
SO_BURCO,SO,Togdheer,Burco,True,202408,0,0,-0.6931471805599453,12.98,48.22,0.8065,-0.0144029079300346,0.3163,0.8065,0.0263834398695877,0.8155,0.8335,-0.0145309845973278,0.1063,1.8817,-0.0144563032500149,0.4007,1,0
SO_BURCO,SO,Togdheer,Burco,True,202409,0,0,0.0,13.09,63.32,0.7971,-0.011723756131386,-0.0005,0.7971,-0.011723756131386,0.5789,0.843,0.0113332558110067,0.3867,1.193,-0.4557044804526826,-2.5999,1,1
SO_BURCO,SO,Togdheer,Burco,True,202410,1,0,0.6931471805599453,42.96,52.24,0.7673,-0.038102282250258,-0.1701,0.7673,-0.038102282250258,0.8327,0.8185,-0.0294935611906658,0.3598,1.2073,0.0119153182404255,-1.8884,2,2
SO_BURCO,SO,Togdheer,Burco,True,202411,0,0,-0.6931471805599453,7.27,43.93,0.8274,0.0754103948436916,0.5988,0.8612,0.1154489063065884,2.3248,0.9456,0.1443462498406441,1.7959,1.7899,0.3937732910141125,0.8567,1,0
SO_BURCO,SO,Togdheer,Burco,True,202412,0,0,0.0,1.65,39.17,0.8863,0.068767239717041,0.6697,0.9384,0.0858495318490577,3.0254,1.0427,0.0977491351437136,2.9309,2.0782,0.1493423820660919,1.885,6,5
SO_BURTINLE,SO,Nugaal,Burtinle,True,202401,0,0,,1.06,39.67,0.8887,,0.7363,0.85,,0.1089,0.3323,,-2.9067,1.6355,,-0.142,0,0
SO_BURTINLE,SO,Nugaal,Burtinle,True,202402,0,0,0.0,1.13,36.06,0.9,0.0126350425798811,1.9895,0.8379,-0.0143375878651213,0.992,1.0172,1.118770858187416,0.8142,1.5621,-0.0459174981414755,0.3412,0,0
SO_BURTINLE,SO,Nugaal,Burtinle,True,202403,0,0,0.0,3.03,45.13,0.7758,-0.1485000083184439,0.1366,0.8613,0.0275441141758871,1.597,1.0194,0.0021604643579767,0.8678,1.7242,0.0987321049388614,0.9699,1,1
SO_BURTINLE,SO,Nugaal,Burtinle,True,202404,0,0,0.0,23.14,53.33,0.8117,0.0452360587612631,0.7636,0.8,-0.0738311481272005,1.4951,1.0,-0.0192142189238043,1.2187,1.6,-0.0747595455479518,1.2828,1,0
SO_BURTINLE,SO,Nugaal,Burtinle,True,202405,0,0,0.0,105.25,60.24,0.8,-0.0145190860992026,-1.1456,0.8,0.0,-2.0632,1.0,0.0,0.3014,1.6452,0.0278583281283963,-0.8551,0,0
SO_BURTINLE,SO,Nugaal,Burtinle,True,202406,0,0,0.0,1.33,46.71,0.8583,0.0703419610562468,-0.0188,0.8,0.0,-1.1825,1.0,0.0,0.2913,1.6,-0.0278583281283963,-1.233,2,1
SO_BURTINLE,SO,Nugaal,Burtinle,True,202407,0,0,0.0,0.11,36.87,0.85,-0.0097173392398121,0.683,0.8,0.0,-0.4772,1.0,0.0,0.0689,1.6,0.0,-0.445,0,0
SO_BURTINLE,SO,Nugaal,Burtinle,True,202408,0,0,0.0,0.93,45.03,0.8389,-0.0131448396321132,0.4326,0.8,0.0,-0.4772,1.0,0.0,0.2496,1.5778,-0.0139721575668834,-0.5439,1,0
SO_BURTINLE,SO,Nugaal,Burtinle,True,202409,2,1,1.0986122886681098,4.29,44.89,0.7759,-0.0780678639523452,-0.72,0.8,0.0,-0.4772,1.0,0.0,0.2496,1.5724,-0.0034283571132839,-0.5677,0,0
SO_BURTINLE,SO,Nugaal,Burtinle,True,202410,1,0,-0.4054651081081645,77.03,42.46,0.8,0.0305880817680236,-0.6213,0.8,0.0,-0.4772,1.0,0.0,0.2496,1.7,0.0780251364966021,-0.0502,3,1
SO_BURTINLE,SO,Nugaal,Burtinle,True,202411,0,0,-0.6931471805599453,4.11,36.71,0.8,0.0,-0.2186,0.8,0.0,-0.4772,1.0,0.0,0.2496,1.7433,0.0251516177048621,0.1409,0,0
SO_BURTINLE,SO,Nugaal,Burtinle,True,202412,0,0,0.0,0.74,29.41,0.8,0.0,-0.2049,0.8,0.0,-0.585,1.0,0.0,1.8277,1.8318,0.0495192212197176,0.5363,1,1
SO_BUUHOODLE,SO,Togdheer,Buuhoodle,False,202401,2,0,,0.91,54.0,,,,,,,,,,,,,1,1
SO_BUUHOODLE,SO,Togdheer,Buuhoodle,False,202402,0,0,-1.0986122886681098,1.2,54.2,,,,,,,,,,,,,2,0
SO_BUUHOODLE,SO,Togdheer,Buuhoodle,False,202403,0,0,0.0,4.78,48.19,,,,,,,,,,,,,4,3
SO_BUUHOODLE,SO,Togdheer,Buuhoodle,False,202404,1,0,0.6931471805599453,46.96,57.1,,,,,,,,,,,,,0,0
SO_BUUHOODLE,SO,Togdheer,Buuhoodle,False,202405,4,2,0.916290731874155,67.66,71.21,,,,,,,,,,,,,0,0
SO_BUUHOODLE,SO,Togdheer,Buuhoodle,False,202406,1,0,-0.916290731874155,1.68,58.52,,,,,,,,,,,,,3,2
SO_BUUHOODLE,SO,Togdheer,Buuhoodle,False,202407,1,0,0.0,2.58,48.6,,,,,,,,,,,,,5,0
SO_BUUHOODLE,SO,Togdheer,Buuhoodle,False,202408,1,0,0.0,2.0,53.46,,,,,,,,,,,,,2,0
SO_BUUHOODLE,SO,Togdheer,Buuhoodle,False,202409,2,2,0.4054651081081645,6.41,59.71,,,,,,,,,,,,,0,0
SO_BUUHOODLE,SO,Togdheer,Buuhoodle,False,202410,5,6,0.6931471805599452,81.83,54.83,,,,,,,,,,,,,1,0
SO_BUUHOODLE,SO,Togdheer,Buuhoodle,False,202411,7,31,0.2876820724517808,3.35,51.22,,,,,,,,,,,,,3,1
SO_BUUHOODLE,SO,Togdheer,Buuhoodle,False,202412,6,0,-0.1335313926245225,2.9,40.59,,,,,,,,,,,,,2,2
SO_BUUR_XAKABA,SO,Bay,Buur Xakaba,False,202401,2,0,,0.94,51.82,,,,,,,,,,,,,4,3
SO_BUUR_XAKABA,SO,Bay,Buur Xakaba,False,202402,1,3,-0.4054651081081645,1.08,50.67,,,,,,,,,,,,,3,1
SO_BUUR_XAKABA,SO,Bay,Buur Xakaba,False,202403,2,0,0.4054651081081645,6.49,55.83,,,,,,,,,,,,,5,2
SO_BUUR_XAKABA,SO,Bay,Buur Xakaba,False,202404,2,10,0.0,216.55,67.69,,,,,,,,,,,,,4,0
SO_BUUR_XAKABA,SO,Bay,Buur Xakaba,False,202405,1,2,-0.4054651081081645,47.16,56.98,,,,,,,,,,,,,5,3
SO_BUUR_XAKABA,SO,Bay,Buur Xakaba,False,202406,2,1,0.4054651081081645,25.4,38.4,,,,,,,,,,,,,3,1
SO_BUUR_XAKABA,SO,Bay,Buur Xakaba,False,202407,3,0,0.2876820724517808,23.58,36.86,,,,,,,,,,,,,0,0
SO_BUUR_XAKABA,SO,Bay,Buur Xakaba,False,202408,3,0,0.0,24.22,42.8,,,,,,,,,,,,,1,1
SO_BUUR_XAKABA,SO,Bay,Buur Xakaba,False,202409,1,2,-0.6931471805599453,8.28,47.38,,,,,,,,,,,,,0,0
SO_BUUR_XAKABA,SO,Bay,Buur Xakaba,False,202410,1,0,0.0,20.31,31.46,,,,,,,,,,,,,2,1
SO_BUUR_XAKABA,SO,Bay,Buur Xakaba,False,202411,1,0,0.0,115.24,30.27,,,,,,,,,,,,,2,1
SO_BUUR_XAKABA,SO,Bay,Buur Xakaba,False,202412,1,0,0.0,2.03,28.89,,,,,,,,,,,,,6,3
SO_CABUDWAAQ,SO,Galguduud,Cabudwaaq,True,202401,1,2,,1.18,58.77,0.72,,0.6624,0.68,,1.2196,0.3,,-2.7515,1.5,,0.5211,4,3
SO_CABUDWAAQ,SO,Galguduud,Cabudwaaq,True,202402,0,0,-0.6931471805599453,1.7,52.84,0.72,0.0,0.793,0.68,0.0,1.2196,0.869,1.063560650609191,0.5701,1.5,0.0,0.5211,4,2
SO_CABUDWAAQ,SO,Galguduud,Cabudwaaq,True,202403,1,1,0.6931471805599453,3.79,40.85,0.72,0.0,-0.163,0.68,0.0,0.8213,0.96,0.0995901591964898,0.8108,1.5,0.0,0.6356,3,2
SO_CABUDWAAQ,SO,Galguduud,Cabudwaaq,True,202404,5,13,1.0986122886681096,115.96,47.61,0.7373,0.0237436529855039,0.42,0.7593,0.1103041580490356,-0.4635,0.8953,-0.0697744268217716,0.0317,1.3833,-0.0809931592095318,-0.7143,3,2
SO_CABUDWAAQ,SO,Galguduud,Cabudwaaq,True,202405,7,7,0.2876820724517808,109.89,61.46,0.7,-0.0519145299522002,-0.2262,0.75,-0.0123237496888318,-0.8955,0.9,0.0052359056842004,-0.1725,1.4387,0.0392679791622178,-0.4414,5,4
SO_CABUDWAAQ,SO,Galguduud,Cabudwaaq,True,202406,4,77,-0.4700036292457354,1.26,56.12,0.7467,0.0645831629982514,-0.0691,0.8667,0.1446196896099431,-0.1301,0.8067,-0.1094429113813821,-0.7763,1.2133,-0.17039600798516,-0.7974,4,3
SO_CABUDWAAQ,SO,Galguduud,Cabudwaaq,True,202407,3,16,-0.2231435513142097,2.63,49.92,0.8,0.0689482296262712,-0.7427,1.0,0.1430623828418377,0.8204,0.7,-0.141871516899524,-1.6055,1.0,-0.1933439200756903,-0.789,7,0
SO_CABUDWAAQ,SO,Galguduud,Cabudwaaq,True,202408,7,12,0.6931471805599452,3.63,44.35,0.8,0.0,-0.6773,1.0,0.0,0.6772,0.7,0.0,-1.6215,1.0,0.0,-1.0364,8,3
SO_CABUDWAAQ,SO,Galguduud,Cabudwaaq,True,202409,5,41,-0.2876820724517808,4.52,34.68,0.7228,-0.1014791689498539,-1.3072,0.691,-0.3696154552144672,-1.6632,0.951,0.3064337275019856,-0.1457,1.4828,0.3939321922944401,-0.601,4,3
SO_CABUDWAAQ,SO,Galguduud,Cabudwaaq,True,202410,4,8,-0.1823215567939546,31.61,31.08,0.72,-0.0038813467079724,-1.2192,0.68,-0.0160470255975173,-1.7434,0.96,0.0094192219164916,-0.3154,1.5,0.0115329158137242,-0.5622,10,9
SO_CABUDWAAQ,SO,Galguduud,Cabudwaaq,True,202411,2,2,-0.5108256237659905,14.56,30.13,0.7133,-0.0093491227261084,-1.2553,0.6933,0.0193700077782923,-1.7676,0.96,0.0,-0.467,1.5,0.0,-0.5622,6,5
SO_CABUDWAAQ,SO,Galguduud,Cabudwaaq,True,202412,0,0,-1.0986122886681098,0.86,26.05,0.71,-0.0046371192486314,-1.3223,0.7,0.0096175290949598,-1.7434,0.96,0.0,1.3201,1.5,0.0,-0.486,5,5
SO_CADAADO,SO,Galguduud,Cadaado,True,202401,0,0,,2.06,65.42,0.9774,,0.6941,1.0548,,1.0748,0.2774,,-2.1487,2.529,,1.0436,2,1
SO_CADAADO,SO,Galguduud,Cadaado,True,202402,0,0,0.0,0.74,66.33,0.9848,0.0075425900341892,0.7427,1.0862,0.0293341911216133,1.4111,0.9517,1.2327893511975665,0.1625,2.7586,0.0868993369714544,1.5692,1,1
SO_CADAADO,SO,Galguduud,Cadaado,True,202403,1,0,0.6931471805599453,3.68,54.78,0.9419,-0.0445394630414723,0.1549,0.9774,-0.1055446607646904,0.2095,1.1355,0.1765785024673154,0.5683,2.4323,-0.1258859928998388,0.9614,2,2
SO_CADAADO,SO,Galguduud,Cadaado,True,202404,2,1,0.4054651081081645,92.91,53.84,0.9733,0.0327932476036765,-0.7053,0.888,-0.0959242418438844,-0.4569,1.1267,-0.0077800763754928,0.0686,2.19,-0.1049357679310343,-0.6216,7,5
SO_CADAADO,SO,Galguduud,Cadaado,True,202405,0,0,-1.0986122886681098,68.29,59.64,0.95,-0.0242303748378615,-0.9471,0.72,-0.2097205309820691,-1.6851,0.8,-0.3424365575021929,-1.4566,2.4,0.0915671935254904,-0.3267,5,3
SO_CADAADO,SO,Galguduud,Cadaado,True,202406,0,0,0.0,1.6,50.18,1.0667,0.1158630650368506,-0.1969,0.804,0.1103480571688654,-1.4435,0.8933,0.110310743039866,-1.1024,1.98,-0.192371892647456,-1.1137,5,3
SO_CADAADO,SO,Galguduud,Cadaado,True,202407,0,0,0.0,1.52,45.71,1.2,0.1177517861446545,1.8049,0.9,0.1127954941453443,-0.8123,1.0,0.1128328082743436,-0.3223,1.5,-0.2776317365982794,-1.025,2,1
SO_CADAADO,SO,Galguduud,Cadaado,True,202408,2,2,1.0986122886681098,2.24,48.35,1.2,0.0,1.5403,0.9,0.0,-0.8797,1.0,0.0,-0.5094,1.5,0.0,-0.8464,5,1
SO_CADAADO,SO,Galguduud,Cadaado,True,202409,3,14,0.2876820724517808,3.2,42.04,0.9466,-0.237200218303944,0.531,0.7697,-0.1563939347840389,-1.5102,0.9034,-0.1015898557616332,-0.5073,2.369,0.4570028170684841,0.8789,2,0
SO_CADAADO,SO,Galguduud,Cadaado,True,202410,2,6,-0.2876820724517808,22.75,36.04,0.9,-0.0504818541478368,0.6934,0.72,-0.0667496165301708,-1.6187,1.0,0.1015898557616332,0.1559,1.5,-0.4570028170684841,-0.8365,5,5
SO_CADAADO,SO,Galguduud,Cadaado,True,202411,0,0,-1.0986122886681098,8.4,30.79,0.9,0.0,0.687,0.72,0.0,-1.6286,1.0,0.0,0.2363,1.5,0.0,-0.8405,1,1
SO_CADAADO,SO,Galguduud,Cadaado,True,202412,0,0,0.0,0.51,28.11,0.9,0.0,1.0374,0.8918,0.2139906801832753,-0.7979,1.1909,0.1747093237918131,2.1019,1.7864,0.1747373134356467,-0.3817,2,2
SO_CADALE,SO,Shabeellaha Dhexe,Cadale,True,202401,1,0,,1.91,47.67,0.99,,1.2172,1.09,,1.1907,0.49,,-2.6323,1.79,,0.8822,0,0
SO_CADALE,SO,Shabeellaha Dhexe,Cadale,True,202402,1,8,0.0,1.43,48.02,0.8866,-0.1103110208176823,0.6785,0.98,-0.1063804035585718,0.9818,0.9896,0.7028954299736059,-0.0613,1.7,-0.0515873687904933,0.7938,1,0
SO_CADALE,SO,Shabeellaha Dhexe,Cadale,True,202403,1,0,0.0,7.16,47.66,0.8,-0.1027821946430258,0.1533,0.85,-0.1423162221802554,0.4069,1.0,0.0104544579038588,0.332,1.7,0.0,0.5673,0,0
SO_CADALE,SO,Shabeellaha Dhexe,Cadale,True,202404,0,0,-0.6931471805599453,89.8,50.91,0.7762,-0.0302015087331213,-1.5904,0.8147,-0.042416402167766,-1.2698,1.0,0.0,0.2697,1.6524,-0.0283994745216978,-0.752,0,0
SO_CADALE,SO,Shabeellaha Dhexe,Cadale,True,202405,0,0,0.0,48.25,47.14,0.7604,-0.0205656083205318,-1.1118,0.8302,0.0188466883023423,-0.8811,1.0,0.0,0.2394,1.6208,-0.0193089220281905,-0.661,0,0
SO_CADALE,SO,Shabeellaha Dhexe,Cadale,True,202406,3,6,1.3862943611198906,18.64,47.02,0.7,-0.0827642755708694,-1.0113,0.8,-0.0370549079510111,-0.7878,1.0,0.0,0.4223,1.5,-0.0774547464041175,-0.7083,0,0
SO_CADALE,SO,Shabeellaha Dhexe,Cadale,True,202407,0,0,-1.3862943611198906,25.1,41.94,0.7,0.0,-0.3105,0.8,0.0,0.1346,1.0,0.0,0.1769,1.5,0.0,-0.1537,1,0
SO_CADALE,SO,Shabeellaha Dhexe,Cadale,True,202408,0,0,0.0,23.41,35.84,0.7,0.0,-0.6286,0.8,0.0,-0.072,1.0,0.0,0.1797,1.5,0.0,-0.7257,0,0
SO_CADALE,SO,Shabeellaha Dhexe,Cadale,True,202409,0,0,0.0,1.96,36.89,0.9411,0.2959690688213376,0.8297,0.8651,0.0782333795184012,0.0177,1.0482,0.0470744073859288,0.2307,1.3071,-0.1376541652987953,-1.1333,0,0
SO_CADALE,SO,Shabeellaha Dhexe,Cadale,True,202410,2,4,1.0986122886681098,18.88,30.35,1.0,0.0607058751173948,1.2392,0.89,0.0283763555398569,0.0807,1.0,-0.0470744073859288,0.0077,1.1,-0.172500763005044,-1.4783,1,1
SO_CADALE,SO,Shabeellaha Dhexe,Cadale,True,202411,1,10,-0.4054651081081645,53.91,29.74,1.0,0.0,1.2056,0.89,0.0,0.0185,1.0,0.0,-0.0996,1.1,0.0,-1.446,0,0
SO_CADALE,SO,Shabeellaha Dhexe,Cadale,True,202412,2,37,0.4054651081081645,5.8,27.74,0.8066,-0.2149273965428693,-0.405,0.7675,-0.1480829832648333,-0.376,1.0,0.0,0.2542,1.2773,0.1494382952622692,-0.5797,0,0
SO_CALAWLA,SO,Bari,Calawla,False,202401,0,0,,2.49,56.29,,,,,,,,,,,,,0,0
SO_CALAWLA,SO,Bari,Calawla,False,202402,2,1,1.0986122886681098,0.31,52.93,,,,,,,,,,,,,0,0
SO_CALAWLA,SO,Bari,Calawla,False,202403,0,0,-1.0986122886681098,3.72,53.48,,,,,,,,,,,,,0,0
SO_CALAWLA,SO,Bari,Calawla,False,202404,0,0,0.0,8.4,49.5,,,,,,,,,,,,,0,0
SO_CALAWLA,SO,Bari,Calawla,False,202405,0,0,0.0,10.52,48.84,,,,,,,,,,,,,1,0
SO_CALAWLA,SO,Bari,Calawla,False,202406,0,0,0.0,1.03,52.02,,,,,,,,,,,,,0,0
SO_CALAWLA,SO,Bari,Calawla,False,202407,0,0,0.0,0.46,55.72,,,,,,,,,,,,,0,0
SO_CALAWLA,SO,Bari,Calawla,False,202408,0,0,0.0,4.98,54.82,,,,,,,,,,,,,0,0
SO_CALAWLA,SO,Bari,Calawla,False,202409,0,0,0.0,4.44,47.39,,,,,,,,,,,,,0,0
SO_CALAWLA,SO,Bari,Calawla,False,202410,0,0,0.0,3.42,42.67,,,,,,,,,,,,,0,0
SO_CALAWLA,SO,Bari,Calawla,False,202411,0,0,0.0,33.53,43.65,,,,,,,,,,,,,2,0
SO_CALAWLA,SO,Bari,Calawla,False,202412,0,0,0.0,11.7,44.45,,,,,,,,,,,,,1,1
SO_CAYNABO,SO,Sool,Caynabo,False,202401,3,1,,1.84,55.39,,,,,,,,,,,,,0,0
SO_CAYNABO,SO,Sool,Caynabo,False,202402,0,0,-1.3862943611198906,1.32,52.85,,,,,,,,,,,,,1,0
SO_CAYNABO,SO,Sool,Caynabo,False,202403,1,0,0.6931471805599453,4.35,52.74,,,,,,,,,,,,,2,2
SO_CAYNABO,SO,Sool,Caynabo,False,202404,2,3,0.4054651081081645,72.82,61.89,,,,,,,,,,,,,1,0
SO_CAYNABO,SO,Sool,Caynabo,False,202405,2,0,0.0,55.78,67.63,,,,,,,,,,,,,3,2
SO_CAYNABO,SO,Sool,Caynabo,False,202406,0,0,-1.0986122886681098,4.52,50.62,,,,,,,,,,,,,1,0
SO_CAYNABO,SO,Sool,Caynabo,False,202407,0,0,0.0,4.62,38.82,,,,,,,,,,,,,2,0
SO_CAYNABO,SO,Sool,Caynabo,False,202408,2,0,1.0986122886681098,5.47,51.61,,,,,,,,,,,,,0,0
SO_CAYNABO,SO,Sool,Caynabo,False,202409,1,0,-0.4054651081081645,11.67,59.34,,,,,,,,,,,,,1,1
SO_CAYNABO,SO,Sool,Caynabo,False,202410,0,0,-0.6931471805599453,44.34,47.82,,,,,,,,,,,,,0,0
SO_CAYNABO,SO,Sool,Caynabo,False,202411,0,0,0.0,8.64,43.64,,,,,,,,,,,,,2,1
SO_CAYNABO,SO,Sool,Caynabo,False,202412,0,0,0.0,1.71,37.43,,,,,,,,,,,,,1,1
SO_CEEL_AFWEIN,SO,Sanaag,Ceel-Afwein,False,202401,2,2,,2.6,52.82,,,,,,,,,,,,,0,0
SO_CEEL_AFWEIN,SO,Sanaag,Ceel-Afwein,False,202402,0,0,-1.0986122886681098,1.47,47.89,,,,,,,,,,,,,0,0
SO_CEEL_AFWEIN,SO,Sanaag,Ceel-Afwein,False,202403,0,0,0.0,5.34,48.04,,,,,,,,,,,,,0,0
SO_CEEL_AFWEIN,SO,Sanaag,Ceel-Afwein,False,202404,0,0,0.0,76.2,59.41,,,,,,,,,,,,,0,0
SO_CEEL_AFWEIN,SO,Sanaag,Ceel-Afwein,False,202405,1,0,0.6931471805599453,83.5,66.44,,,,,,,,,,,,,1,0
SO_CEEL_AFWEIN,SO,Sanaag,Ceel-Afwein,False,202406,0,0,-0.6931471805599453,5.2,56.02,,,,,,,,,,,,,1,0
SO_CEEL_AFWEIN,SO,Sanaag,Ceel-Afwein,False,202407,2,0,1.0986122886681098,3.15,50.83,,,,,,,,,,,,,2,0
SO_CEEL_AFWEIN,SO,Sanaag,Ceel-Afwein,False,202408,0,0,-1.0986122886681098,7.54,57.43,,,,,,,,,,,,,0,0
SO_CEEL_AFWEIN,SO,Sanaag,Ceel-Afwein,False,202409,1,0,0.6931471805599453,23.81,59.91,,,,,,,,,,,,,0,0
SO_CEEL_AFWEIN,SO,Sanaag,Ceel-Afwein,False,202410,0,0,-0.6931471805599453,63.72,47.76,,,,,,,,,,,,,0,0
SO_CEEL_AFWEIN,SO,Sanaag,Ceel-Afwein,False,202411,0,0,0.0,6.55,42.82,,,,,,,,,,,,,0,0
SO_CEEL_AFWEIN,SO,Sanaag,Ceel-Afwein,False,202412,1,0,0.6931471805599453,2.72,39.61,,,,,,,,,,,,,1,1
SO_CEEL_BARDE,SO,Bakool,Ceel Barde,True,202401,0,0,,0.72,58.87,0.8452,,-0.3635,1.0484,,0.8476,0.8,,-1.5465,2.0,,-0.2017,0,0
SO_CEEL_BARDE,SO,Bakool,Ceel Barde,True,202402,0,0,0.0,0.97,58.21,0.7621,-0.1034955050698298,-0.8416,0.9586,-0.0895465847237203,-0.3752,0.9724,0.195155514774041,-1.3134,2.0,0.0,-1.4138,0,0
SO_CEEL_BARDE,SO,Bakool,Ceel Barde,True,202403,0,0,0.0,4.95,54.66,0.7,-0.0849974456286671,-0.348,0.9,-0.0630791234012201,0.0865,1.0,0.0279880365401687,-0.6243,2.0,0.0,-0.3173,0,0
SO_CEEL_BARDE,SO,Bakool,Ceel Barde,True,202404,2,1,1.0986122886681098,163.61,68.29,0.67,-0.0438026226583928,-1.3188,0.8467,-0.0610483226760792,-1.0012,1.0047,0.0046889894861314,-0.5544,2.0467,0.0230815594433212,-0.7088,0,0
SO_CEEL_BARDE,SO,Bakool,Ceel Barde,True,202405,0,0,-1.0986122886681098,62.42,70.54,0.6,-0.1103480571688654,-1.4341,0.8,-0.0567347129803041,-1.1808,1.0419,0.0363569799498695,-0.6882,2.0,-0.0230815594433212,-0.2225,0,0
SO_CEEL_BARDE,SO,Bakool,Ceel Barde,True,202406,3,3,1.3862943611198906,1.01,57.12,0.6467,0.0749528532364008,-0.6935,0.8,0.0,-1.2496,1.0593,0.0165623431843122,-0.1686,2.0,0.0,0.2576,0,0
SO_CEEL_BARDE,SO,Bakool,Ceel Barde,True,202407,0,0,-1.3862943611198906,12.87,58.02,0.7,0.0791978265908574,-1.1516,0.8,0.0,-0.5207,1.0667,0.0069614580289867,-0.6598,2.2,0.0953101798043249,1.5848,0,0
SO_CEEL_BARDE,SO,Bakool,Ceel Barde,True,202408,0,0,0.0,28.86,60.51,0.7044,0.0062660415786465,-0.8025,0.8404,0.049266241302918,-0.3386,1.1144,0.0437463728341588,-1.1461,2.2156,0.0070658868125413,0.9495,0,0
SO_CEEL_BARDE,SO,Bakool,Ceel Barde,True,202409,0,0,0.0,5.96,52.99,0.72,0.0219048353880498,-0.7327,0.8387,-0.0020248949804795,-0.2569,1.1155,0.0009865914069911,-1.1183,2.2,-0.0070658868125413,0.9373,0,0
SO_CEEL_BARDE,SO,Bakool,Ceel Barde,True,202410,0,0,0.0,56.25,40.66,0.7632,0.0582689081239757,-0.6042,0.8888,0.0580191643350544,0.0797,1.2,0.0730188219035045,-0.8779,2.1624,-0.0172386443841695,0.8584,0,0
SO_CEEL_BARDE,SO,Bakool,Ceel Barde,True,202411,2,1,1.0986122886681098,41.88,40.63,0.7757,0.016245727362749,-1.175,0.9,0.0125225249988904,-0.7184,1.206,0.004987541511039,-1.2891,2.038,-0.0592497811795676,0.0929,1,0
SO_CEEL_BARDE,SO,Bakool,Ceel Barde,True,202412,2,0,0.0,0.63,31.57,0.77,-0.0073753326490962,-1.5869,0.9191,0.021000167039753,-1.1371,1.23,0.0197050710793324,0.0695,2.0166,-0.010556009823555,0.1367,1,1
SO_CEEL_BUUR,SO,Galguduud,Ceel Buur,False,202401,5,33,,3.37,46.03,,,,,,,,,,,,,0,0
SO_CEEL_BUUR,SO,Galguduud,Ceel Buur,False,202402,4,3,-0.1823215567939546,1.14,49.5,,,,,,,,,,,,,0,0
SO_CEEL_BUUR,SO,Galguduud,Ceel Buur,False,202403,1,0,-0.916290731874155,6.49,48.44,,,,,,,,,,,,,0,0
SO_CEEL_BUUR,SO,Galguduud,Ceel Buur,False,202404,0,0,-0.6931471805599453,98.62,53.89,,,,,,,,,,,,,0,0
SO_CEEL_BUUR,SO,Galguduud,Ceel Buur,False,202405,0,0,0.0,71.91,58.81,,,,,,,,,,,,,0,0
SO_CEEL_BUUR,SO,Galguduud,Ceel Buur,False,202406,1,1,0.6931471805599453,1.14,53.69,,,,,,,,,,,,,0,0
SO_CEEL_BUUR,SO,Galguduud,Ceel Buur,False,202407,1,3,0.0,5.24,53.14,,,,,,,,,,,,,0,0
SO_CEEL_BUUR,SO,Galguduud,Ceel Buur,False,202408,1,7,0.0,2.66,54.32,,,,,,,,,,,,,0,0
SO_CEEL_BUUR,SO,Galguduud,Ceel Buur,False,202409,2,0,0.4054651081081645,1.67,48.6,,,,,,,,,,,,,0,0
SO_CEEL_BUUR,SO,Galguduud,Ceel Buur,False,202410,1,0,-0.4054651081081645,20.2,36.66,,,,,,,,,,,,,1,0
SO_CEEL_BUUR,SO,Galguduud,Ceel Buur,False,202411,4,1,0.916290731874155,25.54,34.94,,,,,,,,,,,,,0,0
SO_CEEL_BUUR,SO,Galguduud,Ceel Buur,False,202412,3,13,-0.2231435513142097,3.03,27.44,,,,,,,,,,,,,0,0
SO_CEEL_DHEER,SO,Galguduud,Ceel Dheer,False,202401,7,12,,3.4,41.41,,,,,,,,,,,,,0,0
SO_CEEL_DHEER,SO,Galguduud,Ceel Dheer,False,202402,11,48,0.4054651081081646,1.49,42.93,,,,,,,,,,,,,0,0
SO_CEEL_DHEER,SO,Galguduud,Ceel Dheer,False,202403,6,24,-0.5389965007326871,11.04,45.67,,,,,,,,,,,,,1,1
SO_CEEL_DHEER,SO,Galguduud,Ceel Dheer,False,202404,2,1,-0.8472978603872034,100.02,50.06,,,,,,,,,,,,,4,3
SO_CEEL_DHEER,SO,Galguduud,Ceel Dheer,False,202405,10,22,1.2992829841302609,66.67,46.22,,,,,,,,,,,,,1,1
SO_CEEL_DHEER,SO,Galguduud,Ceel Dheer,False,202406,14,198,0.3101549283038394,5.35,40.22,,,,,,,,,,,,,0,0
SO_CEEL_DHEER,SO,Galguduud,Ceel Dheer,False,202407,14,80,0.0,17.99,37.78,,,,,,,,,,,,,0,0
SO_CEEL_DHEER,SO,Galguduud,Ceel Dheer,False,202408,2,10,-1.6094379124341005,18.56,42.54,,,,,,,,,,,,,0,0
SO_CEEL_DHEER,SO,Galguduud,Ceel Dheer,False,202409,3,7,0.2876820724517808,1.39,41.77,,,,,,,,,,,,,0,0
SO_CEEL_DHEER,SO,Galguduud,Ceel Dheer,False,202410,23,211,1.7917594692280552,24.9,36.53,,,,,,,,,,,,,0,0
SO_CEEL_DHEER,SO,Galguduud,Ceel Dheer,False,202411,8,45,-0.9808292530117262,41.97,33.36,,,,,,,,,,,,,0,0
SO_CEEL_DHEER,SO,Galguduud,Ceel Dheer,False,202412,1,2,-1.5040773967762742,4.37,26.39,,,,,,,,,,,,,0,0
SO_CEEL_WAAQ,SO,Gedo,Ceel Waaq,True,202401,1,0,,1.41,48.49,0.8452,,1.141,1.0129,,-0.1261,0.9,,0.3427,2.0,,0.7113,1,1
SO_CEEL_WAAQ,SO,Gedo,Ceel Waaq,True,202402,2,0,0.4054651081081645,2.64,43.34,0.8,-0.0549615580739742,0.9528,0.9,-0.1181780193684406,-0.581,0.9862,0.0914644104657149,0.8259,2.0,0.0,-0.0394,0,0
SO_CEEL_WAAQ,SO,Gedo,Ceel Waaq,True,202403,0,0,-1.0986122886681098,13.5,43.19,0.7458,-0.0701542599232069,0.6021,0.9406,0.0441232061866368,-0.3932,0.9729,-0.0135778718086437,0.6597,1.8194,-0.0946404041541209,-0.7365,1,1
SO_CEEL_WAAQ,SO,Gedo,Ceel Waaq,True,202404,0,0,0.0,234.47,60.36,0.7813,0.0465017312579781,-0.5191,0.9713,0.0321174108973373,-0.8885,0.979,0.0062503405491284,-0.9048,1.86,0.0220697113192855,-0.8199,0,0
SO_CEEL_WAAQ,SO,Gedo,Ceel Waaq,True,202405,0,0,0.0,16.8,50.23,0.8,0.0236525286652287,0.0987,1.2,0.2114414553678067,-0.2089,1.0,0.0212236364516266,-0.9847,2.0,0.0725706928348353,-1.407,0,0
SO_CEEL_WAAQ,SO,Gedo,Ceel Waaq,True,202406,2,0,1.0986122886681098,5.64,39.32,0.8233,0.028708926636453,0.1564,1.144,-0.0477906638363485,-1.4325,1.0,0.0,-0.5962,2.0,0.0,-1.31,0,0
SO_CEEL_WAAQ,SO,Gedo,Ceel Waaq,True,202407,2,3,0.0,11.08,51.98,0.9,0.0890741090199304,1.2945,1.0,-0.134530892957606,-0.4471,1.0,0.0,0.5451,2.0,0.0,-0.5541,3,0
SO_CEEL_WAAQ,SO,Gedo,Ceel Waaq,True,202408,2,0,0.0,19.81,63.98,0.9,0.0,1.0463,1.0,0.0,-0.5702,1.0,0.0,-0.1355,2.0,0.0,-1.318,1,1
SO_CEEL_WAAQ,SO,Gedo,Ceel Waaq,True,202409,5,3,0.6931471805599452,4.3,48.71,0.9,0.0,0.2646,1.0,0.0,-0.6226,1.0,0.0,0.1187,2.0,0.0,-1.3521,0,0
SO_CEEL_WAAQ,SO,Gedo,Ceel Waaq,True,202410,4,0,-0.1823215567939546,13.87,26.53,0.8032,-0.113791014386846,-0.6889,0.9296,-0.0730008928844902,-0.7663,0.9384,-0.0635789816428713,-0.756,1.912,-0.0449973659307357,-1.1352,0,0
SO_CEEL_WAAQ,SO,Gedo,Ceel Waaq,True,202411,3,2,-0.2231435513142097,98.93,26.94,0.68,-0.1665109507673123,-1.6974,0.84,-0.1013524942602875,-1.0804,0.86,-0.0872439080917123,-1.3751,1.8,-0.0603631497270904,-1.1132,2,1
SO_CEEL_WAAQ,SO,Gedo,Ceel Waaq,True,202412,5,4,0.4054651081081644,4.4,21.02,0.68,0.0,-2.0668,0.84,0.0,-1.0159,0.86,0.0,-0.8496,1.8,0.0,-0.7718,1,0
SO_CEERIGAABO,SO,Sanaag,Ceerigaabo,True,202401,0,0,,2.17,51.27,0.8475,,-0.1261,0.8475,,0.2167,0.565,,-0.7609,1.9209,,0.1028,2,1
SO_CEERIGAABO,SO,Sanaag,Ceerigaabo,True,202402,1,1,0.6931471805599453,1.78,44.58,0.8475,0.0,-0.1282,0.8475,0.0,0.3567,0.8572,0.416845532452981,-0.269,1.9209,0.0,0.0812,1,1
SO_CEERIGAABO,SO,Sanaag,Ceerigaabo,True,202403,0,0,-0.6931471805599453,15.38,40.77,0.8475,0.0,-0.1282,0.8475,0.0,-0.7321,0.904,0.0531580967927546,-0.1902,1.9209,0.0,-1.506,4,3
SO_CEERIGAABO,SO,Sanaag,Ceerigaabo,True,202404,7,8,2.079441541679836,29.83,46.78,0.8463,-0.0014169325785449,-2.6759,0.8633,0.0184714159868715,-0.6616,0.8985,-0.0061026541685628,-2.5699,1.9184,-0.0013023209196163,-1.377,1,0
SO_CEERIGAABO,SO,Sanaag,Ceerigaabo,True,202405,3,1,-0.6931471805599452,57.45,55.1,0.8445,-0.0021291704282055,-0.5432,0.8614,-0.0022032826214666,0.2124,0.8445,-0.0619819699757589,-0.7296,1.9143,-0.002139484730839,0.1281,2,1
SO_CEERIGAABO,SO,Sanaag,Ceerigaabo,True,202406,1,0,-0.6931471805599453,9.61,47.46,0.8427,-0.0021337134695471,-0.1282,0.8596,-0.0020918078516548,-0.0132,0.8427,-0.0021337134695471,-0.2854,1.9101,-0.0021964238513214,0.0704,1,1
SO_CEERIGAABO,SO,Sanaag,Ceerigaabo,True,202407,5,0,1.0986122886681096,2.86,41.08,0.8182,-0.0295042172830094,-0.1282,0.8345,-0.0296344216664656,0.2253,0.8182,-0.0295042172830094,-0.2854,1.8545,-0.0295404787614438,0.0493,2,0
SO_CEERIGAABO,SO,Sanaag,Ceerigaabo,True,202408,9,17,0.5108256237659909,14.62,42.15,0.8065,-0.0144029079300346,-0.254,0.8226,-0.014362687305566,0.2586,0.8065,-0.0144029079300346,-0.5036,1.828,-0.0143926449155501,0.05,2,0
SO_CEERIGAABO,SO,Sanaag,Ceerigaabo,True,202409,2,0,-1.203972804325936,27.41,45.59,0.7971,-0.011723756131386,-0.254,0.8015,-0.025985083746716,0.0437,0.8356,0.0354461321171471,-0.4262,1.1911,-0.4283452231272401,-1.5513,0,0
SO_CEERIGAABO,SO,Sanaag,Ceerigaabo,True,202410,3,1,0.2876820724517808,32.31,38.77,0.7673,-0.038102282250258,-0.254,0.8042,0.003363022413566,0.2927,0.8922,0.0655402930117536,-0.2333,1.2073,0.0135092114514864,-1.2816,2,1
SO_CEERIGAABO,SO,Sanaag,Ceerigaabo,True,202411,8,4,0.810930216216329,3.42,34.17,0.8274,0.0754103948436916,-0.0605,0.8781,0.0879124879027761,0.7028,0.9794,0.0932498165740526,-0.0338,1.6211,0.2947184698091857,-0.1411,1,0
SO_CEERIGAABO,SO,Sanaag,Ceerigaabo,True,202412,16,28,0.6359887667199966,1.73,35.03,0.8863,0.068767239717041,-0.1259,0.9384,0.0664158149733158,1.0397,1.0427,0.0626286425273303,0.2524,2.0664,0.2427030316341031,0.9976,5,3
SO_DHUUSAMAREEB,SO,Galguduud,Dhuusamareeb,False,202401,5,8,,2.34,63.08,,,,,,,,,,,,,0,0
SO_DHUUSAMAREEB,SO,Galguduud,Dhuusamareeb,False,202402,1,1,-1.0986122886681096,0.94,60.54,,,,,,,,,,,,,1,1
SO_DHUUSAMAREEB,SO,Galguduud,Dhuusamareeb,False,202403,1,5,0.0,7.29,51.22,,,,,,,,,,,,,1,1
SO_DHUUSAMAREEB,SO,Galguduud,Dhuusamareeb,False,202404,1,0,0.0,98.6,51.36,,,,,,,,,,,,,2,1
SO_DHUUSAMAREEB,SO,Galguduud,Dhuusamareeb,False,202405,2,6,0.4054651081081645,83.98,60.3,,,,,,,,,,,,,0,0
SO_DHUUSAMAREEB,SO,Galguduud,Dhuusamareeb,False,202406,3,4,0.2876820724517808,0.94,51.88,,,,,,,,,,,,,1,1
SO_DHUUSAMAREEB,SO,Galguduud,Dhuusamareeb,False,202407,2,1,-0.2876820724517808,3.88,46.84,,,,,,,,,,,,,0,0
SO_DHUUSAMAREEB,SO,Galguduud,Dhuusamareeb,False,202408,5,7,0.6931471805599452,1.76,48.84,,,,,,,,,,,,,4,4
SO_DHUUSAMAREEB,SO,Galguduud,Dhuusamareeb,False,202409,1,2,-1.0986122886681096,1.98,42.18,,,,,,,,,,,,,3,3
SO_DHUUSAMAREEB,SO,Galguduud,Dhuusamareeb,False,202410,2,1,0.4054651081081645,21.7,33.48,,,,,,,,,,,,,5,4
SO_DHUUSAMAREEB,SO,Galguduud,Dhuusamareeb,False,202411,4,21,0.5108256237659905,13.3,30.83,,,,,,,,,,,,,5,5
SO_DHUUSAMAREEB,SO,Galguduud,Dhuusamareeb,False,202412,4,5,0.0,0.65,27.97,,,,,,,,,,,,,3,3
SO_DIINSOOR,SO,Bay,Diinsoor,True,202401,6,5,,1.02,51.67,1.0777,,-0.7682,1.0,,-0.159,1.0,,-0.4337,2.0,,-0.2823,0,0
SO_DIINSOOR,SO,Bay,Diinsoor,True,202402,5,2,-0.1541506798272582,1.41,47.04,1.081,0.0030573980364221,-0.8297,1.0,0.0,-0.3749,1.0603,0.0585518869496154,-0.7521,2.0,0.0,-0.2649,0,0
SO_DIINSOOR,SO,Bay,Diinsoor,True,202403,8,11,0.4054651081081646,14.89,50.41,1.0877,0.0061788364605962,-0.9594,1.0689,0.0666300822977629,-1.026,1.2469,0.1621085840707878,-0.3813,1.9578,-0.0213257867147523,-0.3409,2,1
SO_DIINSOOR,SO,Bay,Diinsoor,True,202404,4,0,-0.5877866649021193,236.09,70.67,1.4133,0.2618620202743006,0.1684,1.4367,0.2957187347367734,1.7856,1.69,0.3040680579145788,2.3815,2.8833,0.3871140776700184,0.9359,1,0
SO_DIINSOOR,SO,Bay,Diinsoor,True,202405,8,1,0.5877866649021193,32.16,59.69,1.2548,-0.118951198057582,-0.5993,1.2484,-0.140486085620049,-0.7693,1.2968,-0.2648288374956528,-0.4871,3.0,0.0396768171528985,0.1055,0,0
SO_DIINSOOR,SO,Bay,Diinsoor,True,202406,4,0,-0.5877866649021193,20.15,42.75,1.0023,-0.2246788382857025,-1.0329,1.03,-0.1923039291729428,-1.0347,1.1467,-0.1230114393772076,-0.9612,3.0,0.0,0.0687,0,0
SO_DIINSOOR,SO,Bay,Diinsoor,True,202407,6,0,0.3364722366212129,22.85,45.7,1.0667,0.0622724116006166,-1.5251,0.9667,-0.0634258717531217,0.0127,1.0333,-0.1041306878239494,-1.2734,3.6667,0.2006797863299199,-0.1421,1,0
SO_DIINSOOR,SO,Bay,Diinsoor,True,202408,4,0,-0.3364722366212129,16.92,49.59,0.8778,-0.1949062723773034,-1.9764,0.9519,-0.0154282222133002,0.3799,1.0741,0.038725537383692,-0.6774,5.8926,0.4744052514116168,0.843,0,0
SO_DIINSOOR,SO,Bay,Diinsoor,True,202409,8,5,0.5877866649021193,7.36,47.46,0.9207,0.0477154730396664,-1.4846,0.9241,-0.0296396963632647,0.2576,1.1483,0.0667994861781423,0.6127,6.0517,0.0266418978978568,1.0274,2,0
SO_DIINSOOR,SO,Bay,Diinsoor,True,202410,8,0,0.0,17.45,27.24,1.1336,0.2080194380826704,0.1309,0.984,0.0628056061582586,0.6273,1.194,0.0390264271704036,0.7155,6.0,-0.0085797550794484,0.8892,0,0
SO_DIINSOOR,SO,Bay,Diinsoor,True,202411,4,0,-0.5877866649021193,192.4,33.56,1.164,0.0264639399149124,0.7436,1.13,0.1383470146541327,1.551,1.305,0.0888940258042463,1.4153,6.0433,0.0071907511355819,0.7814,1,0
SO_DIINSOOR,SO,Bay,Diinsoor,True,202412,4,0,0.0,3.12,38.87,1.0,-0.151862349309246,0.2727,1.0159,-0.1064427136088868,0.9468,1.035,-0.2318016140573243,0.2697,6.0045,-0.0064410322450358,0.695,1,1
SO_DOOLOW,SO,Gedo,Doolow,True,202401,2,0,,0.96,52.0,0.8,,-0.2236,0.8548,,0.1777,0.5,,-3.848,2.0,,0.081,3,3
SO_DOOLOW,SO,Gedo,Doolow,True,202402,1,0,-0.4054651081081645,1.47,52.66,0.8,0.0,-0.2733,0.8255,-0.0348782600848098,-0.188,0.8931,0.5800904582676486,-0.6661,1.8266,-0.0906908652845037,-0.5035,1,0
SO_DOOLOW,SO,Gedo,Doolow,True,202403,0,0,-0.6931471805599453,5.35,50.18,0.7616,-0.0491902441907717,-0.6108,0.7823,-0.0537509646691477,-0.6807,0.9226,0.0324972144338797,-0.6046,1.6768,-0.0855691001308555,-0.5981,5,3
SO_DOOLOW,SO,Gedo,Doolow,True,202404,0,0,0.0,197.58,59.71,0.651,-0.1569118412685863,-2.2513,0.7943,0.0152229249480514,-1.1231,1.0133,0.0937718393305518,0.0303,1.6967,0.0117979729221707,-1.4067,2,2
SO_DOOLOW,SO,Gedo,Doolow,True,202405,1,2,0.6931471805599453,38.52,64.84,0.7,0.0725706928348353,-1.7727,0.8152,0.0259722582694287,-1.0858,1.1677,0.1418236706273972,1.3038,1.3677,-0.2155546911613884,-2.3031,8,5
SO_DOOLOW,SO,Gedo,Doolow,True,202406,2,0,0.4054651081081645,0.84,58.6,0.7,0.0,-1.4609,0.797,-0.0225788031183,-0.9251,1.0,-0.1550360020995321,-0.0951,2.0,0.3800166836545769,0.1504,5,2
SO_DOOLOW,SO,Gedo,Doolow,True,202407,0,0,-1.0986122886681098,0.23,59.22,0.7133,0.0188217542405879,-1.0791,0.7733,-0.0301876071752253,-1.1171,1.0,0.0,-0.0634,1.6267,-0.2065937577696746,-1.2491,11,4
SO_DOOLOW,SO,Gedo,Doolow,True,202408,2,0,1.0986122886681098,0.67,58.99,0.7105,-0.0039331417468371,-1.471,0.7705,-0.0036274168548193,-1.3551,0.9284,-0.074292604581855,-0.9592,1.7523,0.0743757879419656,-0.9642,7,5
SO_DOOLOW,SO,Gedo,Doolow,True,202409,1,0,-0.4054651081081645,1.25,53.58,0.6131,-0.1474408927685131,-2.1798,0.7503,-0.0265665282084873,-1.7436,0.8355,-0.1054323263648335,-1.9624,1.7,-0.0303009596700659,-1.2623,4,3
SO_DOOLOW,SO,Gedo,Doolow,True,202410,1,1,0.0,22.89,34.0,0.54,-0.1269589152103221,-2.5443,0.74,-0.0138229403534675,-1.7772,0.8,-0.043418620367521,-2.0768,1.7,0.0,-1.1323,8,5
SO_DOOLOW,SO,Gedo,Doolow,True,202411,0,0,-0.6931471805599453,60.97,20.86,0.54,0.0,-2.514,0.74,0.0,-1.7551,0.8,0.0,-2.124,1.79,0.0515873687904933,-0.8314,6,5
SO_DOOLOW,SO,Gedo,Doolow,True,202412,3,5,1.3862943611198906,1.0,16.48,0.5877,0.0846474740602846,-1.8144,0.7448,0.0064655397646419,-1.0465,0.8955,0.112770493832839,0.0512,1.8,0.0055710450494553,-0.9914,4,3
SO_EYL,SO,Nugaal,Eyl,True,202401,1,0,,2.92,57.57,0.9677,,1.1934,1.0,,1.9323,0.3,,-3.5527,1.7226,,-0.1096,0,0
SO_EYL,SO,Nugaal,Eyl,True,202402,0,0,-0.6931471805599453,0.52,53.18,0.9379,-0.031278788372004,0.8297,1.0,0.0,1.7027,0.9897,1.1936193922464444,-0.1136,1.7,-0.0132065263107657,-0.2506,1,0
SO_EYL,SO,Nugaal,Eyl,True,202403,1,0,0.6931471805599453,2.89,57.07,0.8306,-0.1214950023182396,-0.8341,0.9323,-0.070100627679489,0.1049,1.1,0.1056635918838165,0.1722,1.7,0.0,-0.1573,1,1
SO_EYL,SO,Nugaal,Eyl,True,202404,0,0,-0.6931471805599453,15.44,55.06,0.8533,0.0269628543458859,-0.9172,0.9533,0.0222749981968845,0.186,1.1467,0.0415780722577967,0.06,1.7467,0.0271000423900397,-0.5717,2,0
SO_EYL,SO,Nugaal,Eyl,True,202405,1,0,0.6931471805599453,96.18,51.71,0.9387,0.095384753800407,-0.0082,1.0,0.0478256294826045,0.4105,1.1161,-0.0270477863825894,-0.0966,1.7226,-0.0138935160792739,-0.5252,1,0
SO_EYL,SO,Nugaal,Eyl,True,202406,0,0,-0.6931471805599453,1.19,44.1,1.0,0.0632593396391909,0.4504,1.0,0.0,0.1444,1.2,0.0724810911144223,0.2047,1.7,-0.0132065263107657,-0.7437,0,0
SO_EYL,SO,Nugaal,Eyl,True,202407,0,0,0.0,0.06,43.24,1.0,0.0,0.4009,1.0,0.0,0.0846,1.1333,-0.0571878260371889,-0.279,1.7,0.0,-0.7939,1,0
SO_EYL,SO,Nugaal,Eyl,True,202408,0,0,0.0,0.49,46.46,0.9556,-0.0454158635304825,0.095,1.0,0.0,0.2273,1.07,-0.0574750822829508,-0.6008,1.7,0.0,-0.9105,1,0
SO_EYL,SO,Nugaal,Eyl,True,202409,0,0,0.0,2.76,40.24,0.8,-0.1777276877837271,-1.7904,1.0,0.0,-0.0183,1.0,-0.0676586484738148,-0.8544,1.6517,-0.0288231905172627,-0.7231,3,1
SO_EYL,SO,Nugaal,Eyl,True,202410,0,0,0.0,53.73,40.95,0.85,0.0606246218164347,-0.999,0.9,-0.1053605156578262,-1.0574,1.0,0.0,-0.8454,1.872,0.1252023175104928,0.0966,2,1
SO_EYL,SO,Nugaal,Eyl,True,202411,0,0,0.0,8.61,34.54,0.85,0.0,-1.0158,0.9,0.0,-0.9163,1.0,0.0,-0.5043,1.8233,-0.0263593319923786,-0.1344,3,1
SO_EYL,SO,Nugaal,Eyl,True,202412,0,0,0.0,1.79,33.71,0.85,0.0,-0.9765,0.9,0.0,-0.8784,1.0,0.0,0.5937,1.7261,-0.0547835176525153,-0.3567,4,2
SO_GAALKACYO,SO,Mudug,Gaalkacyo,True,202401,2,5,,0.49,63.76,0.8,,-1.9036,0.6,,-1.8207,0.1,,-2.7097,1.5,,-1.4284,6,2
SO_GAALKACYO,SO,Mudug,Gaalkacyo,True,202402,2,11,0.0,0.65,61.13,0.9034,0.1215536955525764,-1.4642,0.7862,0.2702815577716136,-1.0918,0.809,2.0906287310704004,-0.9644,1.5966,0.062411260121397,-1.2403,4,4
SO_GAALKACYO,SO,Mudug,Gaalkacyo,True,202403,1,1,-0.4054651081081645,2.34,53.56,0.85,-0.0609290737361416,-1.2557,0.9,0.1351835503365508,-0.5607,0.9226,0.1313968540652283,0.1841,2.2226,0.3308013135398475,0.8656,2,1
SO_GAALKACYO,SO,Mudug,Gaalkacyo,True,202404,5,5,1.0986122886681096,53.01,54.8,0.745,-0.1318521311048026,-1.696,0.825,-0.0870113769896298,-0.9293,0.946,0.025046797928158,0.2163,2.29,0.0298741357967392,0.6871,9,5
SO_GAALKACYO,SO,Mudug,Gaalkacyo,True,202405,5,1,0.0,54.97,59.92,0.5,-0.3987761199573677,-2.3357,0.65,-0.2384110234449981,-1.4874,0.82,-0.1429382287935794,-0.2638,2.5,0.0877389143080068,1.2458,9,6
SO_GAALKACYO,SO,Mudug,Gaalkacyo,True,202406,3,28,-0.4054651081081644,1.76,44.04,0.5,0.0,-2.1849,0.6267,-0.0365044056590529,-1.6631,0.9973,0.1957472871495235,0.1783,2.5,0.0,1.4155,13,10
SO_GAALKACYO,SO,Mudug,Gaalkacyo,True,202407,3,1,0.0,0.53,35.47,0.5667,0.1252219647533817,-1.8199,0.65,0.0365044056590529,-1.6465,1.0,0.0027036515743148,0.1748,2.0333,-0.2066306429399961,-0.0659,7,3
SO_GAALKACYO,SO,Mudug,Gaalkacyo,True,202408,3,1,0.0,0.65,41.21,0.5,-0.1252219647533817,-2.0733,1.2,0.6131044728864088,0.2441,1.0,0.0,0.0628,1.5,-0.3041949808259946,-1.6529,4,4
SO_GAALKACYO,SO,Mudug,Gaalkacyo,True,202409,2,3,-0.2876820724517808,2.23,41.78,0.5,0.0,-1.8955,1.0672,-0.1172831606147324,-0.218,1.0,0.0,0.0142,1.7414,0.1492242793042137,-0.8844,7,3
SO_GAALKACYO,SO,Mudug,Gaalkacyo,True,202410,1,0,-0.4054651081081645,22.04,35.4,0.6,0.1823215567939545,-1.6215,1.2,0.1172831606147324,0.3294,1.2,0.1823215567939546,0.4433,2.0,0.1384577931475671,0.1662,7,6
SO_GAALKACYO,SO,Mudug,Gaalkacyo,True,202411,2,0,0.4054651081081645,4.42,25.84,0.635,0.0566953436765453,-1.5394,1.2,0.0,0.3037,1.2,0.0,0.4459,2.1,0.048790164169432,0.4171,7,5
SO_GAALKACYO,SO,Mudug,Gaalkacyo,True,202412,13,30,1.5404450409471486,1.02,25.43,0.6,-0.0566953436765453,-1.64,1.2,0.0,0.2689,1.2,0.0,0.9259,2.0227,-0.0375040921524645,0.0705,8,8
SO_GABILEY,SO,Woqooyi Galbeed,Gabiley,False,202401,2,0,,1.63,37.69,,,,,,,,,,,,,0,0
SO_GABILEY,SO,Woqooyi Galbeed,Gabiley,False,202402,0,0,-1.0986122886681098,2.07,34.66,,,,,,,,,,,,,1,1
SO_GABILEY,SO,Woqooyi Galbeed,Gabiley,False,202403,0,0,0.0,17.34,39.57,,,,,,,,,,,,,2,0
SO_GABILEY,SO,Woqooyi Galbeed,Gabiley,False,202404,0,0,0.0,84.54,46.69,,,,,,,,,,,,,2,1
SO_GABILEY,SO,Woqooyi Galbeed,Gabiley,False,202405,0,0,0.0,24.86,38.77,,,,,,,,,,,,,1,1
SO_GABILEY,SO,Woqooyi Galbeed,Gabiley,False,202406,0,0,0.0,19.67,34.09,,,,,,,,,,,,,2,2
SO_GABILEY,SO,Woqooyi Galbeed,Gabiley,False,202407,0,0,0.0,93.45,50.71,,,,,,,,,,,,,1,1
SO_GABILEY,SO,Woqooyi Galbeed,Gabiley,False,202408,0,0,0.0,129.75,64.44,,,,,,,,,,,,,0,0
SO_GABILEY,SO,Woqooyi Galbeed,Gabiley,False,202409,0,0,0.0,54.82,68.02,,,,,,,,,,,,,0,0
SO_GABILEY,SO,Woqooyi Galbeed,Gabiley,False,202410,0,0,0.0,60.15,65.29,,,,,,,,,,,,,2,1
SO_GABILEY,SO,Woqooyi Galbeed,Gabiley,False,202411,0,0,0.0,12.66,57.79,,,,,,,,,,,,,0,0
SO_GABILEY,SO,Woqooyi Galbeed,Gabiley,False,202412,0,0,0.0,1.4,54.92,,,,,,,,,,,,,1,0
SO_GARBAHAARAY,SO,Gedo,Garbahaaray,False,202401,2,0,,1.37,49.51,,,,,,,,,,,,,1,0
SO_GARBAHAARAY,SO,Gedo,Garbahaaray,False,202402,0,0,-1.0986122886681098,1.35,47.02,,,,,,,,,,,,,0,0
SO_GARBAHAARAY,SO,Gedo,Garbahaaray,False,202403,3,1,1.3862943611198906,11.12,49.93,,,,,,,,,,,,,1,1
SO_GARBAHAARAY,SO,Gedo,Garbahaaray,False,202404,0,0,-1.3862943611198906,199.11,73.75,,,,,,,,,,,,,3,2
SO_GARBAHAARAY,SO,Gedo,Garbahaaray,False,202405,0,0,0.0,30.79,67.33,,,,,,,,,,,,,1,1
SO_GARBAHAARAY,SO,Gedo,Garbahaaray,False,202406,0,0,0.0,3.54,52.43,,,,,,,,,,,,,1,0
SO_GARBAHAARAY,SO,Gedo,Garbahaaray,False,202407,4,0,1.6094379124341005,7.3,62.42,,,,,,,,,,,,,1,1
SO_GARBAHAARAY,SO,Gedo,Garbahaaray,False,202408,3,0,-0.2231435513142097,14.99,66.92,,,,,,,,,,,,,0,0
SO_GARBAHAARAY,SO,Gedo,Garbahaaray,False,202409,1,0,-0.6931471805599453,1.86,56.18,,,,,,,,,,,,,0,0
SO_GARBAHAARAY,SO,Gedo,Garbahaaray,False,202410,2,1,0.4054651081081645,27.49,33.56,,,,,,,,,,,,,3,0
SO_GARBAHAARAY,SO,Gedo,Garbahaaray,False,202411,6,0,0.8472978603872034,99.83,35.29,,,,,,,,,,,,,1,0
SO_GARBAHAARAY,SO,Gedo,Garbahaaray,False,202412,4,0,-0.3364722366212129,3.98,28.05,,,,,,,,,,,,,0,0
SO_GAROOWE,SO,Nugaal,Garoowe,True,202401,7,1,,1.56,38.5,0.8774,,-0.1267,0.8,,0.868,0.5,,-2.6219,1.6,,0.2875,2,1
SO_GAROOWE,SO,Nugaal,Garoowe,True,202402,5,1,-0.2876820724517808,0.7,34.58,0.8759,-0.0017110595630702,0.1326,0.8483,0.0586226191457617,1.2722,0.9552,0.6473126442161459,0.4041,1.6759,0.0463467051629549,0.1172,6,3
SO_GAROOWE,SO,Nugaal,Garoowe,True,202403,1,1,-1.0986122886681096,2.83,39.29,0.7758,-0.1213571741631764,-2.2705,0.8113,-0.0445964474126697,0.4818,1.0,0.0458345363437993,0.0578,1.8,0.0714363304934284,0.4624,4,2
SO_GAROOWE,SO,Nugaal,Garoowe,True,202404,2,1,0.4054651081081645,16.81,48.58,0.765,-0.014018921179331,-2.299,0.8117,0.0004929143661106,0.2765,1.0,0.0,-0.2755,1.74,-0.0339015516756814,-0.07,8,2
SO_GAROOWE,SO,Nugaal,Garoowe,True,202405,3,0,0.2876820724517808,93.25,55.6,0.8,0.0447358938413914,-1.7381,0.8,-0.0145190860992026,0.2745,1.0,0.0,-0.3475,1.6,-0.083881483980702,-0.4954,9,4
SO_GAROOWE,SO,Nugaal,Garoowe,True,202406,4,4,0.2231435513142097,1.03,46.03,0.8,0.0,-1.8042,0.8,0.0,0.3995,1.0,0.0,-0.4518,1.6,0.0,-0.2947,8,7
SO_GAROOWE,SO,Nugaal,Garoowe,True,202407,1,0,-0.916290731874155,0.11,48.85,0.8,0.0,-1.7834,0.8,0.0,0.1053,1.0,0.0,-0.7643,1.5667,-0.0210321328284313,-0.6709,6,3
SO_GAROOWE,SO,Nugaal,Garoowe,True,202408,1,0,0.0,1.14,52.62,0.7741,-0.0329106634572595,-2.0533,0.8,0.0,0.0303,1.0,0.0,-0.7838,1.5481,-0.0119431238530215,-0.7324,6,5
SO_GAROOWE,SO,Nugaal,Garoowe,True,202409,0,0,-0.6931471805599453,3.58,45.36,0.8,0.0329106634572595,-1.7075,0.8,0.0,0.0325,1.0,0.0,-0.3877,1.6241,0.0479254436341373,-0.3254,7,4
SO_GAROOWE,SO,Nugaal,Garoowe,True,202410,4,1,1.6094379124341005,90.57,40.66,0.8,0.0,-1.7627,0.8,0.0,-0.0483,1.0,0.0,-0.3366,1.8,0.1028328487036989,0.2889,9,7
SO_GAROOWE,SO,Nugaal,Garoowe,True,202411,2,1,-0.5108256237659905,4.64,37.52,0.7783,-0.0274996737025848,-1.7945,0.8,0.0,-0.1067,1.0,0.0,-0.0065,1.8,0.0,0.3557,4,4
SO_GAROOWE,SO,Nugaal,Garoowe,True,202412,0,0,-1.0986122886681098,0.35,34.6,0.7739,-0.0056693876889289,-1.5632,0.8,0.0,0.0687,1.0,0.0,1.4754,1.7364,-0.0359726604588176,0.2483,6,6
SO_GOLDOGOB,SO,Mudug,Goldogob,False,202401,0,0,,0.29,69.04,,,,,,,,,,,,,0,0
SO_GOLDOGOB,SO,Mudug,Goldogob,False,202402,2,10,1.0986122886681098,0.89,68.6,,,,,,,,,,,,,1,1
SO_GOLDOGOB,SO,Mudug,Goldogob,False,202403,0,0,-1.0986122886681098,3.01,59.58,,,,,,,,,,,,,1,1
SO_GOLDOGOB,SO,Mudug,Goldogob,False,202404,0,0,0.0,60.73,60.4,,,,,,,,,,,,,4,3
SO_GOLDOGOB,SO,Mudug,Goldogob,False,202405,0,0,0.0,59.2,61.19,,,,,,,,,,,,,1,0
SO_GOLDOGOB,SO,Mudug,Goldogob,False,202406,6,55,1.9459101490553128,1.51,44.07,,,,,,,,,,,,,0,0
SO_GOLDOGOB,SO,Mudug,Goldogob,False,202407,1,0,-1.252762968495368,0.34,40.27,,,,,,,,,,,,,4,0
SO_GOLDOGOB,SO,Mudug,Goldogob,False,202408,2,1,0.4054651081081645,0.43,47.07,,,,,,,,,,,,,4,3
SO_GOLDOGOB,SO,Mudug,Goldogob,False,202409,1,1,-0.4054651081081645,2.96,40.91,,,,,,,,,,,,,2,1
SO_GOLDOGOB,SO,Mudug,Goldogob,False,202410,1,1,0.0,27.45,39.6,,,,,,,,,,,,,1,1
SO_GOLDOGOB,SO,Mudug,Goldogob,False,202411,0,0,-0.6931471805599453,4.0,32.5,,,,,,,,,,,,,0,0
SO_GOLDOGOB,SO,Mudug,Goldogob,False,202412,0,0,0.0,2.45,28.26,,,,,,,,,,,,,2,2
SO_HARGEYSA,SO,Woqooyi Galbeed,Hargeysa,True,202401,6,3,,1.94,51.74,0.8475,,0.3415,0.8475,,1.261,0.5832,,-2.9288,1.9209,,0.0013,5,2
SO_HARGEYSA,SO,Woqooyi Galbeed,Hargeysa,True,202402,0,0,-1.9459101490553128,2.33,40.36,0.8475,0.0,0.572,0.8475,0.0,1.1931,0.8163,0.3362517537628618,-0.6222,1.9209,0.0,0.3705,8,3
SO_HARGEYSA,SO,Woqooyi Galbeed,Hargeysa,True,202403,0,0,0.0,9.22,42.17,0.8475,0.0,0.5698,0.8475,0.0,1.1353,0.8475,0.037508904797295,-0.3064,1.9209,0.0,0.1041,4,1
SO_HARGEYSA,SO,Woqooyi Galbeed,Hargeysa,True,202404,3,0,1.3862943611198906,82.12,46.93,0.8463,-0.0014169325785449,0.1283,0.8633,0.0184714159868715,1.347,0.8582,0.0125463333028189,-0.2445,1.9184,-0.0013023209196163,-0.2054,7,3
SO_HARGEYSA,SO,Woqooyi Galbeed,Hargeysa,True,202405,1,0,-0.6931471805599453,44.86,43.14,0.8445,-0.0021291704282055,0.1727,0.8614,-0.0022032826214666,0.7974,0.8445,-0.0160924363095694,-0.5421,1.9143,-0.002139484730839,-0.6383,0,0
SO_HARGEYSA,SO,Woqooyi Galbeed,Hargeysa,True,202406,3,0,0.6931471805599453,14.87,37.83,0.8427,-0.0021337134695471,0.0982,0.8596,-0.0020918078516548,0.6614,0.8427,-0.0021337134695471,-0.4018,1.9101,-0.0021964238513214,-0.4481,6,3
SO_HARGEYSA,SO,Woqooyi Galbeed,Hargeysa,True,202407,1,0,-0.6931471805599453,69.76,39.28,0.8182,-0.0295042172830094,-0.063,0.8345,-0.0296344216664656,0.6985,0.8182,-0.0295042172830094,-0.2285,1.8545,-0.0295404787614438,-0.3465,4,1
SO_HARGEYSA,SO,Woqooyi Galbeed,Hargeysa,True,202408,1,1,0.0,81.09,50.92,0.8065,-0.0144029079300346,-0.1988,0.7666,-0.0848675901554351,-0.6147,0.8065,-0.0144029079300346,-0.5188,1.828,-0.0143926449155501,-0.1677,2,1
SO_HARGEYSA,SO,Woqooyi Galbeed,Hargeysa,True,202409,1,0,0.0,39.87,61.29,0.7971,-0.011723756131386,-0.8198,0.7825,0.0205287694678536,-0.5608,0.8356,0.0354461321171471,-0.4718,1.1911,-0.4283452231272401,-2.1292,2,2
SO_HARGEYSA,SO,Woqooyi Galbeed,Hargeysa,True,202410,0,0,-0.6931471805599453,64.71,57.36,0.7673,-0.038102282250258,-0.6697,0.7673,-0.0196160632306887,0.0415,0.8185,-0.0206766328712211,-0.1855,1.2073,0.0135092114514864,-1.7626,3,2
SO_HARGEYSA,SO,Woqooyi Galbeed,Hargeysa,True,202411,3,0,1.3862943611198906,19.96,51.4,0.8274,0.0754103948436916,0.1963,0.8612,0.1154489063065884,2.4289,0.9456,0.1443462498406441,1.2811,1.6211,0.2947184698091857,-0.2531,1,0
SO_HARGEYSA,SO,Woqooyi Galbeed,Hargeysa,True,202412,3,0,0.0,1.12,48.44,0.8863,0.068767239717041,0.8247,0.9384,0.0858495318490577,3.2429,1.0427,0.0977491351437136,2.7437,2.0664,0.2427030316341031,1.0826,3,1
SO_HOBYO,SO,Mudug,Hobyo,True,202401,0,0,,0.96,49.62,2.0,,-0.8609,1.7,,-0.579,0.5,,-1.5524,2.6,,0.8206,1,1
SO_HOBYO,SO,Mudug,Hobyo,True,202402,1,26,0.6931471805599453,0.71,48.18,2.0,0.0,-0.8609,1.7,0.0,-0.579,1.2759,0.9367989925055058,0.3795,2.6,0.0,0.8206,0,0
SO_HOBYO,SO,Mudug,Hobyo,True,202403,8,11,1.5040773967762742,7.63,47.82,2.0,0.0,0.1612,1.7,0.0,0.3057,1.4,0.0928204246756523,1.1534,2.6,0.0,-0.0195,3,1
SO_HOBYO,SO,Mudug,Hobyo,True,202404,0,0,-2.19722457733622,54.71,52.64,2.0,0.0,2.1414,1.7,0.0,1.0065,1.4,0.0,1.2204,2.6,0.0,0.5355,2,1
SO_HOBYO,SO,Mudug,Hobyo,True,202405,1,0,0.6931471805599453,48.08,52.66,2.0,0.0,1.2492,1.7,0.0,0.1554,1.4,0.0,0.9714,2.6,0.0,-0.3931,1,1
SO_HOBYO,SO,Mudug,Hobyo,True,202406,3,5,0.6931471805599453,1.42,43.69,2.0,0.0,1.0884,1.7,0.0,0.0925,1.4,0.0,1.0248,2.6,0.0,-0.4555,0,0
SO_HOBYO,SO,Mudug,Hobyo,True,202407,0,0,-1.3862943611198906,2.9,42.71,2.0,0.0,1.0951,1.7,0.0,0.0632,1.4,0.0,1.411,2.6,0.0,-0.9312,0,0
SO_HOBYO,SO,Mudug,Hobyo,True,202408,0,0,0.0,1.81,48.43,2.0,0.0,1.0951,1.7,0.0,0.0,1.4,0.0,1.3695,2.6,0.0,-0.9312,3,1
SO_HOBYO,SO,Mudug,Hobyo,True,202409,2,15,1.0986122886681098,2.18,41.88,2.0,0.0,1.0951,1.7,0.0,0.0,1.4,0.0,1.3695,2.6,0.0,-0.9312,0,0
SO_HOBYO,SO,Mudug,Hobyo,True,202410,1,0,-0.4054651081081645,15.94,30.29,2.0,0.0,1.0951,1.7,0.0,0.0,1.4,0.0,1.3695,2.6,0.0,-0.9312,4,4
SO_HOBYO,SO,Mudug,Hobyo,True,202411,3,4,0.6931471805599453,7.06,25.67,2.0,0.0,1.0951,1.7,0.0,-0.0126,1.4667,0.0465427426493595,0.8632,2.6,0.0,-0.7677,5,5
SO_HOBYO,SO,Mudug,Hobyo,True,202412,0,0,-1.3862943611198906,2.82,23.44,2.0,0.0,1.0951,1.7,0.0,0.1896,1.5,0.0224501288375919,1.5101,2.6,0.0,-0.7449,3,3
SO_ISKUSHUBAN,SO,Bari,Iskushuban,False,202401,0,0,,0.65,52.65,,,,,,,,,,,,,0,0
SO_ISKUSHUBAN,SO,Bari,Iskushuban,False,202402,0,0,0.0,0.25,48.01,,,,,,,,,,,,,0,0
SO_ISKUSHUBAN,SO,Bari,Iskushuban,False,202403,0,0,0.0,2.2,46.64,,,,,,,,,,,,,0,0
SO_ISKUSHUBAN,SO,Bari,Iskushuban,False,202404,0,0,0.0,8.21,44.93,,,,,,,,,,,,,0,0
SO_ISKUSHUBAN,SO,Bari,Iskushuban,False,202405,3,3,1.3862943611198906,23.17,48.35,,,,,,,,,,,,,1,0
SO_ISKUSHUBAN,SO,Bari,Iskushuban,False,202406,0,0,-1.3862943611198906,1.14,53.22,,,,,,,,,,,,,0,0
SO_ISKUSHUBAN,SO,Bari,Iskushuban,False,202407,0,0,0.0,0.41,58.58,,,,,,,,,,,,,0,0
SO_ISKUSHUBAN,SO,Bari,Iskushuban,False,202408,0,0,0.0,4.81,59.91,,,,,,,,,,,,,0,0
SO_ISKUSHUBAN,SO,Bari,Iskushuban,False,202409,0,0,0.0,2.87,55.25,,,,,,,,,,,,,0,0
SO_ISKUSHUBAN,SO,Bari,Iskushuban,False,202410,0,0,0.0,3.96,42.39,,,,,,,,,,,,,0,0
SO_ISKUSHUBAN,SO,Bari,Iskushuban,False,202411,0,0,0.0,11.08,33.28,,,,,,,,,,,,,1,0
SO_ISKUSHUBAN,SO,Bari,Iskushuban,False,202412,1,30,0.6931471805599453,3.61,32.26,,,,,,,,,,,,,0,0
SO_JALALAQSI,SO,Hiiraan,Jalalaqsi,True,202401,5,7,,2.21,57.02,0.9225,,-0.3961,0.94,,-0.0617,0.4063,,-2.1187,1.593,,0.468,2,1
SO_JALALAQSI,SO,Hiiraan,Jalalaqsi,True,202402,1,1,-1.0986122886681096,1.27,62.96,0.9,-0.0246926125903714,-0.3812,0.85,-0.1006435257796874,-0.2519,1.0397,0.9395956859902436,-0.4329,1.53,-0.0403512955235673,0.429,4,1
SO_JALALAQSI,SO,Hiiraan,Jalalaqsi,True,202403,3,1,0.6931471805599453,3.39,66.16,0.9,0.0,0.6682,0.85,0.0,0.2953,1.15,0.100829732373371,0.5514,1.53,0.0,0.0414,3,2
SO_JALALAQSI,SO,Hiiraan,Jalalaqsi,True,202404,3,3,0.0,98.99,71.66,0.9233,0.0255594454542714,0.2644,0.885,0.0403512955235674,-0.3335,1.1383,-0.0102260210261246,0.7655,1.4997,-0.0200026472988467,-2.4488,3,2
SO_JALALAQSI,SO,Hiiraan,Jalalaqsi,True,202405,0,0,-1.3862943611198906,54.18,69.09,0.9,-0.0255594454542714,0.4542,0.85,-0.0403512955235674,-0.6909,1.15,0.0102260210261246,0.5473,1.53,0.0200026472988467,-1.3254,1,1
SO_JALALAQSI,SO,Hiiraan,Jalalaqsi,True,202406,0,0,0.0,6.14,60.81,0.97,0.0749013081731177,0.838,0.99,0.1524685936442734,-0.2269,1.15,0.0,0.693,1.4903,-0.026290293431734,-1.2072,2,2
SO_JALALAQSI,SO,Hiiraan,Jalalaqsi,True,202407,3,0,1.3862943611198906,12.5,50.35,1.0,0.0304592074847085,0.5689,1.0,0.0100503358535014,0.1139,1.1,-0.0444517625708336,-0.0233,1.4,-0.0625052053513971,-0.8054,1,0
SO_JALALAQSI,SO,Hiiraan,Jalalaqsi,True,202408,2,4,-0.2876820724517808,11.19,50.89,0.9422,-0.0595377127161962,0.4501,1.0,0.0,0.1139,1.1481,0.0427982223133041,0.1023,1.4481,0.0337801157312069,-0.6434,1,0
SO_JALALAQSI,SO,Hiiraan,Jalalaqsi,True,202409,1,4,-0.4054651081081645,2.13,61.45,0.9066,-0.0385162277591919,0.3768,1.0241,0.0238141780992548,0.1908,1.031,-0.1075791970828063,-0.2031,1.5724,0.0823507622131484,-0.2251,1,0
SO_JALALAQSI,SO,Hiiraan,Jalalaqsi,True,202410,1,6,0.0,15.32,46.35,0.6,-0.4127716832906025,-0.2973,1.0,-0.0238141780992548,0.0,1.1,0.0647809747695021,-0.1257,1.9,0.1892507716068264,0.6492,0,0
SO_JALALAQSI,SO,Hiiraan,Jalalaqsi,True,202411,3,5,0.6931471805599453,52.7,37.05,0.5898,-0.0171461588349705,-1.0992,0.983,-0.0171461588349705,-0.5505,1.0813,-0.0171461588349706,-1.0459,1.8677,-0.0171461588349705,0.3408,2,1
SO_JALALAQSI,SO,Hiiraan,Jalalaqsi,True,202412,2,0,-0.2876820724517808,1.74,32.59,0.6,0.0171461588349705,-1.7837,1.0,0.0171461588349705,-1.1784,1.1,0.0171461588349706,-0.4323,1.9,0.0171461588349705,0.1623,2,0
SO_JAMAAME,SO,Jubbada Hoose,Jamaame,False,202401,13,17,,1.26,45.43,,,,,,,,,,,,,4,1
SO_JAMAAME,SO,Jubbada Hoose,Jamaame,False,202402,8,35,-0.4418327522790388,2.06,48.2,,,,,,,,,,,,,1,1
SO_JAMAAME,SO,Jubbada Hoose,Jamaame,False,202403,27,137,1.1349799328389842,11.01,51.58,,,,,,,,,,,,,1,0
SO_JAMAAME,SO,Jubbada Hoose,Jamaame,False,202404,17,162,-0.4418327522790393,138.94,53.46,,,,,,,,,,,,,5,2
SO_JAMAAME,SO,Jubbada Hoose,Jamaame,False,202405,2,0,-1.7917594692280547,69.72,48.39,,,,,,,,,,,,,6,3
SO_JAMAAME,SO,Jubbada Hoose,Jamaame,False,202406,4,1,0.5108256237659905,65.62,36.29,,,,,,,,,,,,,1,0
SO_JAMAAME,SO,Jubbada Hoose,Jamaame,False,202407,5,16,0.1823215567939546,48.22,41.04,,,,,,,,,,,,,5,3
SO_JAMAAME,SO,Jubbada Hoose,Jamaame,False,202408,4,3,-0.1823215567939546,32.65,42.99,,,,,,,,,,,,,4,4
SO_JAMAAME,SO,Jubbada Hoose,Jamaame,False,202409,8,0,0.5877866649021193,16.49,38.64,,,,,,,,,,,,,2,2
SO_JAMAAME,SO,Jubbada Hoose,Jamaame,False,202410,4,0,-0.5877866649021193,9.41,30.59,,,,,,,,,,,,,5,5
SO_JAMAAME,SO,Jubbada Hoose,Jamaame,False,202411,4,0,0.0,50.41,29.22,,,,,,,,,,,,,4,4
SO_JAMAAME,SO,Jubbada Hoose,Jamaame,False,202412,6,0,0.3364722366212129,6.8,31.05,,,,,,,,,,,,,4,4
SO_JARIIBAN,SO,Mudug,Jariiban,False,202401,0,0,,1.07,55.43,,,,,,,,,,,,,1,1
SO_JARIIBAN,SO,Mudug,Jariiban,False,202402,0,0,0.0,0.73,52.36,,,,,,,,,,,,,0,0
SO_JARIIBAN,SO,Mudug,Jariiban,False,202403,2,9,1.0986122886681098,4.58,57.88,,,,,,,,,,,,,0,0
SO_JARIIBAN,SO,Mudug,Jariiban,False,202404,1,0,-0.4054651081081645,26.45,58.13,,,,,,,,,,,,,0,0
SO_JARIIBAN,SO,Mudug,Jariiban,False,202405,0,0,-0.6931471805599453,72.98,51.77,,,,,,,,,,,,,3,3
SO_JARIIBAN,SO,Mudug,Jariiban,False,202406,3,6,1.3862943611198906,1.59,41.36,,,,,,,,,,,,,2,2
SO_JARIIBAN,SO,Mudug,Jariiban,False,202407,0,0,-1.3862943611198906,0.64,39.21,,,,,,,,,,,,,1,0
SO_JARIIBAN,SO,Mudug,Jariiban,False,202408,0,0,0.0,0.12,44.49,,,,,,,,,,,,,2,2
SO_JARIIBAN,SO,Mudug,Jariiban,False,202409,1,1,0.6931471805599453,2.02,42.17,,,,,,,,,,,,,0,0
SO_JARIIBAN,SO,Mudug,Jariiban,False,202410,0,0,-0.6931471805599453,29.42,33.06,,,,,,,,,,,,,0,0
SO_JARIIBAN,SO,Mudug,Jariiban,False,202411,0,0,0.0,7.49,24.61,,,,,,,,,,,,,0,0
SO_JARIIBAN,SO,Mudug,Jariiban,False,202412,0,0,0.0,1.89,25.63,,,,,,,,,,,,,0,0
SO_JILIB,SO,Jubbada Dhexe,Jilib,False,202401,4,12,,1.39,50.41,,,,,,,,,,,,,2,1
SO_JILIB,SO,Jubbada Dhexe,Jilib,False,202402,1,0,-0.916290731874155,1.86,47.33,,,,,,,,,,,,,0,0
SO_JILIB,SO,Jubbada Dhexe,Jilib,False,202403,2,5,0.4054651081081645,10.05,42.91,,,,,,,,,,,,,0,0
SO_JILIB,SO,Jubbada Dhexe,Jilib,False,202404,0,0,-1.0986122886681098,218.77,51.24,,,,,,,,,,,,,1,0
SO_JILIB,SO,Jubbada Dhexe,Jilib,False,202405,1,70,0.6931471805599453,63.85,47.78,,,,,,,,,,,,,1,1
SO_JILIB,SO,Jubbada Dhexe,Jilib,False,202406,2,0,0.4054651081081645,71.3,43.01,,,,,,,,,,,,,2,2
SO_JILIB,SO,Jubbada Dhexe,Jilib,False,202407,1,6,-0.4054651081081645,57.95,47.76,,,,,,,,,,,,,1,0
SO_JILIB,SO,Jubbada Dhexe,Jilib,False,202408,0,0,-0.6931471805599453,32.22,40.17,,,,,,,,,,,,,0,0
SO_JILIB,SO,Jubbada Dhexe,Jilib,False,202409,4,0,1.6094379124341005,15.25,32.06,,,,,,,,,,,,,0,0
SO_JILIB,SO,Jubbada Dhexe,Jilib,False,202410,1,1,-0.916290731874155,14.83,22.18,,,,,,,,,,,,,0,0
SO_JILIB,SO,Jubbada Dhexe,Jilib,False,202411,2,0,0.4054651081081645,120.35,23.49,,,,,,,,,,,,,1,0
SO_JILIB,SO,Jubbada Dhexe,Jilib,False,202412,5,1,0.6931471805599452,6.57,32.57,,,,,,,,,,,,,2,0
SO_JOWHAR,SO,Shabeellaha Dhexe,Jowhar,True,202401,9,22,,1.88,52.58,1.0,,0.0,1.2355,,0.0,0.25,,-3.2071,1.4,,0.0,7,2
SO_JOWHAR,SO,Shabeellaha Dhexe,Jowhar,True,202402,4,7,-0.6931471805599456,1.54,53.9,0.9379,-0.0641119454672442,0.0,0.9759,-0.2358709032812493,0.0,1.1793,1.5512154032336778,1.3654,1.2759,-0.0928204246756523,0.0,8,3
SO_JOWHAR,SO,Shabeellaha Dhexe,Jowhar,True,202403,6,2,0.3364722366212129,5.13,58.96,0.7996,-0.1595317308886478,0.0,0.9,-0.0809653588231046,0.0,1.0992,-0.0703383996278395,0.5722,1.4678,0.1401128691832648,0.0,2,2
SO_JOWHAR,SO,Shabeellaha Dhexe,Jowhar,True,202404,9,3,0.3566749439387326,101.83,63.12,0.75,-0.0640383960958888,-1.3833,0.908,0.0088496152769825,-0.2233,1.0,-0.0945826424859478,0.6126,1.5479,0.0531344924688694,-1.1833,11,4
SO_JOWHAR,SO,Shabeellaha Dhexe,Jowhar,True,202405,12,34,0.2623642644674908,50.11,60.51,0.75,0.0,-1.0749,0.85,-0.0660080291169312,-0.4106,1.0,0.0,0.1472,1.5,-0.0314340654895304,-1.2252,13,7
SO_JOWHAR,SO,Shabeellaha Dhexe,Jowhar,True,202406,2,0,-1.466337068793427,12.86,52.15,0.9246,0.2092880050237688,0.2886,0.978,0.1402733205504552,-0.094,1.0,0.0,0.1456,1.4767,-0.0156552396105732,-1.6104,12,8
SO_JOWHAR,SO,Shabeellaha Dhexe,Jowhar,True,202407,9,10,1.203972804325936,13.02,43.22,0.75,-0.2092880050237688,-1.2109,0.95,-0.0290476854402308,1.3977,1.0,0.0,0.1432,1.4,-0.0533376318763782,-2.6415,9,4
SO_JOWHAR,SO,Shabeellaha Dhexe,Jowhar,True,202408,6,11,-0.3566749439387326,9.29,39.45,0.75,0.0,-1.862,0.913,-0.0397261039996179,0.6347,1.0,0.0,0.0266,1.4,0.0,-2.0396,10,5
SO_JOWHAR,SO,Shabeellaha Dhexe,Jowhar,True,202409,2,1,-0.8472978603872034,2.92,45.53,0.8588,0.1354628594742698,-0.5894,0.8662,-0.0526200518144422,-0.5902,1.0,0.0,0.1291,1.545,0.0985516737284958,-0.3187,6,3
SO_JOWHAR,SO,Shabeellaha Dhexe,Jowhar,True,202410,1,1,-0.4054651081081645,16.61,37.16,0.784,-0.091127045654218,-1.4555,0.84,-0.030713936943167,-1.6161,1.0,0.0,0.2083,1.716,0.1049720907160617,1.7413,11,8
SO_JOWHAR,SO,Shabeellaha Dhexe,Jowhar,True,202411,2,1,0.4054651081081645,65.17,35.26,0.6503,-0.1869752254753017,-2.3495,0.8227,-0.0208102776624746,-2.062,1.0,0.0,-0.2278,1.8867,0.0948332701696598,2.5271,12,7
SO_JOWHAR,SO,Shabeellaha Dhexe,Jowhar,True,202412,7,8,0.980829253011726,3.16,32.7,0.7064,0.0827478544146441,-1.8368,0.7936,-0.0360120582042216,-2.281,0.9678,-0.0327298246229188,1.7663,1.8196,-0.0362125745217183,1.6876,11,7
SO_KISMAAYO,SO,Jubbada Hoose,Kismaayo,True,202401,5,1,,2.56,45.09,0.5561,,0.0,0.6839,,-0.0171,0.5,,-0.9549,1.5,,0.0,10,4
SO_KISMAAYO,SO,Jubbada Hoose,Kismaayo,True,202402,12,33,0.7731898882334818,2.54,37.81,0.52,-0.0671193226180452,-0.922,0.7162,0.0461477494602819,0.2005,0.6897,0.3216486220150538,0.0346,1.5,0.0,0.1993,9,4
SO_KISMAAYO,SO,Jubbada Hoose,Kismaayo,True,202403,5,10,-0.7731898882334818,14.7,39.1,0.52,0.0,0.0,0.7055,-0.0150526862714635,0.2266,0.72,0.0429944915728554,-0.4227,1.5,0.0,0.0,5,4
SO_KISMAAYO,SO,Jubbada Hoose,Kismaayo,True,202404,0,0,-1.791759469228055,131.08,51.9,0.524,0.007662872745569,-1.2443,0.706,0.0007084662003732,0.1381,0.7407,0.0283444730091426,-0.7322,1.48,-0.0134230203321407,-2.4973,13,4
SO_KISMAAYO,SO,Jubbada Hoose,Kismaayo,True,202405,4,0,1.6094379124341005,109.02,44.51,0.5861,0.1119987391613412,-0.5445,0.7292,0.0323328053112659,0.0994,0.7477,0.0094061429866263,-1.2316,1.2,-0.209720530982069,-1.8925,10,3
SO_KISMAAYO,SO,Jubbada Hoose,Kismaayo,True,202406,12,5,0.9555114450274363,49.51,35.89,0.5783,-0.0133976583182108,-0.9615,0.7292,0.0,0.062,0.7617,0.0185509493728726,-0.9034,1.27,0.0566953436765453,-1.0808,11,6
SO_KISMAAYO,SO,Jubbada Hoose,Kismaayo,True,202407,23,138,0.613104472886409,52.29,36.72,0.5467,-0.0561925592632192,-1.9908,0.72,-0.0126968307944069,-0.1029,0.7467,-0.0198892793370864,-0.3219,1.5667,0.2099545959468044,-0.6059,16,3
SO_KISMAAYO,SO,Jubbada Hoose,Kismaayo,True,202408,5,15,-1.3862943611198908,32.09,38.66,0.56,0.0240365778282415,-1.541,0.72,0.0,-0.0802,0.72,-0.0364122860315551,-0.1332,1.6967,0.0797136916494524,0.2429,14,11
SO_KISMAAYO,SO,Jubbada Hoose,Kismaayo,True,202409,22,21,1.3437347467010947,17.2,35.39,0.6149,0.093522869230229,-0.1281,0.7773,0.076575164226073,0.0079,0.7869,0.0888499635308368,-0.2621,1.8478,0.085310554187751,0.731,8,5
SO_KISMAAYO,SO,Jubbada Hoose,Kismaayo,True,202410,9,10,-0.8329091229351038,14.6,22.94,0.5455,-0.1197568476862985,-0.592,0.8305,0.0662015528171756,0.1144,0.7305,-0.0743719443501835,-0.4822,1.8813,0.0179672849804399,0.9687,11,9
SO_KISMAAYO,SO,Jubbada Hoose,Kismaayo,True,202411,14,51,0.4054651081081641,110.59,29.11,0.558,0.0226561571081855,-0.6959,0.8968,0.0768049427046006,0.5769,0.7174,-0.0180956660925719,-0.6128,1.7936,-0.0477382538991892,0.5426,12,8
SO_KISMAAYO,SO,Jubbada Hoose,Kismaayo,True,202412,20,15,0.3364722366212129,17.28,31.06,0.56,0.0035778213478839,-0.8936,0.9,0.0035618915663605,0.7366,0.72,0.0036176469119186,0.1778,1.8,0.0035618915663605,0.1389,12,7
SO_KUNTUWAARAY,SO,Shabeellaha Hoose,Kuntuwaaray,False,202401,0,0,,0.78,60.46,,,,,,,,,,,,,0,0
SO_KUNTUWAARAY,SO,Shabeellaha Hoose,Kuntuwaaray,False,202402,2,10,1.0986122886681098,0.68,54.01,,,,,,,,,,,,,0,0
SO_KUNTUWAARAY,SO,Shabeellaha Hoose,Kuntuwaaray,False,202403,0,0,-1.0986122886681098,7.56,50.17,,,,,,,,,,,,,0,0
SO_KUNTUWAARAY,SO,Shabeellaha Hoose,Kuntuwaaray,False,202404,0,0,0.0,151.2,65.05,,,,,,,,,,,,,0,0
SO_KUNTUWAARAY,SO,Shabeellaha Hoose,Kuntuwaaray,False,202405,0,0,0.0,31.8,55.19,,,,,,,,,,,,,0,0
SO_KUNTUWAARAY,SO,Shabeellaha Hoose,Kuntuwaaray,False,202406,1,4,0.6931471805599453,78.78,45.72,,,,,,,,,,,,,0,0
SO_KUNTUWAARAY,SO,Shabeellaha Hoose,Kuntuwaaray,False,202407,0,0,-0.6931471805599453,28.66,44.89,,,,,,,,,,,,,0,0
SO_KUNTUWAARAY,SO,Shabeellaha Hoose,Kuntuwaaray,False,202408,0,0,0.0,34.62,46.68,,,,,,,,,,,,,0,0
SO_KUNTUWAARAY,SO,Shabeellaha Hoose,Kuntuwaaray,False,202409,0,0,0.0,11.41,41.61,,,,,,,,,,,,,0,0
SO_KUNTUWAARAY,SO,Shabeellaha Hoose,Kuntuwaaray,False,202410,0,0,0.0,20.74,35.26,,,,,,,,,,,,,0,0
SO_KUNTUWAARAY,SO,Shabeellaha Hoose,Kuntuwaaray,False,202411,1,0,0.6931471805599453,103.76,34.55,,,,,,,,,,,,,1,0
SO_KUNTUWAARAY,SO,Shabeellaha Hoose,Kuntuwaaray,False,202412,0,0,-0.6931471805599453,2.59,36.48,,,,,,,,,,,,,0,0
SO_LAAS_CAANOOD,SO,Sool,Laas Caanood,True,202401,1,10,,0.95,40.09,0.9323,,0.7646,0.9226,,1.5061,0.6645,,-2.432,1.7452,,0.1516,3,2
SO_LAAS_CAANOOD,SO,Sool,Laas Caanood,True,202402,0,0,-0.6931471805599453,0.62,39.23,0.9483,0.0170162565870337,0.8795,0.9241,0.0016245197702746,1.4767,0.9862,0.3948242956367256,-0.2722,1.7207,-0.0141379774903427,-0.0393,8,4
SO_LAAS_CAANOOD,SO,Sool,Laas Caanood,True,202403,0,0,0.0,2.37,38.57,0.7774,-0.198715889471559,-0.7384,0.8548,-0.0779527674490022,1.1689,1.0097,0.0235493622202496,0.0535,1.8161,0.053960159965341,0.8879,0,0
SO_LAAS_CAANOOD,SO,Sool,Laas Caanood,True,202404,0,0,0.0,19.38,45.83,0.7883,0.0139237096477397,2.1137,0.83,-0.0294418226543489,0.9487,1.0,-0.0096532570281383,2.54,1.7767,-0.0219336336825926,2.5289,2,1
SO_LAAS_CAANOOD,SO,Sool,Laas Caanood,True,202405,1,1,0.6931471805599453,60.08,60.0,0.8,0.0147329996020647,-1.252,0.9,0.0809690625336672,1.2518,1.0,0.0,0.7116,1.8,0.0130289538423957,-1.1727,3,1
SO_LAAS_CAANOOD,SO,Sool,Laas Caanood,True,202406,3,8,0.6931471805599453,0.8,51.54,0.8,0.0,-1.207,0.9,0.0,1.1536,1.0,0.0,0.4547,1.8,0.0,-0.8709,4,3
SO_LAAS_CAANOOD,SO,Sool,Laas Caanood,True,202407,1,0,-0.6931471805599453,0.18,48.38,0.8,0.0,-0.5447,0.9,0.0,1.0415,1.0,0.0,0.0,1.7667,-0.0186732652656214,0.1845,0,0
SO_LAAS_CAANOOD,SO,Sool,Laas Caanood,True,202408,4,3,0.916290731874155,0.6,51.61,0.8,0.0,-1.0532,0.9,0.0,1.0079,1.0,0.0,0.0,1.8,0.0186732652656214,0.4473,2,0
SO_LAAS_CAANOOD,SO,Sool,Laas Caanood,True,202409,1,1,-0.916290731874155,6.95,47.55,0.8,0.0,-1.0532,0.9,0.0,0.9991,1.0,0.0,0.3256,1.8,0.0,0.5921,3,0
SO_LAAS_CAANOOD,SO,Sool,Laas Caanood,True,202410,3,4,0.6931471805599453,53.5,44.46,0.8,0.0,-0.9767,0.9,0.0,1.0534,1.0,0.0,0.2801,1.804,0.0022197567383128,0.6482,2,1
SO_LAAS_CAANOOD,SO,Sool,Laas Caanood,True,202411,0,0,-1.3862943611198906,3.87,39.55,0.8,0.0,-1.0093,0.9,0.0,1.063,1.0,0.0,0.3618,1.82,0.008830079448272,0.7479,1,0
SO_LAAS_CAANOOD,SO,Sool,Laas Caanood,True,202412,2,2,1.0986122886681098,1.65,35.29,0.8,0.0,-1.0532,0.9,0.0,0.9888,1.0,0.0,1.3013,1.8,-0.0110498361865849,0.6233,2,2
SO_LUGHAYA,SO,Awdal,Lughaya,False,202401,2,0,,5.31,38.11,,,,,,,,,,,,,0,0
SO_LUGHAYA,SO,Awdal,Lughaya,False,202402,0,0,-1.0986122886681098,2.5,32.73,,,,,,,,,,,,,0,0
SO_LUGHAYA,SO,Awdal,Lughaya,False,202403,0,0,0.0,14.92,36.25,,,,,,,,,,,,,0,0
SO_LUGHAYA,SO,Awdal,Lughaya,False,202404,0,0,0.0,26.7,50.47,,,,,,,,,,,,,2,0
SO_LUGHAYA,SO,Awdal,Lughaya,False,202405,0,0,0.0,3.11,42.08,,,,,,,,,,,,,0,0
SO_LUGHAYA,SO,Awdal,Lughaya,False,202406,0,0,0.0,0.51,38.72,,,,,,,,,,,,,0,0
SO_LUGHAYA,SO,Awdal,Lughaya,False,202407,0,0,0.0,10.22,44.0,,,,,,,,,,,,,0,0
SO_LUGHAYA,SO,Awdal,Lughaya,False,202408,0,0,0.0,9.9,42.12,,,,,,,,,,,,,0,0
SO_LUGHAYA,SO,Awdal,Lughaya,False,202409,0,0,0.0,5.25,47.39,,,,,,,,,,,,,0,0
SO_LUGHAYA,SO,Awdal,Lughaya,False,202410,0,0,0.0,38.11,38.39,,,,,,,,,,,,,0,0
SO_LUGHAYA,SO,Awdal,Lughaya,False,202411,0,0,0.0,6.82,31.09,,,,,,,,,,,,,0,0
SO_LUGHAYA,SO,Awdal,Lughaya,False,202412,0,0,0.0,4.22,30.93,,,,,,,,,,,,,0,0
SO_LUUQ,SO,Gedo,Luuq,True,202401,0,0,,0.88,51.94,0.8,,0.8691,0.8135,,0.4179,0.3,,-2.8924,2.0677,,0.611,6,3
SO_LUUQ,SO,Gedo,Luuq,True,202402,3,0,1.3862943611198906,0.88,54.5,0.8,0.0,0.6668,0.7962,-0.0214955160928756,0.2715,0.869,1.063560650609191,0.0384,2.0,-0.0332896978646418,0.1835,0,0
SO_LUUQ,SO,Gedo,Luuq,True,202403,0,0,-1.3862943611198906,6.21,56.49,0.723,-0.1012025055091627,0.1227,0.8761,0.0956298291061012,0.9642,0.9963,0.1367052917854185,0.871,2.0,0.0,0.3826,2,0
SO_LUUQ,SO,Gedo,Luuq,True,202404,0,0,0.0,212.84,69.55,0.7253,0.0031761402106019,-1.1404,0.8627,-0.0154132335897849,-0.1693,0.986,-0.0103920624481751,0.1575,1.9533,-0.0236269306311562,-0.9452,8,3
SO_LUUQ,SO,Gedo,Luuq,True,202405,2,8,1.0986122886681098,36.77,64.63,0.8,0.0980263652985607,-0.5665,0.9,0.0423277572417776,-0.4665,1.0,0.0140989243795016,-0.074,2.0,0.0236269306311562,-0.9831,8,3
SO_LUUQ,SO,Gedo,Luuq,True,202406,0,0,-1.0986122886681098,2.81,50.6,0.7813,-0.0236525286652287,-0.3253,0.872,-0.0316053394153311,-1.333,0.986,-0.0140989243795016,-0.0344,1.9533,-0.0236269306311562,-0.9999,6,2
SO_LUUQ,SO,Gedo,Luuq,True,202407,7,20,2.079441541679836,2.75,58.5,0.72,-0.0817079869925976,0.1195,0.8533,-0.0216782383664405,0.586,0.9533,-0.0337267051031029,-0.1115,1.8667,-0.0453480838723748,-0.3499,7,4
SO_LUUQ,SO,Gedo,Luuq,True,202408,5,1,-0.2876820724517808,7.47,59.9,0.7105,-0.0132822644729456,-0.1914,0.8418,-0.0135687292060688,0.2432,0.9218,-0.0336013692131246,-0.3436,1.8523,-0.0077440559098738,-0.6903,9,8
SO_LUUQ,SO,Gedo,Luuq,True,202409,3,1,-0.4054651081081644,1.84,53.2,0.6855,-0.0358204485347862,-0.3586,0.8048,-0.0449486569909955,-0.0983,0.88,-0.0464063728141556,-0.5757,1.8,-0.0286414452444212,-0.9277,4,4
SO_LUUQ,SO,Gedo,Luuq,True,202410,6,16,0.5596157879354227,38.87,39.63,0.64,-0.0686803226486514,-0.8707,0.8288,0.0293850721597438,0.0723,0.8712,-0.0100503358535014,-0.6412,1.8132,0.007306575182438,-0.9156,12,8
SO_LUUQ,SO,Gedo,Luuq,True,202411,3,0,-0.5596157879354227,86.92,36.27,0.64,0.0,-2.1279,0.84,0.0134230203321406,-0.3318,0.86,-0.0129391823711972,-1.1599,1.83,0.0092227267687724,-1.5135,10,5
SO_LUUQ,SO,Gedo,Luuq,True,202412,2,0,-0.2876820724517808,1.96,29.76,0.64,0.0,-1.7651,0.8207,-0.0232442572016932,-0.471,0.9275,0.0755604052340368,1.2086,1.8155,-0.0079550549810761,-1.3939,6,4
SO_MARKA,SO,Shabeellaha Hoose,Marka,False,202401,18,21,,0.98,51.37,,,,,,,,,,,,,3,3
SO_MARKA,SO,Shabeellaha Hoose,Marka,False,202402,26,46,0.3513978868378888,0.24,52.63,,,,,,,,,,,,,0,0
SO_MARKA,SO,Shabeellaha Hoose,Marka,False,202403,13,75,-0.6567795363890707,3.34,57.35,,,,,,,,,,,,,3,2
SO_MARKA,SO,Shabeellaha Hoose,Marka,False,202404,20,7,0.4054651081081646,90.65,62.98,,,,,,,,,,,,,1,0
SO_MARKA,SO,Shabeellaha Hoose,Marka,False,202405,13,7,-0.4054651081081646,21.86,52.95,,,,,,,,,,,,,3,3
SO_MARKA,SO,Shabeellaha Hoose,Marka,False,202406,19,2,0.3566749439387324,84.77,44.22,,,,,,,,,,,,,2,1
SO_MARKA,SO,Shabeellaha Hoose,Marka,False,202407,19,17,0.0,21.58,45.21,,,,,,,,,,,,,2,1
SO_MARKA,SO,Shabeellaha Hoose,Marka,False,202408,23,1,0.1823215567939549,29.48,46.7,,,,,,,,,,,,,1,1
SO_MARKA,SO,Shabeellaha Hoose,Marka,False,202409,31,14,0.2876820724517808,7.47,46.68,,,,,,,,,,,,,2,2
SO_MARKA,SO,Shabeellaha Hoose,Marka,False,202410,26,17,-0.1698990367953974,7.33,39.21,,,,,,,,,,,,,2,0
SO_MARKA,SO,Shabeellaha Hoose,Marka,False,202411,20,9,-0.2513144282809061,58.09,30.87,,,,,,,,,,,,,4,1
SO_MARKA,SO,Shabeellaha Hoose,Marka,False,202412,14,8,-0.3364722366212129,3.21,30.94,,,,,,,,,,,,,2,0
SO_OODWEYNE,SO,Togdheer,Oodweyne,False,202401,1,0,,2.29,68.4,,,,,,,,,,,,,0,0
SO_OODWEYNE,SO,Togdheer,Oodweyne,False,202402,0,0,-0.6931471805599453,2.78,52.25,,,,,,,,,,,,,0,0
SO_OODWEYNE,SO,Togdheer,Oodweyne,False,202403,0,0,0.0,10.2,48.18,,,,,,,,,,,,,0,0
SO_OODWEYNE,SO,Togdheer,Oodweyne,False,202404,0,0,0.0,58.8,53.14,,,,,,,,,,,,,1,0
SO_OODWEYNE,SO,Togdheer,Oodweyne,False,202405,0,0,0.0,48.53,55.57,,,,,,,,,,,,,0,0
SO_OODWEYNE,SO,Togdheer,Oodweyne,False,202406,0,0,0.0,7.67,48.97,,,,,,,,,,,,,0,0
SO_OODWEYNE,SO,Togdheer,Oodweyne,False,202407,0,0,0.0,26.66,42.4,,,,,,,,,,,,,0,0
SO_OODWEYNE,SO,Togdheer,Oodweyne,False,202408,0,0,0.0,40.58,53.8,,,,,,,,,,,,,0,0
SO_OODWEYNE,SO,Togdheer,Oodweyne,False,202409,0,0,0.0,20.88,64.49,,,,,,,,,,,,,0,0
SO_OODWEYNE,SO,Togdheer,Oodweyne,False,202410,0,0,0.0,52.62,56.14,,,,,,,,,,,,,0,0
SO_OODWEYNE,SO,Togdheer,Oodweyne,False,202411,0,0,0.0,14.95,47.35,,,,,,,,,,,,,0,0
SO_OODWEYNE,SO,Togdheer,Oodweyne,False,202412,0,0,0.0,1.84,43.1,,,,,,,,,,,,,0,0
SO_QANDALA,SO,Bari,Qandala,False,202401,0,0,,0.55,64.52,,,,,,,,,,,,,0,0
SO_QANDALA,SO,Bari,Qandala,False,202402,1,0,0.6931471805599453,0.73,56.37,,,,,,,,,,,,,0,0
SO_QANDALA,SO,Bari,Qandala,False,202403,1,0,0.0,3.02,51.93,,,,,,,,,,,,,0,0
SO_QANDALA,SO,Bari,Qandala,False,202404,2,50,0.4054651081081645,16.33,47.19,,,,,,,,,,,,,0,0
SO_QANDALA,SO,Bari,Qandala,False,202405,3,3,0.2876820724517808,20.73,47.41,,,,,,,,,,,,,1,0
SO_QANDALA,SO,Bari,Qandala,False,202406,0,0,-1.3862943611198906,3.6,50.74,,,,,,,,,,,,,0,0
SO_QANDALA,SO,Bari,Qandala,False,202407,0,0,0.0,1.36,56.69,,,,,,,,,,,,,1,0
SO_QANDALA,SO,Bari,Qandala,False,202408,0,0,0.0,12.11,59.71,,,,,,,,,,,,,0,0
SO_QANDALA,SO,Bari,Qandala,False,202409,0,0,0.0,9.69,57.3,,,,,,,,,,,,,0,0
SO_QANDALA,SO,Bari,Qandala,False,202410,1,0,0.6931471805599453,10.74,46.32,,,,,,,,,,,,,0,0
SO_QANDALA,SO,Bari,Qandala,False,202411,0,0,-0.6931471805599453,3.38,41.55,,,,,,,,,,,,,0,0
SO_QANDALA,SO,Bari,Qandala,False,202412,0,0,0.0,8.5,42.85,,,,,,,,,,,,,1,0
SO_QANSAX_DHEERE,SO,Bay,Qansax Dheere,True,202401,6,0,,1.38,55.32,1.0745,,-0.8059,1.12,,0.1809,1.0226,,-0.8587,2.5452,,-0.0638,0,0
SO_QANSAX_DHEERE,SO,Bay,Qansax Dheere,True,202402,4,3,-0.3364722366212129,1.37,51.69,1.0455,-0.0273601972138768,-0.3028,1.1124,-0.0068088419293304,0.2659,1.1724,0.1367045261908386,0.0679,2.4621,-0.0331945880548614,-0.2595,0,0
SO_QANSAX_DHEERE,SO,Bay,Qansax Dheere,True,202403,6,3,0.3364722366212129,13.94,51.96,1.0839,0.0360704079530159,-0.5891,1.091,-0.019425136526739,-0.1403,1.1819,0.0080703831814574,-0.3878,2.4,-0.0255459069677387,-0.8074,0,0
SO_QANSAX_DHEERE,SO,Bay,Qansax Dheere,True,202404,2,0,-0.8472978603872034,242.84,70.67,1.0273,-0.0536316465994862,-0.8645,1.0783,-0.011708979945044,-0.6308,1.1556,-0.0225036234261147,-0.7186,2.3423,-0.0243353847371727,-0.7304,0,0
SO_QANSAX_DHEERE,SO,Bay,Qansax Dheere,True,202405,5,0,0.6931471805599452,23.43,62.47,1.14,0.1040942611663229,-0.2277,1.1239,0.0414190526361946,-0.3698,1.24,0.0704916900070024,-0.2153,2.6,0.1043780924107092,-0.3708,1,0
SO_QANSAX_DHEERE,SO,Bay,Qansax Dheere,True,202406,5,9,0.0,7.05,49.17,0.9883,-0.1427972460064029,-0.5918,1.036,-0.0814376357047929,-0.7867,1.1933,-0.0383888012234724,0.3446,2.5767,-0.0090019345692845,-0.181,1,0
SO_QANSAX_DHEERE,SO,Bay,Qansax Dheere,True,202407,4,10,-0.1823215567939546,14.42,55.34,0.8933,-0.1010638246743447,-1.0299,0.96,-0.0761891383575465,-0.2853,1.04,-0.1375018652401916,-1.1387,1.8867,-0.3116802392227215,-1.5225,1,0
SO_QANSAX_DHEERE,SO,Bay,Qansax Dheere,True,202408,2,0,-0.5108256237659905,15.17,62.22,0.9585,0.0704470917779058,0.545,0.9741,0.014580683315028,0.974,1.2615,0.1930807759456941,1.2938,1.8781,-0.0045686437306755,-1.1026,0,0
SO_QANSAX_DHEERE,SO,Bay,Qansax Dheere,True,202409,2,18,0.0,2.82,60.36,0.9614,0.0030209929741611,0.8299,0.9759,0.0018461543705055,1.2729,1.4034,0.1065963747370758,2.1044,2.0,0.0628865530551905,-0.8916,0,0
SO_QANSAX_DHEERE,SO,Bay,Qansax Dheere,True,202410,1,0,-0.4054651081081645,25.99,39.16,1.0,0.0393647235222767,1.0381,1.0,0.0243951568347216,1.3745,1.2,-0.1565763070420966,1.0419,2.5,0.2231435513142098,0.1769,1,0
SO_QANSAX_DHEERE,SO,Bay,Qansax Dheere,True,202411,4,6,0.916290731874155,163.2,37.67,1.0,0.0,0.4352,1.0,0.0,0.9151,1.0667,-0.1177517861446545,-0.4028,2.5,0.0,-0.0582,0,0
SO_QANSAX_DHEERE,SO,Bay,Qansax Dheere,True,202412,5,0,0.1823215567939546,4.07,36.19,0.9871,-0.0129839275582947,0.4416,0.9871,-0.0129839275582947,0.4208,1.0,-0.0645697706493,-0.5783,2.5,0.0,0.2081,3,1
SO_QARDHO,SO,Bari,Qardho,True,202401,1,1,,0.2,40.65,0.8,,-1.6178,0.8,,0.4493,0.4,,-3.3171,1.4548,,1.8506,1,1
SO_QARDHO,SO,Bari,Qardho,True,202402,0,0,-0.6931471805599453,0.78,32.95,0.8,0.0,-1.2932,0.8,0.0,0.4494,0.9172,0.8298610038757673,-1.0295,1.4759,0.0143995390748961,1.8038,0,0
SO_QARDHO,SO,Bari,Qardho,True,202403,0,0,0.0,3.68,34.04,0.8,0.0,-1.2738,0.8,0.0,0.3768,1.0,0.0864297279983876,-0.7281,1.5226,0.0311514266843819,2.1331,0,0
SO_QARDHO,SO,Bari,Qardho,True,202404,1,0,0.6931471805599453,15.15,36.94,0.7933,-0.00841026735997,-1.1162,0.8117,0.0145190860992026,0.3873,1.0233,0.0230326991105727,-0.7107,1.6233,0.064041714444687,2.2011,6,1
SO_QARDHO,SO,Bari,Qardho,True,202405,0,0,-0.6931471805599453,58.14,42.43,0.7806,-0.0161386055614427,-1.1915,0.8194,0.0094415513456407,0.4854,1.0226,-0.000684295446811,-0.5175,1.4403,-0.1196096891117949,0.9437,1,0
SO_QARDHO,SO,Bari,Qardho,True,202406,0,0,0.0,2.23,40.36,0.8337,0.0658107706700532,-0.7512,0.8337,0.017301260303797,0.6837,1.0233,0.000684295446811,-0.4788,1.5153,0.0507620139371123,1.5567,3,2
SO_QARDHO,SO,Bari,Qardho,True,202407,0,0,0.0,0.54,46.16,0.8133,-0.0247735802438381,-1.2413,0.8133,-0.0247735802438381,0.3736,1.0333,0.0097248651275995,-0.6421,1.6333,0.0749890689169768,1.745,1,1
SO_QARDHO,SO,Bari,Qardho,True,202408,0,0,0.0,4.31,49.95,0.8096,-0.0045597466395284,-1.1388,0.8144,0.0013516006235287,0.3102,1.0,-0.0327575642381722,-0.7814,1.7519,0.0700984051826827,2.156,1,1
SO_QARDHO,SO,Bari,Qardho,True,202409,1,0,0.6931471805599453,4.39,43.69,0.8031,-0.0080610593387845,-1.3841,0.801,-0.016590698727899,0.0139,1.0724,0.0698991273796671,-0.4367,1.7,-0.0300726621974688,1.8109,0,0
SO_QARDHO,SO,Bari,Qardho,True,202410,0,0,-0.6931471805599453,18.86,34.62,0.7952,-0.0098855838520522,-1.4093,0.784,-0.0214519267179514,-0.1536,1.0,-0.0698991273796671,-0.8561,1.632,-0.0408219945202552,1.3381,3,2
SO_QARDHO,SO,Bari,Qardho,True,202411,0,0,0.0,4.92,29.11,0.7743,-0.0266342599496864,-1.6941,0.7,-0.1133286853070032,-0.974,1.0,0.0,-0.849,1.8033,0.0998120631891737,2.0095,2,0
SO_QARDHO,SO,Bari,Qardho,True,202412,0,0,0.0,1.76,25.24,0.7832,0.0114286958236227,-1.6178,0.7636,0.0869637568081878,-0.3423,1.0,0.0,-0.088,1.4136,-0.2434786777077393,0.3555,1,1
SO_QORYOOLEY,SO,Shabeellaha Hoose,Qoryooley,False,202401,8,7,,0.98,47.65,,,,,,,,,,,,,1,1
SO_QORYOOLEY,SO,Shabeellaha Hoose,Qoryooley,False,202402,6,7,-0.2513144282809063,0.51,46.22,,,,,,,,,,,,,0,0
SO_QORYOOLEY,SO,Shabeellaha Hoose,Qoryooley,False,202403,5,7,-0.1541506798272582,6.53,45.69,,,,,,,,,,,,,1,0
SO_QORYOOLEY,SO,Shabeellaha Hoose,Qoryooley,False,202404,6,6,0.1541506798272582,145.09,61.26,,,,,,,,,,,,,0,0
SO_QORYOOLEY,SO,Shabeellaha Hoose,Qoryooley,False,202405,4,0,-0.3364722366212129,33.1,54.41,,,,,,,,,,,,,2,2
SO_QORYOOLEY,SO,Shabeellaha Hoose,Qoryooley,False,202406,9,14,0.6931471805599456,79.55,41.65,,,,,,,,,,,,,2,1
SO_QORYOOLEY,SO,Shabeellaha Hoose,Qoryooley,False,202407,5,3,-0.5108256237659909,22.04,41.23,,,,,,,,,,,,,4,1
SO_QORYOOLEY,SO,Shabeellaha Hoose,Qoryooley,False,202408,6,12,0.1541506798272582,32.03,39.17,,,,,,,,,,,,,0,0
SO_QORYOOLEY,SO,Shabeellaha Hoose,Qoryooley,False,202409,7,0,0.1335313926245225,8.93,36.24,,,,,,,,,,,,,0,0
SO_QORYOOLEY,SO,Shabeellaha Hoose,Qoryooley,False,202410,10,3,0.3184537311185349,18.86,23.91,,,,,,,,,,,,,1,0
SO_QORYOOLEY,SO,Shabeellaha Hoose,Qoryooley,False,202411,14,3,0.3101549283038394,97.6,22.88,,,,,,,,,,,,,1,0
SO_QORYOOLEY,SO,Shabeellaha Hoose,Qoryooley,False,202412,13,11,-0.0689928714869516,2.85,24.09,,,,,,,,,,,,,0,0
SO_RAB_DHUURE,SO,Bakool,Rab Dhuure,True,202401,3,0,,0.39,58.66,1.3129,,,1.371,,,0.8,,,2.0,,,0,0
SO_RAB_DHUURE,SO,Bakool,Rab Dhuure,True,202402,0,0,-1.3862943611198906,0.81,64.06,1.2379,-0.0588220354023,,1.3483,-0.0166958609222854,,1.4034,0.562041415150261,,2.1,0.048790164169432,,0,0
SO_RAB_DHUURE,SO,Bakool,Rab Dhuure,True,202403,0,0,0.0,5.47,62.03,1.3903,0.1161031556377331,,1.6806,0.220306332854089,,1.5,0.0665672442721131,,2.2,0.0465200156348929,,0,0
SO_RAB_DHUURE,SO,Bakool,Rab Dhuure,True,202404,0,0,0.0,267.41,67.29,1.3233,-0.049390934396494,,1.53,-0.0938831371076368,,1.5067,0.0044567207169412,,2.2533,0.0239384480136684,,0,0
SO_RAB_DHUURE,SO,Bakool,Rab Dhuure,True,202405,0,0,0.0,36.38,59.48,1.3,-0.0177643523293755,,1.6,0.0447358938413915,,1.6,0.0600818004206299,,2.3,0.0205133145571652,,0,0
SO_RAB_DHUURE,SO,Bakool,Rab Dhuure,True,202406,0,0,0.0,0.93,55.62,1.2767,-0.018085640623323,,1.4367,-0.1076548122111992,,1.5533,-0.0296219292340111,,2.3,0.0,,0,0
SO_RAB_DHUURE,SO,Bakool,Rab Dhuure,True,202407,0,0,0.0,1.58,58.44,1.2067,-0.0563892627467499,,1.3667,-0.0499497420459186,,1.3333,-0.1527246278724487,,2.3,0.0,,0,0
SO_RAB_DHUURE,SO,Bakool,Rab Dhuure,True,202408,0,0,0.0,6.92,57.26,1.2,-0.0055678043034635,,1.4,0.0240731616325951,,1.3322,-0.0008253611423336,,2.4,0.0425596144187959,,0,0
SO_RAB_DHUURE,SO,Bakool,Rab Dhuure,True,202409,2,0,1.0986122886681098,4.52,54.16,1.1952,-0.0040080213975387,,1.4386,0.0271981818299059,,1.3303,-0.001427230289219,,2.329,-0.0300297464516958,,0,0
SO_RAB_DHUURE,SO,Bakool,Rab Dhuure,True,202410,2,0,0.0,62.45,38.78,1.2336,0.0316231884305121,,1.4504,0.0081689620073853,,1.4,0.0510677559134898,,2.3504,0.0091465355352718,,1,1
SO_RAB_DHUURE,SO,Bakool,Rab Dhuure,True,202411,0,0,-1.0986122886681098,48.14,34.84,1.1867,-0.0387603781379715,,1.3333,-0.0841823083192285,,1.3733,-0.0192556340671137,,2.12,-0.1031694377535547,,1,0
SO_RAB_DHUURE,SO,Bakool,Rab Dhuure,True,202412,0,0,0.0,1.04,28.91,1.0989,-0.0768666662182151,,1.2682,-0.0500584998554814,,1.3218,-0.0382221584998836,,2.1,-0.0094787439545438,,1,0
SO_SAAKOW,SO,Jubbada Dhexe,Saakow,False,202401,2,0,,0.86,51.61,,,,,,,,,,,,,0,0
SO_SAAKOW,SO,Jubbada Dhexe,Saakow,False,202402,1,5,-0.4054651081081645,2.46,43.04,,,,,,,,,,,,,0,0
SO_SAAKOW,SO,Jubbada Dhexe,Saakow,False,202403,0,0,-0.6931471805599453,11.1,44.47,,,,,,,,,,,,,0,0
SO_SAAKOW,SO,Jubbada Dhexe,Saakow,False,202404,0,0,0.0,270.34,65.04,,,,,,,,,,,,,1,0
SO_SAAKOW,SO,Jubbada Dhexe,Saakow,False,202405,0,0,0.0,32.18,47.04,,,,,,,,,,,,,1,0
SO_SAAKOW,SO,Jubbada Dhexe,Saakow,False,202406,1,0,0.6931471805599453,22.52,31.44,,,,,,,,,,,,,0,0
SO_SAAKOW,SO,Jubbada Dhexe,Saakow,False,202407,2,5,0.4054651081081645,26.26,37.54,,,,,,,,,,,,,0,0
SO_SAAKOW,SO,Jubbada Dhexe,Saakow,False,202408,1,0,-0.4054651081081645,13.61,42.67,,,,,,,,,,,,,0,0
SO_SAAKOW,SO,Jubbada Dhexe,Saakow,False,202409,1,2,0.0,10.56,43.01,,,,,,,,,,,,,0,0
SO_SAAKOW,SO,Jubbada Dhexe,Saakow,False,202410,0,0,-0.6931471805599453,19.03,28.15,,,,,,,,,,,,,0,0
SO_SAAKOW,SO,Jubbada Dhexe,Saakow,False,202411,0,0,0.0,200.6,33.64,,,,,,,,,,,,,2,0
SO_SAAKOW,SO,Jubbada Dhexe,Saakow,False,202412,0,0,0.0,3.23,34.64,,,,,,,,,,,,,0,0
SO_SABLALE,SO,Shabeellaha Hoose,Sablale,False,202401,0,0,,0.81,59.17,,,,,,,,,,,,,0,0
SO_SABLALE,SO,Shabeellaha Hoose,Sablale,False,202402,0,0,0.0,0.93,52.67,,,,,,,,,,,,,0,0
SO_SABLALE,SO,Shabeellaha Hoose,Sablale,False,202403,0,0,0.0,8.6,48.63,,,,,,,,,,,,,0,0
SO_SABLALE,SO,Shabeellaha Hoose,Sablale,False,202404,0,0,0.0,236.43,63.05,,,,,,,,,,,,,0,0
SO_SABLALE,SO,Shabeellaha Hoose,Sablale,False,202405,0,0,0.0,35.3,54.69,,,,,,,,,,,,,0,0
SO_SABLALE,SO,Shabeellaha Hoose,Sablale,False,202406,0,0,0.0,85.23,44.96,,,,,,,,,,,,,1,1
SO_SABLALE,SO,Shabeellaha Hoose,Sablale,False,202407,0,0,0.0,38.98,43.18,,,,,,,,,,,,,0,0
SO_SABLALE,SO,Shabeellaha Hoose,Sablale,False,202408,0,0,0.0,24.08,44.08,,,,,,,,,,,,,0,0
SO_SABLALE,SO,Shabeellaha Hoose,Sablale,False,202409,0,0,0.0,12.47,42.13,,,,,,,,,,,,,1,1
SO_SABLALE,SO,Shabeellaha Hoose,Sablale,False,202410,0,0,0.0,23.54,29.9,,,,,,,,,,,,,0,0
SO_SABLALE,SO,Shabeellaha Hoose,Sablale,False,202411,0,0,0.0,159.11,34.61,,,,,,,,,,,,,1,0
SO_SABLALE,SO,Shabeellaha Hoose,Sablale,False,202412,0,0,0.0,3.22,40.84,,,,,,,,,,,,,0,0
SO_SHEEKH,SO,Togdheer,Sheekh,False,202401,0,0,,2.42,66.11,,,,,,,,,,,,,2,0
SO_SHEEKH,SO,Togdheer,Sheekh,False,202402,0,0,0.0,3.17,56.58,,,,,,,,,,,,,7,4
SO_SHEEKH,SO,Togdheer,Sheekh,False,202403,0,0,0.0,21.37,52.18,,,,,,,,,,,,,2,0
SO_SHEEKH,SO,Togdheer,Sheekh,False,202404,0,0,0.0,139.54,59.11,,,,,,,,,,,,,7,3
SO_SHEEKH,SO,Togdheer,Sheekh,False,202405,0,0,0.0,41.49,53.37,,,,,,,,,,,,,5,3
SO_SHEEKH,SO,Togdheer,Sheekh,False,202406,0,0,0.0,11.5,47.56,,,,,,,,,,,,,9,3
SO_SHEEKH,SO,Togdheer,Sheekh,False,202407,0,0,0.0,27.42,52.27,,,,,,,,,,,,,3,0
SO_SHEEKH,SO,Togdheer,Sheekh,False,202408,0,0,0.0,63.94,63.29,,,,,,,,,,,,,0,0
SO_SHEEKH,SO,Togdheer,Sheekh,False,202409,0,0,0.0,25.23,62.94,,,,,,,,,,,,,2,1
SO_SHEEKH,SO,Togdheer,Sheekh,False,202410,0,0,0.0,91.93,57.09,,,,,,,,,,,,,4,1
SO_SHEEKH,SO,Togdheer,Sheekh,False,202411,0,0,0.0,12.04,52.94,,,,,,,,,,,,,5,1
SO_SHEEKH,SO,Togdheer,Sheekh,False,202412,0,0,0.0,5.31,52.48,,,,,,,,,,,,,1,0
SO_TALEEX,SO,Sool,Taleex,True,202401,0,0,,0.64,46.36,1.0,,,0.7,,,1.0452,,,1.6452,,,0,0
SO_TALEEX,SO,Sool,Taleex,True,202402,0,0,0.0,1.04,37.67,0.9379,-0.0641119454672442,,0.8483,0.1921540117702845,,1.1724,0.1148446751902801,,1.6,-0.0278583281283963,,0,0
SO_TALEEX,SO,Sool,Taleex,True,202403,0,0,0.0,3.66,36.78,0.7984,-0.1610336085176385,,0.8097,-0.0465705381216204,,1.0871,-0.0755393296267828,,1.7129,0.0681842112760666,,0,0
SO_TALEEX,SO,Sool,Taleex,True,202404,0,0,0.0,17.66,46.74,0.7767,-0.0275555495716526,,0.81,0.0003704389744158,,1.0467,-0.0378712423491165,,1.6333,-0.0475853324448457,,0,0
SO_TALEEX,SO,Sool,Taleex,True,202405,0,0,0.0,42.31,60.21,0.8,0.0295575522423257,,0.9468,0.1560536299733443,,1.0839,0.0349232899608662,,1.7694,0.080037997990192,,0,0
SO_TALEEX,SO,Sool,Taleex,True,202406,0,0,0.0,3.25,52.85,0.8467,0.0567347129803041,,0.93,-0.0179032914925271,,1.2167,0.115576627971699,,2.01,0.1274942160038357,,0,0
SO_TALEEX,SO,Sool,Taleex,True,202407,0,0,0.0,0.68,54.12,1.0,0.1664088383339055,,0.9167,-0.0144043211795718,,1.2,-0.0138207190173116,,2.0333,0.0115253668631747,,1,0
SO_TALEEX,SO,Sool,Taleex,True,202408,0,0,0.0,2.05,52.42,1.2963,0.2595140526238601,,1.0,0.0869750140144071,,1.5,0.2231435513142098,,2.5481,0.2256878944734532,,0,0
SO_TALEEX,SO,Sool,Taleex,True,202409,0,0,0.0,6.52,47.07,0.9655,-0.294623229737428,,0.9034,-0.1015898557616332,,1.2103,-0.2145968453457433,,2.3345,-0.0875502479787576,,0,0
SO_TALEEX,SO,Sool,Taleex,True,202410,0,0,0.0,35.48,43.05,0.716,-0.2989659349079235,,0.8,-0.1215536955525764,,1.0,-0.190868262762421,,2.272,-0.0271372345699497,,1,1
SO_TALEEX,SO,Sool,Taleex,True,202411,0,0,0.0,5.41,41.88,0.7683,0.0705001149129436,,0.8467,0.0567347129803041,,1.0233,0.0230326991105727,,2.3,0.012248622076199,,0,0
SO_TALEEX,SO,Sool,Taleex,True,202412,0,0,0.0,0.33,42.41,0.7,-0.0930999468301846,,0.8,-0.0567347129803041,,1.0,-0.0230326991105727,,2.2841,-0.0069370492626527,,0,0
SO_TIYEEGLOW,SO,Bakool,Tiyeeglow,False,202401,2,0,,0.64,61.21,,,,,,,,,,,,,2,2
SO_TIYEEGLOW,SO,Bakool,Tiyeeglow,False,202402,0,0,-1.0986122886681098,0.86,59.75,,,,,,,,,,,,,0,0
SO_TIYEEGLOW,SO,Bakool,Tiyeeglow,False,202403,0,0,0.0,3.66,56.81,,,,,,,,,,,,,0,0
SO_TIYEEGLOW,SO,Bakool,Tiyeeglow,False,202404,0,0,0.0,142.29,72.58,,,,,,,,,,,,,0,0
SO_TIYEEGLOW,SO,Bakool,Tiyeeglow,False,202405,0,0,0.0,85.79,70.72,,,,,,,,,,,,,0,0
SO_TIYEEGLOW,SO,Bakool,Tiyeeglow,False,202406,0,0,0.0,4.95,58.36,,,,,,,,,,,,,1,1
SO_TIYEEGLOW,SO,Bakool,Tiyeeglow,False,202407,0,0,0.0,33.29,54.01,,,,,,,,,,,,,0,0
SO_TIYEEGLOW,SO,Bakool,Tiyeeglow,False,202408,0,0,0.0,27.39,55.88,,,,,,,,,,,,,0,0
SO_TIYEEGLOW,SO,Bakool,Tiyeeglow,False,202409,0,0,0.0,5.72,61.54,,,,,,,,,,,,,0,0
SO_TIYEEGLOW,SO,Bakool,Tiyeeglow,False,202410,0,0,0.0,28.78,43.24,,,,,,,,,,,,,0,0
SO_TIYEEGLOW,SO,Bakool,Tiyeeglow,False,202411,0,0,0.0,46.89,40.53,,,,,,,,,,,,,1,0
SO_TIYEEGLOW,SO,Bakool,Tiyeeglow,False,202412,0,0,0.0,0.88,32.49,,,,,,,,,,,,,1,1
SO_WAJID,SO,Bakool,Wajid,False,202401,1,0,,0.63,59.49,,,,,,,,,,,,,0,0
SO_WAJID,SO,Bakool,Wajid,False,202402,0,0,-0.6931471805599453,0.85,63.56,,,,,,,,,,,,,1,1
SO_WAJID,SO,Bakool,Wajid,False,202403,5,7,1.791759469228055,5.2,60.33,,,,,,,,,,,,,0,0
SO_WAJID,SO,Bakool,Wajid,False,202404,3,1,-0.4054651081081644,266.1,73.58,,,,,,,,,,,,,0,0
SO_WAJID,SO,Bakool,Wajid,False,202405,3,1,0.0,45.09,59.97,,,,,,,,,,,,,1,0
SO_WAJID,SO,Bakool,Wajid,False,202406,3,2,0.0,5.23,44.14,,,,,,,,,,,,,0,0
SO_WAJID,SO,Bakool,Wajid,False,202407,8,0,0.810930216216329,12.86,49.35,,,,,,,,,,,,,1,1
SO_WAJID,SO,Bakool,Wajid,False,202408,4,0,-0.5877866649021193,17.12,56.31,,,,,,,,,,,,,2,2
SO_WAJID,SO,Bakool,Wajid,False,202409,6,0,0.3364722366212129,6.45,56.62,,,,,,,,,,,,,0,0
SO_WAJID,SO,Bakool,Wajid,False,202410,6,1,0.0,54.77,39.03,,,,,,,,,,,,,4,3
SO_WAJID,SO,Bakool,Wajid,False,202411,9,2,0.3566749439387326,65.93,39.51,,,,,,,,,,,,,5,4
SO_WAJID,SO,Bakool,Wajid,False,202412,8,5,-0.1053605156578263,1.48,35.12,,,,,,,,,,,,,6,6
SO_WANLA_WEYN,SO,Shabeellaha Hoose,Wanla Weyn,False,202401,3,1,,1.55,56.63,,,,,,,,,,,,,0,0
SO_WANLA_WEYN,SO,Shabeellaha Hoose,Wanla Weyn,False,202402,1,1,-0.6931471805599453,1.02,58.72,,,,,,,,,,,,,0,0
SO_WANLA_WEYN,SO,Shabeellaha Hoose,Wanla Weyn,False,202403,3,3,0.6931471805599453,6.22,58.18,,,,,,,,,,,,,0,0
SO_WANLA_WEYN,SO,Shabeellaha Hoose,Wanla Weyn,False,202404,3,3,0.0,115.81,58.38,,,,,,,,,,,,,1,0
SO_WANLA_WEYN,SO,Shabeellaha Hoose,Wanla Weyn,False,202405,4,3,0.2231435513142097,58.6,56.52,,,,,,,,,,,,,2,1
SO_WANLA_WEYN,SO,Shabeellaha Hoose,Wanla Weyn,False,202406,1,0,-0.916290731874155,20.79,42.89,,,,,,,,,,,,,0,0
SO_WANLA_WEYN,SO,Shabeellaha Hoose,Wanla Weyn,False,202407,2,3,0.4054651081081645,12.87,35.84,,,,,,,,,,,,,1,0
SO_WANLA_WEYN,SO,Shabeellaha Hoose,Wanla Weyn,False,202408,10,31,1.2992829841302609,12.14,35.82,,,,,,,,,,,,,0,0
SO_WANLA_WEYN,SO,Shabeellaha Hoose,Wanla Weyn,False,202409,3,18,-1.01160091167848,5.29,43.59,,,,,,,,,,,,,1,0
SO_WANLA_WEYN,SO,Shabeellaha Hoose,Wanla Weyn,False,202410,3,19,0.0,19.58,30.38,,,,,,,,,,,,,0,0
SO_WANLA_WEYN,SO,Shabeellaha Hoose,Wanla Weyn,False,202411,0,0,-1.3862943611198906,81.68,28.41,,,,,,,,,,,,,2,0
SO_WANLA_WEYN,SO,Shabeellaha Hoose,Wanla Weyn,False,202412,1,0,0.6931471805599453,2.18,25.91,,,,,,,,,,,,,3,0
SO_XARARDHEERE,SO,Mudug,Xarardheere,False,202401,16,199,,3.15,44.36,,,,,,,,,,,,,1,1
SO_XARARDHEERE,SO,Mudug,Xarardheere,False,202402,8,23,-0.6359887667199966,1.74,44.11,,,,,,,,,,,,,0,0
SO_XARARDHEERE,SO,Mudug,Xarardheere,False,202403,14,68,0.5108256237659905,11.27,41.11,,,,,,,,,,,,,2,1
SO_XARARDHEERE,SO,Mudug,Xarardheere,False,202404,5,153,-0.9162907318741552,76.36,44.56,,,,,,,,,,,,,3,1
SO_XARARDHEERE,SO,Mudug,Xarardheere,False,202405,1,0,-1.0986122886681096,62.07,44.96,,,,,,,,,,,,,0,0
SO_XARARDHEERE,SO,Mudug,Xarardheere,False,202406,0,0,-0.6931471805599453,3.67,44.49,,,,,,,,,,,,,0,0
SO_XARARDHEERE,SO,Mudug,Xarardheere,False,202407,2,2,1.0986122886681098,17.16,45.86,,,,,,,,,,,,,0,0
SO_XARARDHEERE,SO,Mudug,Xarardheere,False,202408,3,4,0.2876820724517808,13.23,47.55,,,,,,,,,,,,,0,0
SO_XARARDHEERE,SO,Mudug,Xarardheere,False,202409,5,3,0.4054651081081644,1.12,40.13,,,,,,,,,,,,,0,0
SO_XARARDHEERE,SO,Mudug,Xarardheere,False,202410,10,64,0.6061358035703157,8.2,31.44,,,,,,,,,,,,,0,0
SO_XARARDHEERE,SO,Mudug,Xarardheere,False,202411,5,7,-0.6061358035703157,15.22,29.33,,,,,,,,,,,,,0,0
SO_XARARDHEERE,SO,Mudug,Xarardheere,False,202412,1,0,-1.0986122886681096,9.04,26.03,,,,,,,,,,,,,0,0
SO_XUDUN,SO,Sool,Xudun,True,202401,0,0,,1.31,49.11,0.8574,,,0.8048,,,0.7,,,1.7226,,,0,0
SO_XUDUN,SO,Sool,Xudun,True,202402,0,0,0.0,0.47,43.85,0.9,0.0484902091604339,,0.8762,0.0850005760343233,,0.9966,0.3532691508038996,,1.7621,0.0226715022196116,,1,0
SO_XUDUN,SO,Sool,Xudun,True,202403,0,0,0.0,1.38,45.34,0.8274,-0.0841065092969996,,0.8323,-0.0514014226277485,,1.0774,0.077956524399129,,1.7548,-0.004151389282626,,0,0
SO_XUDUN,SO,Sool,Xudun,True,202404,0,0,0.0,32.72,56.14,0.8467,0.0230581866209203,,0.8467,0.017153487896182,,1.0,-0.0745507312642962,,1.5233,-0.1414758561494034,,1,0
SO_XUDUN,SO,Sool,Xudun,True,202405,0,0,0.0,48.8,64.18,0.9452,0.1100501046645212,,0.9613,0.1269400944235389,,1.0,0.0,,1.5226,-0.0004596342705432,,2,0
SO_XUDUN,SO,Sool,Xudun,True,202406,0,0,0.0,1.95,45.88,0.93,-0.0162119591654511,,1.1233,0.155739525575753,,1.0,0.0,,1.5,-0.0149542917818107,,0,0
SO_XUDUN,SO,Sool,Xudun,True,202407,0,0,0.0,1.24,40.68,1.0,0.0725706928348353,,1.0667,-0.0517010110160864,,1.0,0.0,,1.5,0.0,,0,0
SO_XUDUN,SO,Sool,Xudun,True,202408,0,0,0.0,1.6,48.39,1.0,0.0,,1.2,0.1177517861446545,,1.0,0.0,,1.5,0.0,,0,0
SO_XUDUN,SO,Sool,Xudun,True,202409,0,0,0.0,5.81,52.63,1.0,0.0,,1.0552,-0.1285912343729869,,1.0966,0.092214483987811,,1.3069,-0.1378071874873112,,0,0
SO_XUDUN,SO,Sool,Xudun,True,202410,0,0,0.0,38.31,47.54,1.0,0.0,,1.0,-0.0537303224209677,,1.144,0.042316408969795,,1.296,-0.0083753226907701,,2,0
SO_XUDUN,SO,Sool,Xudun,True,202411,0,0,0.0,4.37,36.27,1.0,0.0,,1.0,0.0,,1.2,0.0477906638363485,,1.54,0.1724998184954548,,3,0
SO_XUDUN,SO,Sool,Xudun,True,202412,0,0,0.0,1.57,29.48,1.0,0.0,,1.0,0.0,,1.1364,-0.0544561857960587,,1.2318,-0.2233059021547319,,1,0
SO_XUDUR,SO,Bakool,Xudur,True,202401,6,20,,0.45,59.44,0.9426,,-0.534,0.9819,,-0.3995,0.85,,0.0,2.0677,,1.6766,1,1
SO_XUDUR,SO,Bakool,Xudur,True,202402,5,6,-0.1541506798272582,0.53,60.33,0.9393,-0.0035070974891607,-0.5501,0.9614,-0.0210989147153841,-0.4083,1.1517,0.3037580411904995,0.0,2.0,-0.0332896978646418,1.3475,1,1
SO_XUDUR,SO,Bakool,Xudur,True,202403,13,0,0.8472978603872034,3.25,58.19,1.0645,0.1251255673330644,1.2796,0.9639,0.002596999330062,-0.4261,1.2903,0.1136356377829386,0.0,2.0,0.0,1.1853,1,1
SO_XUDUR,SO,Bakool,Xudur,True,202404,2,0,-1.5404450409471486,180.36,73.14,0.9477,-0.1162224878573849,-0.5546,1.1167,0.1471456316618239,0.0756,1.246,-0.0349363291104019,0.0,1.9333,-0.0339187932036259,0.6731,2,1
SO_XUDUR,SO,Bakool,Xudur,True,202405,4,1,0.5108256237659905,60.83,66.8,0.88,-0.074116089003897,-2.1389,1.0,-0.1103779074696093,-0.548,1.1871,-0.0484250622879101,-0.1609,1.8387,-0.0501695871786607,0.068,3,1
SO_XUDUR,SO,Bakool,Xudur,True,202406,4,3,0.0,1.14,51.97,0.8613,-0.0214790316771242,-1.9685,0.9627,-0.0380134421982161,-0.7308,1.1813,-0.004897831105014,0.215,2.0,0.0840883803822866,0.1912,2,1
SO_XUDUR,SO,Bakool,Xudur,True,202407,12,13,0.9555114450274363,12.05,48.48,0.76,-0.1251244425147511,-3.2554,0.91,-0.0562972372730251,-0.8942,1.0467,-0.1209731690936361,-1.6774,2.0,0.0,0.4697,2,0
SO_XUDUR,SO,Bakool,Xudur,True,202408,13,1,0.0741079721537216,19.11,49.17,0.6904,-0.0960472935111585,-3.3019,0.8504,-0.0677377724831575,-1.0794,1.0104,-0.0352960658245567,-1.6004,1.8519,-0.0769350414741223,0.2361,1,1
SO_XUDUR,SO,Bakool,Xudur,True,202409,9,3,-0.3364722366212125,12.21,53.3,0.7283,0.0534419114546511,-2.3882,0.8786,0.032622904513941,-0.9674,1.0579,0.0459395189564476,-0.8503,1.9448,0.0489470049339536,0.3218,1,0
SO_XUDUR,SO,Bakool,Xudur,True,202410,8,1,-0.1053605156578263,60.93,40.64,0.72,-0.0114618392137684,-2.1498,0.8,-0.0937180038737519,-1.2382,1.12,0.0570428742964113,-0.2897,2.0,0.0279880365401686,1.0287,4,3
SO_XUDUR,SO,Bakool,Xudur,True,202411,13,9,0.4418327522790388,21.14,38.69,0.76,0.0540672212702758,-1.873,0.8,0.0,-1.1927,1.12,0.0,-1.3911,2.0,0.0,1.0795,6,5
SO_XUDUR,SO,Bakool,Xudur,True,202412,10,0,-0.2411620568168877,0.67,31.35,0.8055,0.0581447693366523,-1.4516,0.8,0.0,-1.1454,1.12,0.0,0.778,2.0,0.0,0.6977,7,6
SO_ZEYLAC,SO,Awdal,Zeylac,False,202401,0,0,,5.15,34.25,,,,,,,,,,,,,0,0
SO_ZEYLAC,SO,Awdal,Zeylac,False,202402,0,0,0.0,3.64,29.26,,,,,,,,,,,,,0,0
SO_ZEYLAC,SO,Awdal,Zeylac,False,202403,0,0,0.0,17.24,39.41,,,,,,,,,,,,,0,0
SO_ZEYLAC,SO,Awdal,Zeylac,False,202404,0,0,0.0,25.72,52.05,,,,,,,,,,,,,0,0
SO_ZEYLAC,SO,Awdal,Zeylac,False,202405,0,0,0.0,3.95,45.49,,,,,,,,,,,,,0,0
SO_ZEYLAC,SO,Awdal,Zeylac,False,202406,0,0,0.0,1.73,36.97,,,,,,,,,,,,,0,0
SO_ZEYLAC,SO,Awdal,Zeylac,False,202407,0,0,0.0,23.59,47.03,,,,,,,,,,,,,1,1
SO_ZEYLAC,SO,Awdal,Zeylac,False,202408,0,0,0.0,33.2,56.58,,,,,,,,,,,,,0,0
SO_ZEYLAC,SO,Awdal,Zeylac,False,202409,0,0,0.0,11.72,58.28,,,,,,,,,,,,,0,0
SO_ZEYLAC,SO,Awdal,Zeylac,False,202410,0,0,0.0,26.87,46.98,,,,,,,,,,,,,0,0
SO_ZEYLAC,SO,Awdal,Zeylac,False,202411,0,0,0.0,10.06,40.82,,,,,,,,,,,,,0,0
SO_ZEYLAC,SO,Awdal,Zeylac,False,202412,0,0,0.0,4.54,37.03,,,,,,,,,,,,,0,0
