id,title,body,date_created,date_original,primary_country,countries,themes,formats,sources,month
4033694,Every Breath Counts: increasing access to medical oxygen in Somalia,"29 January 2024, Mogadishu, Somalia – A project to reduce the alarmingly high number of child deaths related to pneumonia and diarrhoea in Somalia has been formally launched by King Salman Humanitarian Aid and Relief Centre (KSrelief) and WHO. The Every Breath Counts project aims to increase access to medical oxygen, set up mother and child health care, establish oral rehydration centres and provide integrated health facilities in the fragile humanitarian setting of Somalia.

Child mortality from all causes in Somalia is among the highest in the world. A child born in Somalia today is about 16.5 times more likely to die before the age of 5 years than a child elsewhere. Every Breath Counts aims to reduce pneumonia- and diarrhoea-related morbidity and mortality among children aged under 5 years in the project’s target districts.

Supervisor General of KSrelief His Excellency Abdullah Al Rabeeah launched the project along with Prime Minister of Somalia His Excellency Hamza Abdi Barre, WHO Representative in Somalia Dr Sindani Ireneaus Sebit and other high-ranking government and United Nations officials.

H.E. Mr Hamza Abdi Barre expressed profound thanks to the visiting dignitaries, to Saudi Arabia and to KSrelief for extending much-needed support to Somalia’s fragile health system: “KSrelief and WHO are helping to set up a sustainable health delivery model which will prove beneficial not only for achieving universal health coverage but also Somalia’s key elements of Essential Package of Health Services.”

The project is set to equip 28 health facilities across 10 select drought- and pneumonia-affected districts with solar-powered oxygen concentrators. The project will also provide 90 oxygen cylinders, 15 baby incubators and 4 ambulances in total to the selected health facilities. In addition, the project will help set up 15 triage centres and oral rehydration centres.

H.E. Dr Abdullah Al Rabeeah said on launching the project: “KSrelief is investing in the future of Somalia by providing self-sustainable and environment-friendly solutions and ensuring that selected health facilities can run various medical procedures especially for children and women without power interruptions.”

An estimated 230 127 children aged under 5 years and more than 3.3 million community members will benefit from the project interventions. Over 700 health workers will be trained on screening, outreach and treatment procedures in the course of the project.

Praising KSrelief for investing in saving the lives of Somalia’s children, acting Head of Mission for WHO Somalia country office, Dr Sindani Ireneaus Sebit said: “Contrary to what this situation in Somalia looks like, WHO has shown that community-based outreach programmes involving visits by community health workers to individual households for the diagnosis, treatment and care of pneumonia and diarrhoea and linking these interventions to primary-level care facilities can be a game-changer.”

Currently, the under-five mortality rate in Somalia is 117 per 1000 live births, which is higher than the sub-Saharan African average of 76 deaths per 1000 per live births. Approximately 21% of these deaths among children aged under 5 years in Somalia are attributed to pneumonia, while 18–20% of the deaths are attributed to diarrhoeal diseases alone.

**Project interventions**

The KSrelief resources will help WHO to set up cost-effective and evidence-based life-saving interventions in 10 districts of Somalia. The focus will be on strengthening community-based preventive, promotive and curative care and care for sick children with symptoms of child pneumonia and diarrhoeal disease.

The project activities will also help strengthen the capacities of primary health care/maternity and child health centres and district hospitals (referral hospitals) to deliver essential health services for pregnant women and people with disabilities. Across the 10 target districts, 28 health facilities will also be equipped to deliver both ambulatory and acute care for sick children diagnosed with pneumonia or diarrhoeal disease.

The services will be aligned within the overarching framework of the Government of Somalia’s vision for universal health coverage. This is consistent with the Government’s plan for implementing its Essential Package of Health Services (EPHS 2020) at the community and primary levels of care to achieve universal health coverage.

**Notes to editors**

The integrated Global Action Plan for the Prevention and Control of Pneumonia and Diarrhoea set a global target to reduce pneumonia-related deaths in children aged under 5 years to 3 deaths per 1000 live births. Currently, however, there are 39.5 child pneumonia deaths per 1000 live births in Somalia – which shows how far the country is from achieving the global target.

Somalia has a high burden and prevalence of risk factors for childhood pneumonia and diarrhoea, including non-exclusive breastfeeding, overcrowding in camps for internally displaced people, high rates of malnutrition and indoor air pollution, poor immunization coverage, and lack of access to quality health care for sick children at the community level. These factors will continue to contribute to a high number of deaths from these preventable causes if the situation cannot be improved.

The current humanitarian situation in Somalia – which results from protracted conflict, civil war, climatic shock and mass displacement – also contributes to poor health service delivery across the country. This has resulted in poor access to health care for vulnerable groups such as disadvantaged children.

Over 7.8 million people in Somalia are adversely affected by climatic shock – of whom more than 1.1 million have been displaced. The Government has declared the current drought situation an “acute humanitarian emergency” and appealed for emergency assistance from international partners and humanitarian agencies.

The drought situation may further aggravate the health conditions of children aged under 5 years because of children’s worsening nutrition condition and the lack of health services in affected areas. This may lead to excess morbidity and mortality from high-burden diseases such as pneumonia and diarrhoeal diseases.

**For additional information, please contact:**

Fouzia Bano, Communications Officer, WHO Somalia
Email: banof@who.int
Saeed Ahmed, External Relations /Reporting Officer, WHO Somalia
Email: saeahmed@who.int",2024-01-30T07:45:33+00:00,2024-01-29T00:00:00+00:00,Somalia,Somalia,"Contributions, Health",News and Press Release,WHO,2024-01
4033945,"Multi-Sector Needs Assessments (MSNA) 2023 - Water, Sanitation, and Hygiene (WASH) - (November 2023) Somalia","**KEY MESSAGES**

• MSNA findings suggest that the majority of assessed households faced barriers when accessing water and were water insecure despite relatively high access to improved water sources.

• More than three quarters of assessed households seemed to rely on unimproved sanitation facilities and environmental hazards were commonly reported. This could compound the vulnerability of households already dependent on poor facilities and increase vulnerability to water-borne diseases.

• A large majority of assessed households did not appear to have any dedicated hand-washing facility in their dwelling/ yard/plot, which could also increase vulnerability to waterborne diseases. However, among the small proportion of households that did, findings suggest that these households were largely using the hand-washing facility and had access to water and soap.

• A quarter of women may be facing menstrual hygiene challenges which prevented them from working, participating in the community, and/or carrying out daily tasks.",2024-01-30T18:36:33+00:00,2024-01-30T00:00:00+00:00,Somalia,Somalia,"Protection and Human Rights, Water Sanitation Hygiene",Assessment,REACH,2024-01
4036403,"Rapid Multi-sectoral Needs Assessment of populations affected by Deyr flooding - Badhaadhe District, Somalia, December 2023","**Key Highlights**

• In the surveyed sites, majority identified shelter as priority need for flood-affected men, women, and children. In addition, in-kind assistance (NFIs) and multipurpose cash transfers were as reported for women and men while children identified nutrition treatment.

• Mosquito nets was also reported as an urgent non-food item (NFI) requirement in 25 out of 25 sites.

• Local markets and borrowing/debt were reported as the primary source of food in 14 sites (out of 25 although there was a considerable number of sites 10 out of 25 sites that reported distance to the local market could last between 1-3 hours after flooding. Additionally, compared to the prices before the flooding, 20 out of the 25 sites reported significant price increases for the main food commodities, while 8 out of 25 sites reported slight increase.

• In 14 out of 25 sites, open defecation was reported as the prevailing practice for using latrines, which increases the risk of disease outbreaks such as cholera.

• Due to the damage caused by the flooding, health facilities have been adversely affected, leading to an increased demand for health services in 9 out of 25 sites. Limited medical outreach services further exacerbate the situation",2024-02-08T08:17:53+00:00,2024-02-08T00:00:00+00:00,Somalia,Somalia,"Education, Food and Nutrition, Gender, Health, Protection and Human Rights, Shelter and Non-Food Items, Water Sanitation Hygiene",Assessment,iMMAP Inc.,2024-02
4036402,"Rapid Multi-sectoral Needs Assessment of populations affected by Deyr flooding - Afmadow District, Somalia, December 2023","**Key Highlights**

• In the surveyed sites, majority identified Shelter as priority need for flood-affected men, women, and children. In addition, in-kind assistance (NFIs) and multipurpose cash transfers were as reported for women and men while children identified healthcare services and Nutrition screening.

• Mosquito net was also reported as an urgent non-food item (NFI) requirement in 57 out of 69 sites.

• Borrowing/debt was reported as the primary source of food in 46 out of 69 sites, although there was a considerable number of sites, 12 out of 69, that reported distance to the local market could be more than 6 hours after flooding.

• In 47 out of 69 sites, open defecation was reported as the prevailing practice for using latrines, which increases the risk of disease outbreaks such as Cholera.

• Due to the damage caused by the flooding, health facilities have been adversely affected, leading to an increased demand for health services in 63 out of 69 sites. Limited medical outreach services further exacerbate the situation",2024-02-08T08:16:38+00:00,2024-02-08T00:00:00+00:00,Somalia,Somalia,"Education, Food and Nutrition, Gender, Health, Protection and Human Rights, Shelter and Non-Food Items, Water Sanitation Hygiene",Assessment,iMMAP Inc.,2024-02
4033228,"Rapid Multi-sectoral Needs Assessment of populations affected by Deyr flooding - Hobyo District, Somalia, December 2023","**Key Highlights**

• In the surveyed sites, the majority identified education services as a priority need for flood-affected children, healthcare services for women and water for men. In addition, healthcare services were identified as another majority need for women, and it was healthcare services for men and children.

• Solar Lamp was also reported as an urgent non-food item (NFIs) requirement in 8 out of 11 sites.

• Borrowing/debt and humanitarian food and/or cash assistance were reported as the primary sources of food in 8 out of 11 sites although there was a considerable number of sites, 5 out of 11, that reported distance to the local market could last more than 6 hours or between 3-6 hours but not less than 1-3 hours after flooding.

• Additionally, there have been availability and intermittent shortages of food items at nearby markets, along with slightly increased price hikes for staple food commodities.

• In 6 out of 11 sites, open defecation was reported as the prevailing practice for using latrines, which increases the risk of disease outbreaks such as Cholera. In addition to Pit latrine without slab / open pit as another practice.

• Due to the damage caused by the flooding, health facilities have been adversely affected, leading to an increased demand for health services in 9 out of 11 sites. Limited medical outreach services further exacerbate the situation

**Overview**

Heavy rains in Hobyo District in October, November and December of 2023 caused significant flooding in several parts of Hobyo town and the surrounding areas, in the Southwest state of Somalia. The rains mark the beginning of the Deyr (October to December) rainy season in the country, expected to have abovenormal rains and flooding due to the influence of the El Niño conditions.  

According to SoDMA, at least 2.48 million people have been affected with 1.1 million displaced and 118 killed in the entire country. (UNESCO)  

Humanitarian partners have stepped up to meet increased needs despite logistical, access and funding challenges, reaching at least 836,000 people with assistance since October. The majority of the displaced people have moved to higher ground, closer to their settlements.",2024-01-28T13:25:47+00:00,2024-01-28T00:00:00+00:00,Somalia,Somalia,"Education, Food and Nutrition, Gender, Health, Protection and Human Rights, Shelter and Non-Food Items, Water Sanitation Hygiene",Assessment,iMMAP Inc.,2024-01
4033225,"Rapid Multi-sectoral Needs Assessment of populations affected by Deyr flooding - Kismayo District, Somalia, December 2023","**Key Highlights**

• In the surveyed sites, the majority identified shelter as a priority need for flood-affected men, women, and children. In addition, healthcare services were reported for children, women and men.

• Mosquito net was also reported as an urgent non-food item (NFI) requirement in 23 out of 25 sites.

• Borrowing/debt was reported as the primary source of food in 18 out of 25 sites although there was a considerable number of sites, 14 out of 25, that reported distance to the local market could last between 1-3 hours after flooding.

• Additionally, there have been sporadically availability of food items at nearby markets, along with slightly increased hikes for staple food commodities.

• In 12 out of 25 sites, pit latrine without slab/ open pit was reported as the prevailing practice for using latrines, which increases the risk of disease outbreaks such as Cholera.

• Due to the damage caused by the flooding, health facilities have been adversely affected, leading to an increased demand for health services in 22 out of 25 sites. Limited medical outreach services further exacerbate the situation

**Overview**

Heavy rains in the Kismayo District in October, November and December of 2023 caused significant flooding in several parts of Kismayo town and the surrounding areas, in the Lower Juba state of Somalia. The rains mark the beginning of the Deyr (October to December) rainy season in the country, expected to have above-normal rains and flooding due to the influence of the El Niño conditions.

According to SoDMA, at least 2.48 million people have been affected with 1.1 million displaced and 118 killed in the entire country. (UNOCHA) Humanitarian partners have stepped up to meet increased needs despite logistical, access and funding challenges, reaching at least 836,000 people with assistance since October. The majority of the displaced people have moved to higher ground, closer to their settlements.",2024-01-28T13:16:55+00:00,2024-01-28T00:00:00+00:00,Somalia,Somalia,"Education, Food and Nutrition, Gender, Health, Protection and Human Rights, Shelter and Non-Food Items, Water Sanitation Hygiene",Assessment,iMMAP Inc.,2024-01
4042391,Somalia: 2023 Cluster Coordination Performance Monitoring – Action Plan,,2024-02-29T12:05:52+00:00,2024-02-29T00:00:00+00:00,Somalia,Somalia,"Coordination, Shelter and Non-Food Items",Manual and Guideline,"Shelter Cluster, UNHCR",2024-02
4041116,Somalia: Refugee returnees (January 2024),"Data presented in this report relates to returnees arriving in Somalia between January 2020 and January 2024. This figure includes Voluntary Repatriation from Kenya (923) and Assisted Spontaneous Returns (ASR) from Yemen (951).  

Since December 2014, UNHCR has supported 93,721 Somali refugees to return to Somalia. Additionally, approximately 42,984 Somalis were monitored as arriving spontaneously from Yemen since March 2015.",2024-02-25T08:55:22+00:00,2024-02-25T00:00:00+00:00,Somalia,"Kenya, Somalia, World, Yemen",Protection and Human Rights,Infographic,UNHCR,2024-02
4032308,Somalia: Verified IDP sites in Mogadishu Daynille and Mogadishu Khada - November 2023,"**Assessment Overview**

A joint IDP site verification exercise was conducted in Mogadishu Dayniile and Mogadishu Khada in October and November 2023. The operation was led by Banadir Regional Authority (BRA), ACTED, DRC, IOM, IRDO, NoFYL, PMWDO, SCC, SHC, Somlife, SSW and UNHCR. 1,979 IDP sites were identified hosting 230,473 households or 1,247,669 individuals.  

This is the third IDP site verification conducted covering the whole of Mogadishu Khada and Mogadishu Dayniile districts.",2024-01-24T14:34:50+00:00,2024-01-24T00:00:00+00:00,Somalia,Somalia,"Camp Coordination and Camp Management, Protection and Human Rights, Shelter and Non-Food Items",Assessment,"CCCM Cluster, UNHCR",2024-01
4031104,Somalia Protection Cluster: Monthly Update - January 2024,"**Key figures**  
- 3.13M Beneficiaries reached  
- 5M People in Need  
- 3.2M Targeted people  
- 115 Partners  
- Funding status: 2023 Requirement : USD 211M: USD 49.9M 23.7% funded: USD 160.5M 76.3% funding gap  

**Response Overview** 
**In December, the protection cluster reached 193,703 individuals through its response. Banadir (34,488 ) received the highest number of beneficiaries followed by Baydhaba (22,235), Hargeysa (13,454) and Galkacyo districts (8,469).**

**Key Highlights**

- Protection Cluster and Areas of Responsibilities (AoRs) are providing the final inputs and review of the HNRP to be issued by January 2024. The Protection Cluster and AoRs have defined an overarching protection PiN of 3.8M and severity targeting priority districts 10 of which are categorized as Severity Level 5 and 19 as Severity level 4. These districts are primarily conflict-affected districts where the population is facing a higher level of protection risks and the Cluster has identified bigger protection response gaps. The Protection Cluster and its partners are committed to systematically prioritize these districts, aligning efforts with the four **key pillars of the response strategy: Protection of Civilians, prioritization, integrated approaches across sectors, and the operationalization of frontline protection responses**. This approach aims to avoid a isolated response, emphasizing the importance of the Protection Cluster's contribution to intersectoral coordination and ensuring the Centrality of Protection throughout the humanitarian response in Somalia.  
- The Protection Cluster is actively contributing to the development of the UN Secretary General's report on Protection of Civilians for Somalia. Additionally, the Cluster is engaging with key stakeholders in Somalia to analyze and advise UN leadership on the protection implications related to the 2024 ATMIS drawdown. This involvement underscores the Protection Cluster's commitment to addressing the evolving landscape and ensuring that the protection of civilians remains a priority during transitional phases.   
- The Protection Cluster is playing a vital role in the operationalization of the joint Food Security, CCCM (Camp Coordination and Camp Management), and Protection Cluster Fast-Track referral mechanism. With a finalized Standard Operating Procedure (SOP), the Protection Cluster is progressing towards implementation. This collaborative effort ensures swift and effective responses, emphasizing the importance of a coordinated approach in addressing the intersectionality of food security, shelter, and protection needs.  
- The Protection Cluster and AoRs are pivotal contributors to the development of the 2024 HNRP Integrated Response Framework (IRF), with a specific emphasis on newly displaced and newly accessible populations. Currently in the development stage, the Standard Operating Procedure (SOP) for the IRF is underway. This underscores the commitment of the Protection Cluster to address the evolving needs of the affected populations, ensuring a well coordinated and integrated response that is responsive to the unique challenges faced by these groups.",2024-01-19T15:30:32+00:00,2024-01-19T00:00:00+00:00,Somalia,Somalia,"Gender, Mine Action, Protection and Human Rights, Shelter and Non-Food Items",Situation Report,"Protection Cluster, UNHCR",2024-01
4034393,"Somalia Price Bulletin, January 2024","*The Famine Early Warning Systems Network (FEWS NET) monitors trends in staple food prices in countries vulnerable to food insecurity. For each FEWS NET country and region, the Price Bulletin provides a set of charts showing monthly prices in the current marketing year in selected urban centers and allowing users to compare current trends with both five-year average prices, indicative of seasonal trends, and prices in the previous year.*

Maize, sorghum, rice, and cowpea are the most important staple foods for Somalis. Maize and sorghum are the preferred staple in agriculture areas, while rice is more popular in pastoral and urban areas. Cowpea is an integral component of all households’ diets. Mogadishu is Somalia’s largest market with links to most markets in the country. Baidoa is a significant sorghum producing and consuming area. Qorioley is a large maize production area. Burao,  
Galkayo, and Dhusamareb are exclusively pastoral where people depend on purchases of domestically produced sorghum and imported rice. Togwajale is a sorghum producing area with links to Ethiopian markets; most cereal flows from Ethiopia pass through this market. Hargeisa is the capital of Somaliland and an important reference market for livestock trade with Ethiopia. Buale, located in an important maize production area in the southern region supplies most nearby markets. El Dhere and Merka are areas of cowpea production: the principal source of income. Bossasso and Kismayo are both port towns and entry points of imports. Beled Weyn connects the south and central regions of the country, and also has linkages with Ethiopia. Belet Hawa is an important cross-border market with Kenya.",2024-01-31T22:22:04+00:00,2024-01-31T00:00:00+00:00,Somalia,Somalia,"Agriculture, Food and Nutrition",Situation Report,FEWS NET,2024-01
4097334,Somalia Community Engagement and Accountability Task Force - Monthly Coordination Meeting Minutes (20th Feb 2024),"**Agenda**

**Opening Remarks & Introduction**

**Discussion**

Mahbub Rahman, Co-Chair, CEA TF has welcomed everyone to the meeting and thanked for attending it. He shared the agenda and asked everyone to participate and contribute to the discussion. Participants shared their introduction in the chat box.",2024-02-20T00:00:00+00:00,2024-02-20T00:00:00+00:00,Somalia,Somalia,Coordination,Other,IOM,2024-02
4039512,Somalie: la réforme du secteur de la sécurité pour une bonne transition post-ATMIS au cœur de la séance du Conseil de sécurité,"9551E SÉANCE, MATIN    
CS/15594

Les responsables de la Mission d’assistance des Nations Unies en Somalie (MANUSOM) et de la Mission de transition de l’Union africaine en Somalie (ATMIS) ont fait le point, ce matin au Conseil de sécurité, de la situation dans laquelle se trouve le pays quelques mois avant le retrait de la Mission de l’Union africaine.  La réforme du secteur de la sécurité a été au cœur des interventions, à l’heure où le Gouvernement se prépare à la reprise des opérations à grande échelle de la lutte contre les Chabab.  Le récent différend avec l’Éthiopie sur le « Somaliland » a également inquiété les délégations, la Somalie le qualifiant de « déclaration de guerre ».

En présentant le dernier [rapport](https://reliefweb.int/node/4039440/) en date du Secrétaire général sur la Somalie, la Cheffe de la MANUSOM et Représentante spéciale en Somalie, Mme Catriona Laing, a tout d’abord salué de récents progrès, à commencer par l’admission du pays au sein de la Communauté de l’Afrique de l’Est.  Elle l’a aussi félicité d’avoir atteint le point d’achèvement de l’Initiative en faveur des pays pauvres très endettés (PPTE) et d’avoir obtenu la levée de l’embargo sur les armes et l’aval du Conseil exécutif de l’Union africaine (UA) pour sa candidature au Conseil de sécurité pour la période 2025-2026. 

Abordant la question de la sécurité nationale, la Représentante spéciale Laing a assuré que le Gouvernement fédéral se prépare à la reprise des opérations contre les Chabab après la fin de la saison des pluies.  Cela requiert un soutien important de la part des partenaires internationaux devant aider le pays à stabiliser les zones nouvellement reprises.  Le retrait de l’ATMIS, prévu le 31 décembre 2024, ne doit pas diminuer la protection des communautés locales, a-t-elle insisté. 

La protection des forces et de la population est au nombre des défis lors de cette prochaine étape, a reconnu à son tour le Chef de l’ATMIS en annonçant des discussions « ouvertes et constructives » concernant la troisième phase du retrait de la Mission.  M. Mohamed El-Amine Souef s’est déjà félicité du succès de la deuxième phase de retrait des troupes de l’ATMIS, qui s’est faite en collaboration avec le Gouvernement fédéral et le Bureau d’appui des Nations Unies en Somalie (BANUS).  Il a aussi salué la présentation, en décembre 2023 à New York, du plan de développement du secteur de la sécurité de la Somalie, avant d’informer qu’après les consultations du 18 janvier entre la Somalie, l’ONU et l’UA, celle-ci avait déployé une équipe technique pour préparer les modalités de sécurité post-ATMIS. 

Les délégations ont pris acte de la récente présentation du cadre stratégique de développement du secteur de la sécurité de la Somalie, à l’instar de Malte qui a estimé que le départ prochain de l’ATMIS nécessitera un appui international important, sur la base de structures de gouvernance locale solides.  « Favorable à la transition en temps voulu de l’ATMIS, en conformité avec la demande du Gouvernement somalien », la Chine a demandé que la MANUSOM respecte la transition politique de la Somalie.  La France a jugé primordial que l’ensemble des partenaires de la Somalie définissent dès à présent l’appui qui sera apporté au départ de l’ATMIS à la fin de l’année, de même que le Mozambique qui a prôné une coordination des efforts entre la Somalie, l’UA et l’ONU.

Sur le plan régional, la Cheffe de la MANUSOM a rappelé la signature le 1er janvier par l’Éthiopie et le « Somaliland » d’un bail de 50 ans, sur 20 kilomètres de côte, en échange de certains avantages politiques et économiques pour le « Somaliland ».  Cet accord a suscité des réactions hostiles de l’opinion publique en Somalie, a fait savoir Mme Laing qui a encouragé le Président somalien à rester mesuré dans sa réponse.  Elle a appelé le Conseil de sécurité à souligner l’importance du respect de la souveraineté, de l’intégrité territoriale et de l’unité de la Somalie.  Regrettant lui aussi ces tensions, le Représentant spécial El-Amine Souef a signalé que le Conseil de paix et de sécurité de l’UA a demandé aux partenaires internationaux de respecter la souveraineté et l’intégrité territoriale de la Somalie.

À ce sujet, la Somalie a dénoncé « l’annexion » par l’Éthiopie d’une partie de son territoire afin d’y établir une base militaire ainsi que la décision d’Addis-Abeba de reconnaître l’indépendance d’un « groupe séparatiste dans la région nord-ouest de la Somalie ».  Il s’agit d’une violation flagrante de la souveraineté et de l’intégrité territoriale de mon pays, a accusé le représentant somalien. Selon lui, l’établissement par l’Éthiopie d’une base militaire en Somalie équivaut à une « déclaration de guerre » contre la Somalie et son peuple.

Le Royaume-Uni et les États-Unis ont appelé à la désescalade de ces tensions.  La Suisse a souhaité que les acteurs exerçant une influence l’utilisent pour trouver une solution pacifique.  La Slovénie a prié les deux pays concernés de faire preuve de retenue et d’engager un dialogue constructif pour trouver une solution pacifique à ce différend.  Pour garantir l’intégrité territoriale et l’unité de la Somalie, il faut l’aider à améliorer l’efficacité des agences fédérales de sécurité et assurer un retrait ordonné de l’ATMIS, a conseillé la Fédération de Russie. 

La séance a également apporté un éclairage sur la situation politique.  Mme Laing a insisté sur l’importance du soutien public en faveur du principe « une personne, une voix » pour les élections et a misé sur le processus constitutionnel devant être finalisé.  Par ailleurs, elle a regretté que la mise en œuvre du quota de 30% de femmes au Parlement reste un défi majeur.  Concernant les droits humains, elle a demandé le respect des normes internationales dans la définition du viol dans un nouveau projet de loi.  Enfin, le débat a abordé la situation humanitaire, notamment son lien avec les changements climatiques.  En 2023, la sécheresse a touché plus de 2,4 millions de personnes, a-t-il été noté.  Le Plan de réponse aux besoins humanitaires pour 2024 nécessitera 1,6 milliard de dollars pour bénéficier à 5,2 millions de personnes. 

*LA SITUATION EN SOMALIE (*[*S/2024/129*](https://reliefweb.int/node/4039440/)*)*

Déclarations

Mme CATRIONA LAING, Représentante spéciale du Secrétaire général pour la Somalie, qui est aussi Cheffe de la Mission d’assistance des Nations Unies en Somalie (MANUSOM), a salué les récents progrès accomplis en Somalie sur les fronts politique, économique et en matière de sécurité, notamment l’admission du pays au sein de la Communauté de l’Afrique de l’Est.  La Somalie a également atteint le point d’achèvement de l’Initiative en faveur des pays pauvres très endettés (PPTE) et a obtenu la levée de l’embargo sur les armes.  Récemment, le pays a obtenu l’aval du Conseil exécutif de l’Union africaine (UA) pour sa candidature au Conseil de sécurité pour la période 2025-2026. Concernant l’incident de Galmudug du 10 janvier, qui a impliqué l’un des hélicoptères de la Mission, Mme Laing a assuré travailler avec le Gouvernement fédéral pour assurer le retour en toute sécurité des passagers et de l’équipage. 

Mme Laing a fait le point sur huit domaines à commencer par la situation politique, notamment le soutien public en faveur du principe « une personne, une voix » pour les élections.  Toutefois, elle a estimé le calendrier électoral « trop ambitieux » et jugé urgent de parvenir à un consensus inclusif sur le cadre électoral. Rappelant qu’il faut aussi finaliser le processus constitutionnel, elle en a souligné l’importance pour que le pays fixe les règles du jeu permettant de résoudre les crises.  Mme Laing a déploré l’absence de cessez-le-feu à Laascaanood et dans la région de Sool et exhorté les parties à œuvrer en faveur d’un échange immédiat de prisonniers, à s’engager à ne plus commettre de violences et à entamer un dialogue pour s’attaquer aux causes du conflit. 

Sur le plan régional, la Cheffe de la MANUSOM a rappelé la signature le 1er janvier par l’Éthiopie et le « Somaliland » d’un bail de 50 ans, sur 20 kilomètres de côte, en échange de certains avantages politiques et économiques pour le « Somaliland », un accord qui a suscité des réactions hostiles de la part de l’opinion publique en Somalie.  Les Chabab pourraient exploiter cette situation comme outil de recrutement, a-t-elle craint, signalant que le public fait pression sur le Gouvernement somalien pour qu’il réagisse.  Mme Laing a toutefois encouragé le Président à rester mesuré dans sa réponse.  Elle a appelé le Conseil de sécurité à affirmer l’importance de respecter la souveraineté, l’intégrité territoriale et l’unité de la Somalie.  Les parties doivent mener un dialogue pacifique et constructif et s’abstenir de propos susceptibles d’aggraver encore les tensions, a-t-elle insisté, regrettant que le dernier sommet de l’UA n’ait permis aucun progrès sur cette question.

Concernant la sécurité, le Gouvernement se prépare à la reprise des opérations à grande échelle contre les Chabab, a noté la haute responsable qui a exhorté les partenaires internationaux à fournir les ressources nécessaires pour répondre aux besoins vitaux de stabilisation dans les zones nouvellement reprises.  Alors que la planification d’une nouvelle mission dirigée par l’UA à partir de janvier 2024 est en cours, elle a dit que les plans de retrait devraient peut-être être révisés pour permettre une transition en douceur vers une nouvelle force et pour éviter un vide sécuritaire pendant la transition. « Le retrait de la Mission de transition de l’Union africaine en Somalie (ATMIS) doit se faire de manière à assurer la protection des communautés locales et à maintenir la présence de la communauté internationale en Somalie. »  Mme Laing a en outre salué l’engagement du Gouvernement fédéral, le 11 février, à retirer toutes les munitions explosives de l’arsenal de Halane d’ici au 25 février. 

Par ailleurs, Mme Laing a regretté le fait que la mise en œuvre du quota de 30% de femmes au Parlement reste un défi majeur, comme au Puntland où il n’y a qu’une femme sur 66 des nouveaux députés.  Le modèle électoral, les questions de sécurité, les structures patriarcales et le manque de financement des campagnes politiques féminines ont tous contribué à cette sous-représentation, a-t-elle expliqué. Concernant les droits humains, la Cheffe de la MANUSOM a pointé certains articles du projet de loi sur les délits de viol et d’indécence, estimant que certaines dispositions devraient être modifiées pour être conformes aux normes internationales en matière de droits humains, notamment la définition du viol.  Elle a aussi dit être préoccupée par le nombre élevé d’enfants tués par des restes explosifs de guerre et par des tirs des Chabab, ainsi que par les enlèvements d’enfants par ce groupe à des fins de recrutement et d’utilisation. 

S’agissant de la situation humanitaire en lien avec les changements climatiques, la crise humanitaire en Somalie reste grave, a prévenu Mme Laing: en 2023, la sécheresse a touché plus de 2,4 millions de personnes, inondé des terres agricoles et endommagé des infrastructures essentielles.  Le Plan de réponse et de besoins humanitaires pour 2024 nécessitera 1,6 milliard de dollars pour répondre aux besoins des 5,2 millions de personnes, soit une réduction de 37% par rapport à 2023. 

Poursuivant, la Représentante spéciale a salué le Gouvernement qui a su mener à bien le processus d’allégement de la dette, ce qui fait que la Somalie devra bénéficier d’un financement de la Banque mondiale pendant encore un an.  L’ONU appuie les priorités du Gouvernement en matière de mobilisation des recettes intérieures, de responsabilisation et d’engagement à fournir des services sociaux à ses citoyens. Elle a toutefois mis en garde que l’ONU, qui manque de financement pour ses programmes stratégiques, ne sera pas en mesure de respecter le programme de coopération pour le développement durable. Elle a exhorté les partenaires internationaux à mettre des ressources suffisantes à la disposition de la Somalie.

Enfin, Mme Laing a pris note du plan de transition du Gouvernement qui s’engage à prendre sa responsabilité en matière de sécurité, prenant également note de l’intention des partenaires internationaux d’aider le Gouvernement fédéral à lutter contre l’insurrection et à bâtir un avenir stable et prospère. Au fur et à mesure que le retrait de l’ATMIS se poursuit, la Somalie a demandé une nouvelle mission de l’UA réduite et axée sur la protection, a indiqué la Cheffe de la MANUSOM en observant que cette protection sera essentielle pour la mise en œuvre du mandat de l’ONU.  Le Gouvernement fédéral demandant également le soutien logistique de l’ONU pour renforcer les capacités nationales, la Mission travaille avec lui et avec l’UA pour explorer toutes les modalités de financement potentielles, y compris par l’application de la résolution 2719 (2023) sur le financement des opérations de soutien de la paix dirigées par l’UA. 

M. MOHAMMED EL-AMINE SOUEF, Représentant spécial du Président de la Commission de l’Union africaine en Somalie et Chef de la Mission de transition de l’Union africaine en Somalie (ATMIS), a indiqué avoir informé les partenaires diplomatiques du processus de consolidation en Somalie lors d’une réunion qui s’est tenue le 9 février à Nairobi, s’agissant notamment de la transition en cours.  Ces derniers mois, la Somalie a réalisé des avancées considérables, a-t-il noté, en évoquant son adhésion à la Communauté de l’Afrique de l’Est, la levée de l’embargo sur les armes et la tenue de la conférence sur la sécurité en Somalie. Surtout, ce pays a entamé son processus d’amendement constitutionnel, étape essentielle pour promouvoir l’inclusion et poser les jalons de la bonne gouvernance.  Les discussions menées par le Président somalien avec les dirigeants du pays montrent à ses yeux son engagement en faveur de l’unité nationale, sur la base des progrès réalisés en 2023. 

M. El-Amine Souef a toutefois regretté les récentes tensions politiques qui se sont fait jour entre la Somalie et l’Éthiopie à la suite de la signature du protocole d’accord entre ce pays et le « Somaliland ».  Il s’est fait l’écho du Conseil de sécurité et de l’Union africaine (UA) en demandant aux partenaires de respecter la souveraineté et l’intégrité territoriale de la Somalie pour maintenir la stabilité et la coopération dans la région. 

Au cours des 18 derniers mois, les forces de sécurité somaliennes, appuyées par l’ATMIS, ont intensifié leurs efforts contre les Chabab, mais ont également essuyé des revers importants, a reconnu le Représentant spécial.  Il a condamné les attaques récentes menées par les Chabab contre les camps de l’ATMIS, ajoutant que ce groupe continue de représenter une menace considérable.  Autre motif de préoccupation croissante: l’infiltration des houthistes dans la région, pendant que l’ATMIS prépare son retrait avec le départ prévu de 4 000 troupes supplémentaires d’ici à la fin juin, ce qui signifie qu’il restera sur place moins de 10 000 membres du personnel. 

Le haut fonctionnaire s’est félicité des progrès de la transition, notamment la présentation, en décembre 2023 à New York, du plan de développement du secteur de la sécurité de la Somalie.  Selon lui, la deuxième phase de retrait des troupes de l’ATMIS a été un succès, en collaboration avec le Gouvernement fédéral et le Bureau d’appui des Nations Unies en Somalie (BANUS).  Des discussions ouvertes et constructives sont en cours concernant la troisième phase du retrait, en tenant compte des leçons des phases précédentes et des questions en suspens.  La protection des forces et de la population est au nombre des défis qu’envisage M. El-Amine Souef lors de cette prochaine étape. 

Le nouveau déploiement d’actifs aériens a par ailleurs permis d’améliorer les opérations de l’ATMIS et son soutien aux forces somaliennes.  L’appui du Conseil à ces efforts, s’agissant notamment des capacités militaires, permettra de veiller à ce que le retrait ne mette pas en péril les acquis de haute lutte en matière de sécurité et de stabilité.  Après les consultations du 18 janvier entre la Somalie, l’ONU et l’UA, celle-ci a déployé une équipe technique pour préparer les modalités de sécurité post-ATMIS. Lors d’une réunion tenue à Addis-Abeba, les partenaires se sont entendus sur les paramètres essentiels de ces modalités, le Conseil de paix et de sécurité de l’UA insistant notamment sur la taille, la composition, le financement et le type de mission qui sera déployée. 

Le Représentant spécial a exprimé sa reconnaissance de l’adoption de la résolution 2719 (2023) sur le financement des opérations de paix appuyées par l’UA, y voyant le témoignage du partenariat croissant entre cette dernière et l’ONU sur la base de stratégies communes.  Enfin, le haut fonctionnaire a appelé toutes les parties à garantir un financement flexible et prévisible en faveur de la stabilité post-ATMIS et du renforcement institutionnel de la Somalie. 

Le représentant du Royaume-Uni a indiqué que son pays est un partenaire de longue date de l’Éthiopie et de la Somalie.  Il a appelé au dialogue aux fins de désescalade, avant d’apporter son soutien aux efforts de médiation, notamment ceux de l’Union africaine (UA). Le représentant a rappelé l’importance de cette année sur le plan sécuritaire pour la Somalie, puisque les missions de l’ONU et de l’UA doivent quitter le pays, après 15 années de « valeureux services. »  Il a souligné les difficultés de financement rencontrées par l’AMISOM et l’ATMIS, en faisant valoir la contribution de son pays afin de les résoudre.  Rappelant la nécessité de préserver les progrès accomplis, le délégué a exhorté les partenaires de la Somalie à continuer d’appuyer la transition sécuritaire dans ce pays et à imaginer « des moyens innovants » de poursuivre leur soutien après le départ de l’ATMIS.

S’exprimant au nom des A3+1 (Algérie, Guyana, Mozambique et Sierra Leone), le représentant du Mozambique s’est félicité des réformes entreprises par le Gouvernement fédéral somalien sur les fronts politique, économique et sécuritaire.  Il a également salué l’admission de la Somalie au sein de la Communauté de l’Afrique de l’Est et l’annulation d’une partie de sa dette dans le cadre de l’Initiative en faveur des pays pauvres très endettés, supervisée par le Fonds monétaire international (FMI) et la Banque mondiale.  Le représentant s’est ensuite réjoui des progrès réalisés par le Gouvernement fédéral somalien dans le domaine de la sécurité, avant d’applaudir l’achèvement de la deuxième phase du plan de retrait de l’ATMIS, qui prévoit le transfert de 13 bases opérationnelles avancées aux forces de sécurité somaliennes.  Dans l’optique de la troisième phase de ce retrait, il a exhorté la communauté internationale à continuer de fournir une assistance au secteur de la sécurité somalien. La phase post-ATMIS nécessitera la contribution de tous les partenaires pour capitaliser sur les acquis issus de la création de l’AMISOM (Mission d'observation militaire de l'Union africaine en Somalie) puis de l’ATMIS, a-t-il souligné, appelant à une coordination des efforts entre la Somalie, l’Union africaine, l’ONU et les partenaires internationaux.

Dans ce contexte, le représentant s’est déclaré préoccupé par la menace persistante que représentent les Chabab pour la paix, la sécurité et la stabilité du pays.  Condamnant l’attaque au mortier contre la zone de l’aéroport international d’Aden Adde, le 11 janvier dernier, qui a tué un membre de l’unité de garde de l’ONU, il a attiré l’attention sur le caractère transnational du groupe terroriste et appelé à des efforts multinationaux pour freiner son expansion. Rappelant d’autre part que la Somalie fait face à un cycle dévastateur de sécheresse et d’inondations, il a réitéré son appel à la communauté internationale pour qu’elle augmente son soutien financier au Gouvernement fédéral afin d’accroître l’aide humanitaire et de favoriser la mise en œuvre de programmes de développement.  Il a enfin exprimé la gratitude des A3+1 à l’UA, à la MANUSOM, au Bureau d’appui des Nations Unies (BANUS) en Somalie et aux agences, fonds et programmes des Nations Unies en Somalie pour leur travail acharné et leur dévouement envers le peuple somalien. 

Le représentant de la République de Corée a pris note de la montée des tensions dans la Corne de l’Afrique à la suite de la signature d’un protocole d’accord entre l’Éthiopie et le « Somaliland ».  Il a salué l’engagement de la Somalie à assurer la sécurité nationale au moment où l’ATMIS poursuit son retrait.  Il a rappelé la contribution de son pays en 2023 à hauteur de 1,2 million de dollars et avec l’acquisition de véhicules blindés de transport de troupes pour l’ATMIS.  Il est impératif de mettre en place une structure post-ATMIS efficace pour préserver et développer son héritage, a déclaré le représentant craignant que l’absence d’une telle structure annule les acquis dans la lutte contre le terrorisme et les Chabab.  Il a souligné la nécessité d’un financement prévisible, durable et flexible pour les opérations de soutien de la paix dirigées par l’UA. 

Le représentant a dit être préoccupé par l’impasse politique sur le modèle électoral et appelé le Gouvernement fédéral à assurer un processus constitutionnel inclusif et consultatif. Le Puntland, les femmes et les jeunes doivent participer aux discussions sur l’édification de l’État fédéral, a-t-il demandé.  Saluant les progrès accomplis par la Somalie sur le plan économique, le délégué a déploré une situation humanitaire catastrophique avec 7 millions de personnes dans le besoin.  Il a rappelé que la République de Corée a contribué à hauteur de 5,5 millions de dollars depuis 2019 pour aider la Somalie à relever les défis humanitaires, ainsi que 2,3 millions de dollars supplémentaires en 2023 pour la région de la Corne de l’Afrique.  Enfin, le délégué a encouragé la MANUSOM à mettre en œuvre des stratégies d’évaluation et de gestion des risques liées au climat.

Le représentant de la Slovénie s’est félicité des étapes importantes franchies récemment par la Somalie, notamment l’achèvement de l’initiative en faveur des pays pauvres très endettés et son adhésion à la Communauté de l’Afrique de l’Est, tout en l’exhortant à poursuivre ses réformes politiques, économiques et du secteur de la sécurité.  Il a salué les efforts déployés par le Gouvernement fédéral dans le cadre du dialogue national somalien avec les États fédéraux et les autres parties concernées. Néanmoins, a-t-il noté, la situation humanitaire du pays demeure désastreuse, avec cinq saisons de pluies consécutives ratées suivies d’inondations catastrophiques.  Le représentant a donc encouragé les autorités somaliennes à poursuivre leurs efforts d’adaptation au climat.  Il a salué « l’ambitieux » plan de développement du secteur de la sécurité présenté par la Somalie lors de la conférence sur la sécurité de décembre dernier, qui comprend la nécessité d’une nouvelle mission multilatérale de soutien et d’assistance pour remplacer l’ATMIS. Le représentant a encouragé la Somalie à travailler en étroite collaboration avec l’Union africaine, l’Union européenne, les organisations régionales, les partenaires bilatéraux et le Conseil de sécurité pour élaborer une proposition viable en vue d’une telle mission, dotée d’un mandat et d’une durée clairement définis. 

Considérant que les tensions entre la Somalie et l’Éthiopie pourraient toutefois saper ces progrès et renforcer les efforts de recrutement des Chabab, le délégué a appelé les deux pays à faire preuve de retenue et à engager un dialogue constructif pour trouver une solution pacifique à ce différend.

La représentante de la France a salué les progrès réalisés en Somalie au cours de l’année écoulée, en notant l’intégration du pays au sein de la Communauté des États de l’Afrique de l’Est.  Néanmoins, la situation demeure fragile, a-t-elle reconnu.  Elle a rappelé que les Chabab continuent de mener des attaques fréquentes, y compris contre les populations civiles et les partenaires internationaux.  Elle a jugé primordial que l’ensemble des partenaires de la Somalie définisse dès à présent l’appui qui pourra être apporté au départ de l’ATMIS le 31 décembre prochain.  À ce titre, la France salue la stratégie présentée par la Somalie en décembre dernier, qui est très claire et qui nécessite la mobilisation de l’ensemble de la communauté internationale.  Seule une réponse coordonnée des partenaires permettra de soutenir efficacement les efforts de la Somalie pour endiguer la menace des Chabab, a conclu la déléguée.

La représentante de la Fédération de Russie a salué le renforcement de la stabilité politique en Somalie et le traitement par les autorités fédérales des questions de réconciliation nationale et d’édification de l’État. Ces processus ont selon elle été favorisés par le succès des offensives menées par l’Armée nationale somalienne avec le soutien de l’ATMIS contre les Chabab, qui continuent de constituer la principale menace pour l’architecture de sécurité du pays et de toute la région de la Corne de l’Afrique.  Elle a cependant observé que les islamistes profitent du « vide » dans les zones abandonnées par les Casques bleus africains.  Les attaques des Chabab contre l’Éthiopie, le Kenya et l’Ouganda voisins confirment la nature régionale des menaces terroristes, lesquelles nécessitent des mesures collectives, a-t-elle affirmé. 

Sur le plan politique, la représentante s’est félicitée des accords passés par le Gouvernement fédéral somalien et les dirigeants des régions sur un calendrier électoral unifié.  Pour garantir l’intégrité territoriale et l’unité de la Somalie, il faut, a-t-elle dit, l’aider à améliorer l’efficacité des agences fédérales de sécurité et assurer un retrait ordonné de l’ATMIS, conformément au plan convenu.  Elle a dit compter sur le travail coordonné des équipes des Nations Unies dans le pays.  La représentante a par ailleurs rappelé l’aide fournie par son pays à la Somalie pour qu’elle se relève des catastrophes naturelles de l’an dernier. Elle a conclu en appelant les autorités éthiopiennes et somaliennes à résoudre le différend né de la signature d’un mémorandum d’accord entre l’Éthiopie et le « Somaliland » sur l’utilisation de la côte de la zone portuaire de Berbera. 

Le représentant de l’Équateur a souligné que l’édification de l’État est le seul moyen de parvenir au développement et de mettre fin à la violence armée.  Pour y parvenir, a-t-il suggéré, il faut un processus politique démocratique, inclusif et transparent.  Il a également voulu que l’on cesse d’exclure les femmes de la prise des décisions politiques, soulignant la nécessité de promouvoir activement leur participation par la mise en œuvre du quota de 30%.  Après s’être dit préoccupé par les graves violations des droits de l’enfant perpétrées par les Chabab, le représentant a appelé à une coopération étroite entre le Gouvernement et l’ONU afin de garantir une transition progressive et responsable sans vide sécuritaire et dans le plein respect des droits de l’homme et du droit international.  Au moment où l’ATMIS poursuit son retrait, il faut, a souligné le représentant, que les institutions de sécurité somaliennes assument progressivement leurs responsabilités en matière de sécurité, garantissent la protection des civils et enquêtent sur toutes les violations qui pourraient se produire, sans oublier d’en traduire les responsables en justice.  Un soutien financier adéquat à l’ATMIS aidera la Somalie à mieux combattre les Chabab, a conclu le représentant. 

Le représentant des États-Unis a salué l’intégration de la Somalie au sein de la Communauté de l’Afrique de l’Est, ainsi que son atteinte du point d’achèvement des pays pauvres très endettés.  Il a salué la bonne tenue des récentes élections dans le Puntland, avant de déplorer les tensions avec l’Éthiopie.  Le délégué a appelé au respect de la souveraineté somalienne, soulignant la nécessité du dialogue aux fins de la désescalade des tensions. Cette situation ne doit pas détourner l’attention de l’importance de consolider les institutions de l’État fédéral en Somalie, a dit le délégué.  Enfin, le représentant a salué le consensus international autour d’une mission de suivi après le retrait de l’ATMIS, se félicitant des discussions actuelles avec l’Union africaine à cette fin.

La représentante de Malte s’est d’abord félicitée également de la tenue d’élections pacifiques au Puntland.  Elle a encouragé les autorités somaliennes à poursuivre les consultations sur tout amendement constitutionnel et à promouvoir la représentation politique des femmes.  Jugeant alarmante la récente hausse des féminicides dans le pays, la représentante a appelé à une action immédiate pour enquêter sur ces crimes, renforcer la protection juridique et mettre fin à l’impunité.  Après avoir pris acte de la récente présentation du cadre stratégique de développement du secteur de la sécurité de la Somalie, elle a estimé que le départ prochain de l’ATMIS nécessitera une planification stratégique comprenant un appui international important afin d’assurer la stabilité nécessaire à tout progrès sécuritaire, sur la base de structures de gouvernance locale solides.

La représentante s’est dite impatiente d’examiner la proposition somalienne globale d’ici à la fin du mois prochain, assortie d’une stratégie de sortie claire et d’objectifs mesurables.  Face aux cycles de sécheresses et d’inondations qui ravagent le pays, exacerbent les crises humanitaires, entravent le développement et créent un terrain fertile pour les conflits ethniques, elle a exprimé son appui au travail du Conseiller en sécurité climatique de la MANUSOM.  Enfin, la représentante a fait siens les appels à la désescalade des tensions entre l’Éthiopie et la Somalie, tout en réitérant son plein soutien à l’intégrité territoriale et à la souveraineté de celle-ci. 

Le représentant de la Chine a estimé que, dans le contexte actuel, le soutien des Nations Unies et de la communauté internationale à la Somalie ne doit pas faillir.  Il faut au contraire aider le pays à préserver sa stabilité politique, a-t-il argué, saluant le dialogue mené par le Gouvernement fédéral somalien et les États fédérés sur des questions telles que les structures politiques, l’élaboration d’une constitution et l’organisation d’élections générales.  La Chine appuie toutes les parties pour qu’elles règlent leurs différends par le dialogue et la consultation, a affirmé le représentant, avant de souligner que le processus politique en cours relève des affaires internes de la Somalie et qu’il convient d’éviter toute ingérence extérieure.  En s’acquittant de son mandat, la MANUSOM doit donc respecter la transition politique de la Somalie, pilotée par le pays et lui seul, a-t-il insisté.  De même, la Chine est favorable à la transition en temps voulu de l’ATMIS, conformément à la demande du Gouvernement somalien. 

Pour le représentant, les attaques des Chabab rappellent que le terrorisme reste la principale menace en Somalie.  Pour y répondre, le secteur de la sécurité doit être renforcé, a-t-il préconisé, se disant également favorable à un retrait progressif, responsable et souple de l’ATMIS d’ici à la fin de cette année, sur la base d’une évaluation exhaustive de la situation.  Après ce retrait, toutes les modalités futures devront satisfaire aux besoins sécuritaires de la Somalie, a-t-il plaidé, avant d’exhorter les bailleurs de fonds à ne pas réduire leur soutien et à ne pas se laver les mains de ce qui se passera par la suite.  À cet égard, le représentant a salué le récent lancement de la Vision 2060 du Gouvernement fédéral somalien, qui fixe les priorités nationales de développement. Notant par ailleurs que la Somalie a atteint le point d’achèvement de l’initiative en faveur des pays pauvres très endettés, il a invité les institutions financières internationales à saisir cette occasion pour renforcer leur assistance, sans attacher de conditions politiques au financement. 

Le représentant de la Suisse s’est inquiété de la montée des tensions résultant des dernières controverses concernant le « Somaliland ».  Il a recommandé que les parties poursuivent sur la voie d’un dialogue pacifique et que les acteurs exerçant une influence l’utilisent pour trouver une solution pacifique.  L’offensive contre les Chabab doit rester au premier plan des préoccupations sécuritaires, a-t-il souhaité, pendant que le processus de sortie de l’ATMIS se poursuit.  Il a estimé qu’en levant l’embargo sur les armes, le Conseil a démontré sa volonté de se tourner vers l’avenir, un avenir dont il faut discuter maintenant.  Le délégué a suggéré que les mesures visant à réduire la présence internationale reflètent la situation sur le terrain, soulignant le caractère essentiel de la fourniture de services de base et de la sécurité dans les territoires nouvellement récupérés.

Par ailleurs, le délégué a encouragé à adopter un modèle électoral basé sur le principe « une personne, une voix », soulignant l’importance d’atteindre le quota de 30% de femmes parlementaires.  Le représentant a aussi appelé à mener la révision constitutionnelle dans un espace civique sûr et inclusif, arguant que la coopération entre citoyens, États fédéraux et le Gouvernement central est le fondement de la cohésion nationale.  En Somalie, il faut aussi prendre en compte les menaces liées aux changements climatiques, à l’insécurité alimentaire et aux conflits.  Pour éviter que la situation ne se dégrade avec la saison des pluies, il a jugé crucial de déployer des actions d’anticipation.  La Suisse soutient à cet effet le Fonds central pour les interventions d’urgence (CERF).  À plus long terme, le délégué a suggéré une coordination renforcée aux niveaux local, fédéral et régional, afin de mieux anticiper et gérer ces crises complexes.

La représentante du Japon a rappelé que, le mois dernier, l’ATMIS avait achevé la deuxième phase de son retrait dans le cadre du plan de transition sécuritaire.  Face à la menace des Chabab, il est selon elle de la plus haute importance d’accélérer la réforme du secteur de la sécurité afin d’assurer une présence suffisante des forces de sécurité somaliennes en vue d’une transition en douceur.  À cette fin, a-t-elle indiqué, le Japon a décidé en novembre dernier de débourser environ 1,8 million de dollars pour soutenir la Police somalienne dans ses opérations dans les zones fragiles et nouvellement récupérées, en partenariat avec le Programme des Nations Unies pour le développement (PNUD). 

Saluant les efforts déployés par les autorités somaliennes pour placer ce processus dans un cadre juridique clair, la représentante a estimé que le soutien aux forces somaliennes qu’apportent les pays contributeurs de troupes à l’ATMIS continue d’être essentiel pour le succès de la transition sécuritaire.  Elle a d’autre part plaidé en faveur d’un renforcement de la résilience de la société somalienne pour empêcher toute intrusion des Chabab dans ses zones de faiblesse.  Cela implique de rendre les services de base accessibles à tous et de mener des réformes économiques avec l’appui des institutions financières internationales, a-t-elle affirmé, avant de souligner la vulnérabilité de la Somalie aux chocs climatiques et son besoin d’une aide humanitaire continue.  Enfin, après avoir pris note des discussions au sein de l’Union africaine sur la configuration de sécurité post-ATMIS, elle a assuré que le Japon est impatient de participer aux futures délibérations sur un éventuel engagement de l’ONU.   

Le représentant de la Somalie a demandé l’élaboration d’une feuille de route en vue de la transition des activités de la MANUSOM vers l’équipe de pays de l’ONU.  Il a dénoncé l’annonce par l’Éthiopie de « l’annexion » d’une partie de la Somalie afin d’y établir une base militaire ainsi que la décision de reconnaître l’indépendance du « groupe séparatiste dans la région nord-ouest de la Somalie », y voyant une violation flagrante de la souveraineté et de l’intégrité territoriale de son pays.  Le Gouvernement somalien condamne les « actions illégales et les efforts trompeurs » de l’Éthiopie pour déguiser sa « tentative ratée » d’annexion d’un territoire somalien, en avertissant qu’ils compromettent la stabilité de la région.  Selon lui, l’établissement par l’Éthiopie d’une base militaire en Somalie équivaut à une « déclaration de guerre » contre la Somalie et son peuple, en plus de raviver les Chabab et les tensions régionales. 

Dans ce contexte, Mogadiscio a porté ces violations à l’attention du Conseil de paix et de sécurité de l’UA, a dit le représentant en regrettant que le Gouvernement éthiopien n’ait pas assisté à la réunion convoquée par le Conseil pour en discuter.  Il est donc clair, selon le représentant, que l’Éthiopie entrave délibérément la coopération bilatérale.  Compte tenu des graves répercussions régionales et internationales de ce comportement, il incombe selon lui à l’ONU et à l’UA de veiller à prévenir les conflits et à assurer le maintien de la paix et de la sécurité internationales. Bien que le Gouvernement somalien soit prêt à faire preuve de la plus grande retenue, il se réserve le droit de répondre aux menaces découlant des violations de son intégrité territoriale et de son unité, conformément au droit international, a déclaré le délégué.

*À l’intention des organes d’information. Document non officiel.*",2024-02-20T05:50:37+00:00,2024-02-19T00:00:00+00:00,Somalia,Somalia,Peacekeeping and Peacebuilding,News and Press Release,UN SC,2024-02
4039511,"Amid Hard-Won Gains, Steadfast Support for Somalia Key to Sustain Political, Economic Progress, Repel Al-Shabaab Threat, Special Representative Tells Security Council","9551ST MEETING (AM)    
SC/15594

The international community must continue to accompany Somalia along its path to full ownership of its security responsibility, senior officials told the Security Council today, as members warned that any security vacuum could be exploited by Al-Shabaab insurgents and undermine the advances made so far in the country’s political, economic and security situations.

“Through our collective support, Somalia is demonstrating that a country can emerge from prolonged conflict to one that delivers for its people and acts as a force for good in the region,” said Catriona Laing, Special Representative of the Secretary-General and Head of the United Nations Assistance Mission in Somalia (UNSOM).

She highlighted “significant achievements” made by the Federal Government of Somalia since her last briefing in October 2023, including the completion of a critical security road map, its admission to the East African Community, the completion of the Heavily Indebted Poor Countries initiative, the lifting of the arms embargo and the endorsement of the African Union Executive Council for a seat on the Security Council in 2025-26.

Also briefing the 15-nation body was Mohamed el-Amine Souef, Special Representative of the Chairperson of the African Union Commission for Somalia and Head of the African Union Transition Mission in Somalia (ATMIS), who reported that ATMIS established a solid foundation that would enable sustained progress in Somalia and a smooth transition of security responsibilities to Somali security forces by December.

To preserve hard-won stabilization gains achieved so far, the Security Council must continue to encourage partners to remain steadfast in their support of Somalia’s force-generation efforts, including the development of specialized military capability, he said, warning that “Al-Shabaab remains a major threat, possessing the capability to carry out attacks across Somalia”.

In the ensuing discussion, Council members commended Somalia for the progress made on multiple fronts, while exchanging views on a post-ATMIS mission Somalia has requested.  Several speakers pointed to destabilizing factors, including the recent agreement between Ethiopia and Somaliland to allow the former to use the latter’s coastline.

On that, the representative of the United States expressed concern about the memorandum of understanding concluded between Ethiopia and Somaliland without the consent of the Federal Government of Somalia, reiterating Washington, D.C.’s, support for Somalia’s sovereignty and territorial integrity.  This issue must not distract from critical State-building challenges facing that country, he stressed.

Similarly, the United Kingdom’s delegate called on Somalia and Ethiopia to de-escalate the situation.  Turning to security issues, he said that Somalia, along with the African Union, the UN and other partners, has invested much, and this progress should not go to waste. He therefore encouraged all partners to continue to support the country.  “If we do not, it will be Al-Shabaab who benefit,” he warned.

The representative of Mozambique, speaking also for Algeria, Guyana and Sierra Leone, welcomed the reform measures taken by the Federal Government of Somalia on the political, economic and security fronts. Additionally, Somalia’s admission to the East African Community can potentially provide opportunities for stronger regional partnerships and trade which are the necessary building blocks to boost future economic development, he said.

Rounding out the discussion, Somalia’s delegate condemned Ethiopia’s “deceptive endeavours” to disguise its failed attempt to annex Somali territory as a promotion of economic cooperation and integration. “Ethiopia’s establishment of a military base in Somalia amounts to a declaration of war against Somalia and its people,” he emphasized, adding that this has revived Al-Shabaab and threatens to reverse 30 years of gains in his country.  While the Government will exercise “the highest levels of self-restraint”, it reserves the right to respond, in self-defence and under international law, to violations of its territorial integrity and unity, he added.

*THE SITUATION IN SOMALIA (*[*S/2024/129*](https://reliefweb.int/node/4039428/)*)*

Briefings

CATRIONA LAING, Special Representative of the Secretary-General for Somalia and Head of the United Nations Assistance Mission in Somalia (UNSOM), presenting the Secretary-General’s report on developments from 6 October 2023 to 24 January 2024 (document [S/2024/129](https://reliefweb.int/node/4039428/)), highlighted “significant achievements” by the Federal Government of Somalia, including the completion of a critical security road map, its admission to the East African Community, attainment of the completion point of the Heavily Indebted Poor Countries initiative, the lifting of the arms embargo and the endorsement of the African Union Executive Council for a seat on the Security Council in 2025-26.  On the 10 January incident in Galmudug involving a UN helicopter, she said that the Organization is working closely with the Federal Government and all partners to secure the safe return of passengers and crew.  She also recognized the tragic death of a member of the UN Guard Force Unit in an Al-Shabaab indirect fire attack on the UN compound on 11 January.  “Despite these tragic events, our focus remains on supporting Somalia with its rightly ambitious agenda over the year ahead,” she pledged.

On the political front, she stated that the 27 May 2023 National Consultative Council proposals on the proposed new electoral model continue to be debated intensely.  There is broad public support for the transition to one-person, one-vote elections, but the proposed timelines are too ambitious.  The UN is working with the Ministry of Interior Federal Affairs and Reconciliation to develop a realistic plan.  Welcoming the Parliament’s recent approval by of the procedural rules for constitutional changes, she encouraged all parties to engage in the spirit of compromise to finalize the process.  “Without an agreed constitution, Somalia remains vulnerable to perennial crises with no agreed rules of the game to enable resolution,” she stressed.  Additionally, she commended the federal member state of Puntland on the peaceful conclusion of the electoral process on 8 January, expressing hope that this has created the foundation for a reset of dialogue with its full re-engagement in the National Consultative Council process.

On regional developments, she noted strong hostile public reactions in Somalia to the announced signing of a memorandum of understanding on 1 January between Ethiopia and “Somaliland”, which reportedly grants the former a 50-year lease on 20 kilometres of coastline in exchange for political and economic benefits to the latter.  The Security Council has repeatedly affirmed its respect for the sovereignty, territorial integrity and unity of Somalia.  This situation must be resolved through constructive dialogue, she said, encouraging the President of Somalia to remain measured in his response.  It is disappointing that no significant progress was made at the recent Africa Union summit, she added.

Countering Al-Shabaab remains a priority for the Government, she emphasized.  The further drawdown of the African Union Transition Mission in Somalia (ATMIS) forces must be carried out in a manner that ensures protection for local communities and enables the ongoing presence of the international community in Somalia.  Somalia has requested a post-ATMIS smaller African Union mission, focused on protection and an evolved UN logistics support package to strengthen national systems and capacity.  The independent review of the UN Support Office in Somalia will explore how to achieve this.  Predictable, sustainable funding for this mission is vital, she said, referring to potential funding modalities, including applying resolution 2719 (2023) on the financing of African Union-led peace support operations. Concluding, she said:  “Through our collective support, Somalia is demonstrating that a country can emerge from prolonged conflict to one that delivers for its people and acts as a force for good in the region.”

MOHAMMED EL-AMINE SOUEF, Special Representative of the Chairperson of the African Union Commission for Somalia and Head of the African Union Transition Mission in Somalia (ATMIS), highlighted notable milestones achieved by the country since his last briefing in October 2023, including the attainment of debt relief and the lifting of the arms embargo. Additionally, Somalia has initiated the constitutional amendment process — a crucial step towards advancing good governance.  Underscoring the need to promote dialogue among Somalia leaders, he cited initiatives instrumental in fostering a cohesive political environment in the country, essential for its continued development.  However, he voiced concern over the recent political tensions between Somalia and Ethiopia following the signing of the Ethiopia-Somaliland memorandum of understanding.  He also echoed the calls of regional partners to respect Somalia’s sovereignly and territorial integrity.

The Somali security forces — with ATMIS support — have intensified their efforts over the past 18 months, achieving success, he pointed out.  However, he strongly condemned Al-Shabaab attacks on the Mission’s base camps.  “It is evident that Al-Shabaab remains a major threat, possessing the capability to carry out attacks across Somalia,” he warned. He also expressed concern about the potential for Houthi infiltration in the region.  The intercollective nature of such security challenges must be recognized to address them.  The security transition continues under the leadership of the Federal Government of Somalia, he noted, commending the Government for co-hosting the security conference in New York in December 2023 where it presented its security sector development plan.  This plan addresses important issues, including the successful completion of the transition.  As a result, the transition process has seen renewed collaboration in the implementation of agreed priorities.

He further underscored that the Mission has continued to support the Somali security forces in their offensive operations against Al-Shabaab.  Despite challenges such as the effect of the El Niño phenomenon, ATMIS has recently confirmed the next phase of the drawdown to ensure a smooth transition.  To preserve hard-won stabilization gains achieved so far, it is crucial that the Security Council continues to encourage partners to remain steadfast in their support of Somalia’s force-generation efforts, including the development of specialized military capability, he stressed. ATMIS established a solid foundation enabling sustained progress in Somalia and a smooth transition of security responsibilities to Somali security forces by December.  Sustainable financing for the Mission to ensure Somalia’s stability and institution-building, reduce the risk of conflict and effectively respond to potential threats is also crucial.   This will help create a safe and prosperous Somalia, contributing to the security of the region and beyond.

Statements

The representative of the United Kingdom, spotlighting his country’s continued engagement with both Somalia and Ethiopia, called for dialogue to de-escalate the situation and expressed support for mediation efforts — including the work of the Intergovernmental Authority on Development (IGAD) and the African Union.  Turning to Somalia’s security transition, he noted the funding problems faced by AMISOM and ATMIS and — while stating that his country has tried to play its part in solving them — stressed that “we are approaching a critical juncture”. Somalia, the African Union, the UN and other partners have invested much, and this progress should not go to waste. He therefore encouraged all of Somalia’s partners to continue to support the country throughout its security transition and to consider creative ways to maintain that support.  “If we do not, it will be Al-Shabaab who benefit,” he said, adding that any decision regarding Somalia’s security must not compromise civilian protection and humanitarian access.

The representative of Mozambique, speaking also for Algeria, Guyana and Sierra Leone, welcomed the reform measures taken by the Federal Government of Somalia on the political, economic and security fronts.  Additionally, Somalia’s admission to the East African Community can potentially provide opportunities for stronger regional partnerships and trade which are the necessary building blocks to boost future economic development. Expressing hope that a technical analysis of the National Consultative Council agreement and discussions on the proposed amendments will involve all sections of Somali society, he urged all the relevant stakeholders to come together in the spirit of compromise and agree on the way forward for the constitutional review process and the electoral model to address all the concerns raised.

On security, he welcomed the completion of Phase 2 of the ATMIS drawdown and noted Phase 3 is set to begin.  “We are heading towards the post-ATMIS phase which requires the contribution of all partners to build on the important gains achieved since the establishment of AMISOM \[African Union Mission in Somalia\], then ATMIS,” he said, stressing that such discussions must include the participation of Somalia, the African Union, the UN and the international partners.  Condemning the 11 January mortar attack on the Aden Adde International Airport area, he insisted that the transnational character of Al-Shabaab requires a response that is multinational, coordinated and synergistic.

The representative of the Republic of Korea said “Somalia stands at a pivotal moment”, with the impending full drawdown of ATMIS by the end of 2024.  Tension has heightened abruptly in the Horn of Africa following the signing of a memorandum of understanding between Ethiopia and Somaliland.  The country also faces multidimensional challenges regarding the political process and the humanitarian situation, often exacerbated by climate change.  The Al-Shabaab terrorist group remains a significant concern, he observed, deploring the recent bombing attacks in the Bakara market and a military base in Mogadishu that led to the deaths of at least 10 civilians and 5 military personnel.  “It is imperative to establish an effective post-ATMIS structure to preserve and build upon the legacy of ATMIS,” he said, adding that without it, there is a risk of reversing the hard-won counter-terrorism achievements, particularly in the current context of heightened regional tensions.

The representative of Slovenia urged Somalia to continue with political, economic and security sector reforms, emphasizing the importance of Somali-owned national dialogue with all relevant stakeholders. He also stressed the need to respect human rights and to ensure full, equal, meaningful and safe participation for women in political and decision-making processes.  Expressing concern over food-insecure communities still recovering from the country’s longest-recorded drought, he called for gender-responsive humanitarian action as the majority of those internally displaced due to climate-related disasters and conflict are women and children.  For its part, Somalia should work closely with regional organizations, bilateral partners and the Council to devise a sustainable proposal for a new mission with a clearly defined mandate, scope, size, duration and funding.  He also expressed concern that recent tensions between Somalia and Ethiopia could undermine recent gains in the fight against al-Shabaab, calling on both countries to find a peaceful resolution on mutually acceptable terms.

The representative of France said that, despite the progress made, the situation in Somalia remains fragile, with Al-Shabaab continuing to carry out attacks, including against civilian populations and international partners.  Her country is particularly concerned about the impact of this violence on the humanitarian situation, which is already weakened by climatic conditions.  France extended humanitarian aid amounting to more than €10 million in 2023 and will continue its support in 2024.  The European Union is also continuing its historic support for the Somalis, with nearly €543 million in humanitarian aid committed since 2017.  Turning to efforts to counter Al-Shabaab threats, she said that the bloc has committed more than €4.3 billion since 2009 and is deploying two European training missions on the ground.

The representative of the Russian Federation noted the overall positive momentum in the Somali people’s realization of their national priorities.  A progressive factor was the series of successful offensive operations carried out in the region by the Somali national army — with ATMIS’ support — against Al-Shabaab, which remains the main threat to the security architecture of the country and the entire Horn of Africa region.  Yet, the Islamists have still been able to exploit the vacuum that emerged in some areas after the departure of ATMIS peacekeepers.  “Of particular concern is the capacity of the militants who have no issue of funding, attracting recruits among youth and enjoy the support of the local population,” she cautioned.  Al-Shabaab expansion into neighbouring countries confirms the regional nature of terrorist threats.  Accordingly, she underscored the need to establish dialogue between the federal centre and the regions, carry out economic and judicial reform, combat corruption and amend the national Constitution.

The representative of Ecuador emphasized that “buttressing institutionality” is the only way to achieve development and halt armed violence through democratic, inclusive and transparent processes.  He also urged an end to the persistent exclusion of women from political decision-making, stressing the need to actively promote political participation through the implementation of electoral quotas. Expressing concern over ongoing serious violations of children’s rights — mainly perpetrated by Al-Shabaab through attacks on hospitals and schools — he called for close cooperation between the Government and the UN to guarantee a gradual, responsible transition that avoids security vacuums and ensures full respect for human rights and international law. Further, he called on Somali security institutions to progressively assume ATMIS’ security responsibilities, guarantee civilian protection in the planning and implementation of military operations, investigate any violations that may occur and punish those responsible. He added that additional support to ATMIS and Somalia will facilitate the fight against Al-Shabaab.

The representative of the United States said that his country remains concerned about the potentially destabilizing implications of the memorandum of understanding concluded between Ethiopia and Somaliland without the consent of the Federal Government of Somalia.  He reiterated support for Somalia’s sovereignty and territorial integrity and urged diplomatic dialogue to de-escalate tensions.  This issue must not distract from critical State-building challenges facing Somalia, he stressed.  On the security front, his country is encouraged that Somalia and the African Union are actively discussing the parameters of the follow-on mission.  Regarding the Council’s December 2023 lifting of the arms embargo against the Federal Government of Somalia, work must continue for weapons and ammunition management, the development of the national counter-improvised explosive device framework, and steps to improve anti-money-laundering and countering of terrorist financing.  The United States is committed to pursuing the designation of individuals and entities in the Al-Shabaab Sanctions Committee.

The representative of Malta spotlighted recent positive developments in Somalia, including its admission to the East African Community — a step that underscores the importance of bolstered regional ties. However, she voiced concern that women remain marginalized from the deliberations of the National Consultative Council, encouraging Somali authorities to promote women’s political participation.  The recent increase in brutal femicides is alarming, she said, calling for an immediate investigation into these crimes.  On terrorism, she said it “knows no borders”, acknowledging Somalia’s need for significant international support to build on the progress achieved through ATMIS.  Stabilization remains at the forefront of any security progress, accompanied by strong local governance structures and reconciliation.  The numerous violations attributed to Al-Shabaab — including the continued abduction of children for recruitment — are concerning, she cautioned, expressing support for the Somali Government’s efforts in addressing these challenges.

The representative of China, noting that 2024 is a “critical year” for the political process, security transition and national reconstruction in Somalia, stressed that international support for Somalia “must not waver”.  He also expressed support for all parties in Somalia to resolve their differences through dialogue, stating that the choice of political system and development path is an internal affair.  Thus, the international community should avoid imposing an external model of governance, and UNSOM should fully respect Somalia’s sovereignty and constructively support its political transition.  Recalling Al-Shabaab’s recent attacks in Mogadishu, he said that this “reminds us that terrorism remains the main threat in Somalia”.  Consequently, the international community should support the Government in consolidating the results of previous counter-terrorism and stabilization efforts, as well as build capacity for the Somali security sector to assume greater responsibility.  He added that traditional donors should not reduce their support, shift their responsibility or “simply walk away”.

The representative of Switzerland, noting that the stability of the Horn of Africa depends on regional cooperation and the ability to settle disputes peacefully, voiced concern over the rise in tensions following the latest controversies concerning Somaliland.  He highlighted Somalia’s important milestones, such as the completion of the debt relief process, accession to the East African Community and progress vis-à-vis the constitutional review.  The offensive against Al-Shabaab remains at the forefront of security concerns, as ATMIS’ exit by year’s end continues. International support for Somalia, “must be discussed now”, he said.  Measures to reduce the international presence must reflect the situation on the ground.  The case of Somalia illustrates that the threats of climate change, food insecurity and conflict are interdependent, he observed.  Several million people in the country have been affected by the recent rains, and almost a third of the population is suffering from hunger.  To prevent further deterioration amid the onset of the rainy season, early action is crucial, he asserted, expressing support for the Central Emergency Response Fund (CERF).

The representative of Japan noted the Somali Security Sector Development Plan is crucial for accelerating security sector reform and achieving a smooth transition.  She welcomed the Somali Government’s efforts to establish a clear legal framework for law enforcement and security functions.  “The rule of law cannot be achieved in a security vacuum and security cannot be maintained without the rule of law,” she said, adding that building an effective police force constitutes a vital part of ongoing stabilization efforts.  On combating Al-Shabaab, she said Somali society needs to increase its overall resilience to prevent any intrusion by the organization into areas of weakness.  To that end, basic services should be accessible for all under the State’s authority.  The heavy rain in 2023 clearly illustrated Somalia’s vulnerability to severe climate shocks, with tens of thousands of people in a dire humanitarian situation due to the devastating impacts of the floods, she observed, urging continued assistance from the international community.

The representative of Somalia, while welcoming that the Secretary-General’s report acknowledges positive steps taken by the Government, suggested that — “in the interest of maximizing its usefulness” — the report be redesigned to contain “less narrative, less details about minor events and more in-depth analysis of major issues, as well as recommendations and conclusions”.  He also requested that the next report include a transition road map, as well as a final review of staffing and configuration.  Turning to the situation involving Ethiopia, he condemned that country’s illegal actions and “deceptive endeavours” to disguise its failed attempt to annex Somali territory as a promotion of economic cooperation and integration.  Such actions not only adversely impact regional stability, but also erode the credibility of the rules-based system.  History shows, he emphasized, that annexation has catalysed regional tension and protracted conflict, resulting in devastating humanitarian consequences.

“Ethiopia’s establishment of a military base in Somalia amounts to a declaration of war against Somalia and its people,” he underscored, adding that this has revived Al-Shabaab and threatens to reverse 30 years of gains in his country.  By unilaterally altering borders, Ethiopia is fuelling a cycle of distrust and hostility between the Somali and Ethiopian people, and these actions can have a serious destabilizing effect given the complex ethnic make-up of countries in the Horn of Africa.  They will “certainly” inspire the rise of ethnic separatist groups in the region, he stressed — particularly in countries where there are constitutional provisions for secession.  Further, such actions can weaken the region, disrupt global trade and create an influx of refugees that strains the resources of neighbouring countries.  He added that, while the Government will exercise “the highest levels of self-restraint”, it reserves the right to respond, in self-defence and in accordance with international law, to violations of its territorial integrity and unity.

**For information media. Not an official record.**",2024-02-20T05:48:41+00:00,2024-02-19T00:00:00+00:00,Somalia,Somalia,Peacekeeping and Peacebuilding,News and Press Release,UN SC,2024-02
4039440,Situation en Somalie - Rapport du Secrétaire général (S/2024/129),"**I. Introduction**

1\. Soumis en application du paragraphe 14 de la résolution 2705 (2023) et de la résolution 2710 (2023), le présent rapport rend compte de l’application de ces résolutions et notamment de l’exécution du mandat de la Mission d’assistance des Nations Unies en Somalie (MANUSOM) et des progrès accomplis par rapport aux critères définis dans l’examen d’évaluation stratégique, ainsi que de la mise en œuvre du mandat du Bureau d’appui des Nations Unies en Somalie (BANUS). Il porte sur les principaux faits nouveaux intervenus du 6 octobre 2023 au 24 janvier 2024.

**II. Situation politique et économique et conditions de sécurité**
**A. Évolution de la situation politique**

2\. Une fois que la réunion du Conseil consultatif national s’est achevée le 27 mai 2023, les dirigeants politiques somaliens ont continué de débattre des résultats auxquels elle était parvenue, pendant la période considérée. Le 3 novembre, la Commission indépendante de révision et d’application de la Constitution et la Commission parlementaire conjointe chargée de contrôler la révision et l’application de la Constitution se sont réunies pour procéder à une analyse technique de l’accord auquel avait abouti le Conseil consultatif national et pour passer en revue les amendements proposés figurant dans les quatre premiers chapitres de la Constitution provisoire de la République fédérale de Somalie. Le 19 octobre, les chefs de l’opposition, dont l’ancien Président de la Somalie, Sheikh Sharif Ahmed, ont fait part de leurs préoccupations concernant les propositions du Conseil consultatif national visant à modifier le mode de gouvernement en faveur d’un régime présidentiel et à adopter un système bipartite. D’autres dirigeants de l’opposition ont exprimé les mêmes inquiétudes. Le Président, Hassan Sheikh Mohamud, a tenu deux réunions avec les principaux chefs de l’opposition le 21 et le 25 décembre pour entendre leurs points de vue sur le processus de révision de la Constitution et le modèle électoral.

3\. Le Parlement fédéral a tenu une quatrième séance le 25 novembre durant laquelle le Président Mohamud a souligné la volonté du Gouvernement d’obtenir la levée des mesures de maîtrise des armements qui subsistent et l’achèvement du programme d’allègement de la dette avant la fin du mois de décembre 2023. Il a également communiqué une mise à jour sur l’admission de la Somalie à la Communauté de l’Afrique de l’Est le 24 novembre et les progrès accomplis dans les offensives contre les Chabab. Il a réaffirmé son attachement à l’amélioration des relations avec les États membres de la fédération et souligné la nécessité de mener à bien le processus de révision de la Constitution.

4\. Le Gouvernement fédéral somalien et le « Somaliland » ont conclu deux journées d’entretiens à Djibouti le 29 décembre, annonçant la reprise du dialogue entre les deux parties et la formation d’un comité technique qui supervisera les pourparlers. Le 1er janvier, l’Éthiopie et le « Somaliland » ont annoncé leur intention de négocier un mémorandum d’accord de partenariat et de coopération. Le Gouvernement fédéral somalien a dénoncé l’accord comme une violation de sa souveraineté. Le 2 janvier, le Parlement fédéral a adopté une loi portant annulation du mémorandum d’accord conclu entre l’Éthiopie et le « Somaliland », loi que le Président Mohamud a signée le 5 janvier. Le Conseil consultatif national a tenu le 3 janvier une réunion à laquelle ont assisté les dirigeants de tous les États membres de la fédération, à l’exception du Puntland. Le Conseil a, lui aussi, qualifié le mémorandum d’accord de « nul et non avenu ».

5\. Au Puntland, à la suite de désaccords internes sur le modèle et les dates de la prochaine élection à l’Assemblée de l’État et de l’élection présidentielle, le Président du Puntland, Said Abdullahi Deni, a promulgué un décret le 7 décembre en vertu duquel les élections à l’Assemblée de l’État se tiendraient le 8 janvier 2024 selon un modèle fondé sur les clans et que les 66 membres nouvellement élus de l’Assemblée d’État éliraient le Président et le Vice-Président. Le 12 décembre, le Président Deni a désigné les membres du comité de sélection et de vérification, qui a publié la liste des 66 nouveaux membres de l’Assemblée de l’État du Puntland le 1er janvier 2024. Les parlementaires ont prêté serment le même jour. Comme dans l’Assemblée précédente, une seule femme a été choisie.

6\. Les 66 membres de l’Assemblée du Puntland ont réélu le 8 janvier M. Deni sixième Président du Puntland et Ilyaas Osman Lugatoor Vice-Président. Sur le plan de la sécurité, la situation à Garoowe est demeurée calme et M. Deni est entré en contact avec les candidats à la présidence et les chefs traditionnels dans les jours qui ont suivi sa réélection afin de favoriser une conciliation politique. Le Président Mohamud, les présidents des États, à l’exception du Président du Djoubaland, Ahmed Mohamed Islam « Madobe », de hauts responsables du Gouvernement et d’autres dignitaires ont assisté à la cérémonie d’inauguration de M. Deni le 25 janvier.

7\. Selon une déclaration publiée le 19 octobre par le Ministère somalien de l’intérieur, des affaires fédérales et de la réconciliation, le « Gouvernement fédéral a réaffirmé son appui aux décisions auxquelles les chefs traditionnels étaient parvenus durant leur entretien à Laascaanood le 6 février 2023», s’est «félicité de l’administration intérimaire établie par la population locale et s’est attaché à coopérer avec elle ». Dans la région de Sool, les violences se sont poursuivies par intermittence du 8 au 23 novembre à Bouq-Dharkein entre les milices de la fraction Habar Jeclo (du clan Isaaq) et le clan des Dhoulbahante. Le 28 novembre, les chefs du clan Isaaq ont, dans un communiqué, réaffirmé leur appui à l’indépendance du « Somaliland » et leur volonté de défendre leur territoire, tout en soulignant qu’ils n’avaient aucune intention d’envahir le territoire des Dhoulbahante. Le 2 décembre, les chefs traditionnels dhoulbahante ont, dans un communiqué, pris acte du communiqué des Habar Jeclo et souligné leur souhait de coexistence pacifique.

8\. Les chefs de l’opposition dans l’État du Sud-Ouest ont présenté le 6 octobre au Président Mohamud une pétition en faveur de l’application de l’Accord de Baidoa, lequel avait été signé en février 2023 entre l’administration de l’État du Sud-Ouest et des groupes de l’opposition, avec l’appui du Gouvernement fédéral, afin de permettre la tenue d’élections à l’Assemblée régionale à la fin de 2023 et de l’élection présidentielle dans la région en janvier 2024. Le 14 octobre, l’opposition de l’État du Sud-Ouest a, dans une déclaration, demandé la tenue d’élections dans l’État en janvier 2024, conformément aux dispositions de l’Accord.

9\. Pendant la période considérée, les rapports entre l’administration du Djoubaland et la région de Gedo se sont améliorés, l’administration contrôlant tous les centres de district dans la région de Gedo, exception faite de Garbahaarrey, où les causes de friction ont persisté. Les autorités de Garbahaarrey ont continué de manifester leur opposition aux propositions de l’administration du Djoubaland consistant à tenir une conférence sur la réconciliation associant toutes les parties dans la ville. Le 17 novembre, les chefs traditionnels et des groupes de femmes à Garbahaarrey ont avalisé l’ancien chef du district de Garbahaarrey comme le nouveau chef, rejetant les responsables désignés par l’administration du Djoubaland dans la région de Gedo.",2024-02-19T19:56:28+00:00,2024-02-02T00:00:00+00:00,Somalia,Somalia,"Coordination, Education, Food and Nutrition, Gender, Health, Logistics and Telecommunications, Mine Action, Protection and Human Rights, Safety and Security, Water Sanitation Hygiene",UN Document,UN SC,2024-02
4101348,Somalia: CCCM Cluster - CFM Monthly Report January 2024,"**Observations & Highlights**

Of the 3393 tickets received this month, FSL, WASH, and SNFI received the most feedback. The sites in Mogadishu Dayniile received 29% of all feedback this month.

Of the 1,771 replies completed this month, 69% was reported as resolved, 13% of feedback expired with no response from service providers, and 16% of feedback was reported unresolved by providers.",2024-01-31T00:00:00+00:00,2024-01-31T00:00:00+00:00,Somalia,Somalia,"Camp Coordination and Camp Management, Education, Food and Nutrition, Health, Protection and Human Rights, Shelter and Non-Food Items, Water Sanitation Hygiene",Situation Report,"CCCM Cluster, IOM, UNHCR",2024-01
4035937,Somalia: A better data management system is improving education,"*Thanks to a GPE-funded program implemented by CARE in partnership with the Somalia Federal Ministry of Education, Culture and Higher Education, Somalia’s Education Management Information System (EMIS) has been improved.*

""I leave the office when I am tired and stressed after organizing files manually and hardly find time to relax with my family.""

Abdi*

Headteacher in one of the GPE-ESPIG-supported schools

Abdi, a headteacher in one of the GPE-supported schools in [Somalia](https://www.globalpartnership.org/where-we-work/somalia), heads to his workstation every day to be greeted by a mountain of paperwork. He is required to sort and organize the school filing system manually.

This is a time-consuming activity that is bound to result in errors -- time that could be used for teaching, school supervision and quality checks.

His wish was to have this process automated in a system that would be user-friendly, and to be trained to use it. This would improve the data collection process, provide easier storage and retrieval of student and teacher information, save valuable time, improve the quality of data, and improve his work-life balance!

The centralized Education Management Information System (EMIS) is the tool that Abdi needed. It is a comprehensive information system designed to collect, store, manage, and analyze data related to education.

The system is managed by education administrators who collect and assess data at the school, district, and regional level to improve education quality, identify areas for improvement, and ensure efficient resource allocation for educational institutions and systems.

Initiated in 2016 by the Ministry of Education, Culture and Higher Education (MOECHE), the EMIS collects and analyzes data from schools on an annual basis.

Since its inception, the system has had several challenges in ensuring that it is effectively utilized. Persistent challenges include lack of individual student-level data, gaps in capturing data on out-of-school children (the only data sources on the latter group are population estimates derived from current enrollment data and project-level studies).

The GPE-funded program sought to enhance capacity at Federal Member State (FMS) level to manage, monitor and regulate the education sector. The program has made a significant investment in operationalizing EMIS centers through rehabilitation work, conducting reviews on the system capacity and data audits to improve the system (management and data analysis, across the MOECHE and FMS MOEs).

In addition, the program developed additional functions that will show the overview of the national examination results for grades 8 and 12.

Furthermore, the program supported 14 EMIS staff both at FMS MOEs and MOECHE levels with monthly salaries to oversee the smooth running of the system.

Through the program, a national EMIS policy was developed, validated, and disseminated to all FMS and other education stakeholders.",2024-02-06T19:15:46+00:00,2024-02-01T00:00:00+00:00,Somalia,Somalia,Education,News and Press Release,GPE,2024-02
4038292,"Somalia Health Cluster Partners Operational Presence Map, January 2024",,2024-02-15T05:44:37+00:00,2024-02-15T00:00:00+00:00,Somalia,Somalia,"Coordination, Health",Map,"Health Cluster, WHO",2024-02
4038969,Introduction to integrated disease surveillance and response (IDSRS) implementation in Somalia,"**Presentation objective**

- To describe how integrated disease surveillance and response (IDSRS) is implemented in Somalia 

**Introduction**

• Since 2008, EWARN was the only multi-disease surveillance system in Somalia

• EWARN stands for Early Warning Alert and Response Network. It is a system which is deployed to quickly detect and response to disease outbreaks in emergency contexts where the routine surveillance system is non-functional

• EWARN was completely decommissioned in early 2023

• Before EWARN was decommissioned, Somalia had started the process of establishing a national wide routine surveillance system called IDSRS

**Background**

• The routine multi-disease surveillance system for Somalia is called integrated disease surveillance and response system (IDSRS)

• The system was developed by the federal ministry of health with technical support from WHO, UNICEF/HISP-Tanzania and other partners

• The system is used to conduct all surveillance functions for all priority conditions at all levels of the health system (community, facility, district, region, state and federal)

• The system is being rolled-out gradually. The system has been rolledout to all states except Somaliland, which plans are underway to achieve that.",2024-02-17T09:43:57+00:00,2024-02-17T00:00:00+00:00,Somalia,Somalia,Health,Other,Govt. Somalia,2024-02
4041694,Using the Safe Water Optimization Tool to Improve Water Quality in Humanitarian Settings: Reflections on Our Work in Somaliland,"*We've previously written about learnings from our HIF *WASH Evidence Challenge* study in Uganda. That work looked at the role that the SWOT can have in assuring water safety in refugee and IDP camps supplied by surface water sources delivered by piped networks and water trucks.* 

*Another component of our study looked at how the SWOT could be used to assure water safety in institutions and medical facilities. For this work, we partnered with Médecins Sans Frontières (MSF) in Somaliland to implement and evaluate how the SWOT could be used to ensure water safety at the Las Anod General Hospital.* 

*While an uptick in conflict and insecurity at the site prevented us from completing all our study objectives, in this blog we share some of the insights we gained from our work there.* 

**INTRODUCTION: WHAT WAS OUR GOAL IN THE SOMALILAND STUDY?**

Providing clean water in medical facilities is critical for drinking, hygiene, patient care, medical procedures, and preventing nosocomial infections (infections acquired in a healthcare setting). Our goal was to evaluate how well the Safe Water Optimization Tool (SWOT) works for ensuring water safety in a medical facility setting by deploying the SWOT at the Las Anod General Hospital in Sool, Somaliland. 

**BACKGROUND ON THE LAS ANOD GENERAL HOSPITAL AND MSF'S ROLE THERE.**

Las Anod General Hospital (LAGH), located in the capital city of the disputed Sool region in southeastern Somaliland, is a Level 5 hospital with a 73-bed capacity. MSF began operations in LAGH in May 2019, providing technical and financial assistance for the hospital's emergency room, operating theatre, and sexual and reproductive healthcare services, among other supports. 

Securing a safe and reliable water supply for the hospital has been a persistent challenge. The hospital has its own borehole, which was constructed in 2019, as well as a reverse osmosis (RO) treatment system. However, the RO system stopped functioning in 2020 due to lack of maintenance and spare parts. Since then, MSF has been supporting the hospital to purchase RO-treated groundwater from a local supplier for drinking, medical, and infection prevention and control (IPC) purposes.    

The estimated potable water demand of the hospital is around 26 m3 per month. Water deliveries are made every few days. Water is delivered via truck by the private supplier, who is required to chlorinate water before delivery to the hospital's underground tank. On arrival, the water is tested for FRC, pH, and turbidity by the MSF team, and additional HTH chlorine is added when the FRC is below 0.2 mg/L. 

Chlorinated water is then pumped into an elevated tank connected to a piped distribution system serving six potable water tapstands located in the staff and patient areas (a separate piped network provides non-potable water for other domestic purposes. MSF has instituted regular water quality monitoring at various points in the water supply chain at the hospital. 

**HOW WAS THE SWOT USED IN THE HOSPITAL?**

The SWOT was deployed at the Las Anod General Hospital as part of normal WASH operations and used routine water quality monitoring data. Data collection was handled by the MSF Water and Sanitation (WatSan) Technician using KoBoToolbox with a SWOT survey template.  

Using the SWOT in a hospital setting required making some adaptations to the tool, as it has previously been used in refugee and IDP camp settings. Specifically, water deliveries are made every few days to the hospital, so chlorinated water must be stored after chlorination in the overhead tank for much longer than it would typically be stored in a camp setting. The SWOT was therefore modified to allow for much longer durations of protection than would normally be the case in a camp setting (up to multiple days).   

At the same time, the distance from the water tanks to the taps was much shorter at the hospital compared to the considerable distances that people sometimes have to transport water in the camp setting. While in a camp people would typically collect water in large containers for the whole family to use over the course of a day, in the hospital people usually filled small personal water bottles which they would drink from over a short time period (typically 1 to 3 hours at most). 

For this reason, we considered the drinking water taps in the hospital wards to be the point-of-consumption, and this was where we wanted to ensure water safety. Our goal therefore was to ensure adequate chlorination in the elevated tank to persist so that water at the taps in the hospital wards was adequately protected over several days. 

Water quality measurements including free residual chlorine (FRC), turbidity, pH, water temperature, and electrical conductivity were collected from trucks as they delivered water to the hospital (point-of-delivery), at the hospital's elevated storage tank (point-of-distribution), and at six taps (points-of-consumption) around the hospital grounds where staff and visitors filled their water bottles. Data collection was conducted between September and December 2022, though there were interruptions to data collection due to intensifying conflict in the region. 

Before the SWOT recommendation was provided, baseline data showed that the median FRC at the tank was 0.40 mg/L, and 64% of tap samples had an FRC meeting the water safety threshold of at least 0.2 mg/L. Baseline data was uploaded to the SWOT, which generated a site-specific FRC target recommendation of 0.8 mg/L FRC to be maintained at the elevated tank to ensure sufficient FRC at taps for up to 24 hours.   

The FRC target was implemented by the WatSan team, but was soon decreased to 0.6 mg/L FRC in response to taste and odour complaints received from water-users in the days following the initial change. This modified target was seen to better balance the competing concerns of having sufficient FRC to ensure water safety and not so much as to drive taste and odour driven rejection of treated water.   

After the SWOT FRC target recommendation was issued to the MSF team, they were able to increase the FRC at the tank up to a median of 0.49 mg/L, however only two of the ten water tank samples showed the SWOT target of 0.6 mg/L had been reached. Despite this, water safety at the taps increased, all samples taken within 24 hours of chlorination had an FRC of at least 0.2 mg/L. This reduced slightly to 93% for samples taken over 24 hours from chlorination (up to 150 hours). 

**WHAT DID WE LEARN?**

The study offered valuable insights into how the SWOT can help improve water safety in medical facilities such as the Las Anod General Hospital. With water quality monitoring data from tanks and taps at the hospital, the SWOT was able to generate a site-specific and evidence-based water chlorination target that could optimize water safety at taps around the hospital. 

After the SWOT's FRC target recommendation was implemented in the hospital's water system by the MSF WatSan Team, there was a considerable improvement in the proportion of hospital taps with sufficient FRC (i.e., 0.2 mg/L) to protect water against pathogenic recontamination after one or more days of storage---going from 59.9% at baseline to 93.3% at endline following SWOT implementation. 

The study also, once again, highlighted the importance of taste and odour as a critical factor to balance when setting a water chlorination target, as adjustments were made to the FRC target recommendation in response to water-user preferences. Acceptance of chlorine taste and odour in drinking water is highly personal and can vary greatly across populations. We recommend understanding local chlorine taste and odour acceptability thresholds as part of a chlorination programme, and always providing channels for water users to feedback their concerns. We are developing tools to help water system operators rapidly determine population-specific chlorine taste and odour acceptability thresholds to be part of the SWOT toolkit.  

Overall, this case study in Somaliland demonstrated the effectiveness of the SWOT as a tool for enhancing water safety in healthcare settings in resource-constrained and crisis-affected settings.

**NEXT STEPS...**

For our next steps, we will apply lessons learned from the Las Anod Hospital to similar environments and continue to refine and enhance the SWOT for the medical facility water system and other humanitarian water supply use cases. We also hope to expand the use of the SWOT beyond humanitarian response settings to be used by local health authorities in healthcare facilities in non-emergency settings.  

Unfortunately, the conflict affecting the Sool region of Somaliland has escalated rapidly, to such a point that MSF had to withdraw from the Las Anod Hospital in July 2023. We hope that the situation improves, and the MSF team can return to provide medical care to patients in need at Las Anod and in the surrounding regions. The SWOT team is ready to support MSF and any medical humanitarian actors with deploying the SWOT to ensure water safety for patients, caregivers, and staff in medical facilities.",2024-02-27T12:55:13+00:00,2024-02-27T00:00:00+00:00,Somalia,Somalia,"Health, Water Sanitation Hygiene",News and Press Release,ELRHA,2024-02
4041838,Empowering Somali Youth: Inauguration of the Berbera Youth Center,"**Berbera, 27/02/2024** - The United Nations Population Fund (UNFPA) along with the Somaliland Ministry of Youth and Sports, and the Government  of the Netherlands successfully inaugurated the Berbera Youth Center. This event marked a significant milestone in UNFPA's commitment to empower Somali youth and women and foster their socio-economic development.　

The establishment of the Berbera Youth Center marks a collaborative effort between UNFPA and the Somaliland Ministry of Youth and Sports, with local partner Shaqodoon Organization, under the umbrella of the Accelerated Socio-economic Empowerment of Youth project funded by the European Union and the Netherlands. 　

The inauguration ceremony of the Berbera Youth Center witnessed the presence of key Somaliland government officials, highlighting their commitment to foster an environment that nurtures the potential of the youth and ensures their active participation in the socio-economic development of Somaliland. H.E. Abdirisak Musa Farah, the Minister of Youth and Sports, along with Hon. Yurub Abib, the Vice-minister of Employment, Social Affairs and Family, and Mr. Khadar Ibrahim, the Director of Somaliland National Youth Development Fund, were among the officials who graced the occasion. Additionally, the event was attended by Mohamoud Hindi Adam, the Deputy Governor of Sahel region, Nur Abdi Jama, the Deputy Mayor of Berbera, Mr. Saeed Hassan Abdillahi, the Director of Somaliland Ports Authority, and Members of Parliament Khadar Ali Hakin and Noradin Ahmed. 　

Minister Abdirisak Muse Farah cut the ribbon to symbolise the commencement of this transformative initiative. Following this, Nima Harir, Director of Planning, extended a warm welcome and delivered opening remarks, setting the tone for the event. During his address, Netherlands Ambassador for Youth, Education and Employment, Jurriaan Middlehoff strongly emphasised the profoundly positive impact such investments yield on communities. ""The significance of this Youth Center goes far beyond its physical structure. It symbolises our collective commitment to investing in our most precious resource—our youth,"" said Faisa Ibrahim, Assistant Representative for Hargeisa Sub Office at UNFPA while emphasising the need, and significance of investing in youth potential. Interactive sessions followed, and a town hall-style discussion session allowed youth to share their aspirations and discuss the challenges they encountered, further emphasising the need for and the centre's commitment to empowering the youth and women of Somaliland. 　

The centre will take a comprehensive approach to empower the youth of Berbera, Sahir Region of Somaliland. By providing access to quality education and vocational training, promoting economic empowerment and entrepreneurship, offering crucial services like sexual and reproductive health counselling, family planning, nutrition, and psychosocial support. Moreover, it will conduct community outreach and awareness programs and extend assistance and referrals to those seeking justice and protection from Gender-Based Violence.　

Since its launch, the Socio Economic Empowerment Youth Initiative has transformed the lives of over 5,000 young Somalis. Through bootcamps, entrepreneurship, social enterprises, and financial literacy/management training, the initiative has equipped these young individuals with the skills and knowledge necessary for success. Additionally, mentorship programs, future-ready skills training, and start-up grants have been instrumental in empowering the youth to pursue their dreams and create their own opportunities. Youth Centres also serve as co-working spaces and provide incubation, research, and acceleration services for new start-ups. These spaces provide a supportive environment for young entrepreneurs, enabling them to develop their ideas, access resources, and receive guidance to turn their concepts into successful businesses.　

The support accorded by the Government of the Netherlands, as part of the European Union, showcases their commitment to supporting sustainable recovery and the achievement of the Sustainable Development Goals (SDGs) in Somaliland. By investing in the youth and providing them with the necessary tools and support, the EU and the Netherlands are contributing to the long-term development and prosperity of the country.　

**For media inquiries, please contact:**  　　

Fatimah Shah, Communications and Advocacy Specialist United Nations Population Fund (UNFPA) at fatshah@unfpa.org　　

**About UNFPA:**  

The United Nations Population Fund (UNFPA) is the leading United Nations agency for delivering a world where every pregnancy is wanted, every childbirth is safe, and every young person's potential is fulfilled. UNFPA is committed to supporting countries in their efforts to achieve sustainable development and improve the lives of women, adolescents, and youth.",2024-02-27T22:20:31+00:00,2024-02-27T00:00:00+00:00,Somalia,Somalia,"Education, Recovery and Reconstruction",News and Press Release,UNFPA,2024-02
4028449,International Partners welcome conclusion of Puntland leadership elections,"Mogadishu – Somalia’s international partners* welcome the conclusion of Puntland’s presidential election on 8 January 2024. We commend the people of the Federal Member State of Puntland on the peaceful conduct of the process. 

We appreciate the efforts of all political and electoral stakeholders to ensure a peaceful process and encourage all parties to maintain a peaceful environment. Any electoral-related dispute should be resolved peacefully through appropriate legal mechanisms.

International partners strongly encourage greater participation and meaningful inclusion also of women and youth in future processes. We reaffirm our continued commitment to Somalia’s efforts on democratic governance and to make progress towards fair, transparent and direct elections.

*/*African Union Transition Mission in Somalia (ATMIS), Belgium, Denmark, Djibouti, Ethiopia, European Union (EU) Delegation, Finland, Germany, Intergovernmental Authority on Development (IGAD), Ireland, Italy, Kingdom of Saudi Arabia (KSA), League of Arab States (LAS), Norway, Organisation of Islamic Cooperation (OIC), Poland, Qatar, Russian Federation, Sweden, Switzerland, Uganda, United Arab Emirates (UAE), United Kingdom, United States, and United Nations.*",2024-01-09T12:58:08+00:00,2024-01-09T00:00:00+00:00,Somalia,Somalia,Peacekeeping and Peacebuilding,News and Press Release,UNSOM,2024-01
4031734,"Somalia National Health Cluster Meeting 18th January 2024: Polio Vaccination Campaign (Jan 21-25, 2024) [Presentation]","*[Excerpt]*

Polio Vaccination Campaign (Jan 21-25, 2024): 

Mission: Combat circulating vaccine-derived poliovirus type 2 (cVDPV2) through high-quality supplementary immunization activities (SIAs). 

Focus: Enhance vaccination quality via:

- Improved planning and micro-plans:Streamlining logistics and deployment.

- Boosted team performance:Training and supervision of vaccination teams, especially in hard-to-reach areas.

- Addressing access barriers:Identifying and overcoming geographic, security, and cultural challenges.

- Collaboration: Strengthened partnerships with government, health sector, and civil society for coordinated response.

Campaign Scope and Statistics:

- Target: All districts in southern and central Somalia, except Jubaland (28th-31st Jan for Jubaland).

- Deployment:more than 1900 District Field Assistants (DFAs) and 12,758 vaccinators.

- Targeted Population:Over 2.7 million children under 5 years old.

- Vaccine:nOPV2 (noval Oral poliovirus type 2 vaccine).",2024-01-23T06:45:06+00:00,2024-01-18T00:00:00+00:00,Somalia,Somalia,Health,Other,"Health Cluster, WHO",2024-01
4034916,"AUC Director for Conflict Management concludes working visit to Somalia, discusses security transition and post-ATMIS Security Arrangements","Mogadishu, 2 February 2024 – The African Union Commission’s (AUC) Director for Conflict Management, Dr. Alhadji Sarjoh Bah, has wrapped up a five-day working visit to Somalia. He led a high-level delegation from the Political Affairs, Peace, and Security Department which included the newly appointed Head of the Peace Support Operations Division (PSOD), General Cheick Dembele.

The focus of the engagements was to outline the modalities for a seamless transition of security responsibilities from ATMIS to Somali Security Forces and post-ATMIS security arrangements.

On arrival in Mogadishu on Saturday, the delegation was welcomed by the African Union Special Representative for Somalia and Head of ATMIS, Ambassador Mohamed El-Amine Souef; the Acting Minister for Foreign Affairs, Ali Omar Balad; the Minister of Information, Culture, and Tourism, Daud Aweis; and the leadership team of ATMIS.

They held key discussions with officials from the Federal Government of Somalia (FGS). They met with the State Minister in the Office of the Prime Minister, Hirsi Gaani, and the National Security Advisor, Hussein Sheikh Ali. They also engaged with UN officials, international partners, Ambassadors from ATMIS Troop Contributing Countries, and representatives from Civil Society.

They reflected on the lessons learned from both Phase One and Two drawdowns, the forthcoming Phase Three in June 2024, which requires a further drawdown of 4,000 troops, and the subsequent phase after ATMIS ends on 31 December 2024.  

For a seamless transition and to ensure there are no security gaps, Dr. Alhadji Sarjoh Bah stated that the African Union will be flexible and consider any challenges that may arise.

""We absolutely remain committed to ensuring that, number one, we stick to the timelines of the drawdown. Of course, we've had two extensions in the last two drawdowns. And so, except in situations of force majeure, we remain determined and resolute in ensuring that by 31st December 2024, we will have completed the drawdown,"" he said.

Following the visit to Somalia, the delegation will submit a report to the African Union Peace and Security Council and the United Nations Security Council. The document will outline the parameters for a post-ATMIS security configuration on 1st January 2025.

""We want to ensure that the configuration, whatever it looks like, whatever its posture, whatever its mandate, is informed by a very comprehensive security assessment that focuses on the threats and other variables. This will allow us to then determine the strength, the mandate, the posture, the composition, and the overall architecture that will replace ATMIS”, Dr. Bah noted.  

End",2024-02-02T12:03:36+00:00,2024-02-02T00:00:00+00:00,Somalia,Somalia,Peacekeeping and Peacebuilding,News and Press Release,ATMIS,2024-02
4066815,Hirshabelle Subnational Nutrition Cluster Coordination Meeting Minutes (30th January 2024),"**Meeting minutes**

The State NC coordination meeting was inaugurated by Mohamed Aden from State Ministry of Health 
(Hiraan regional nutrition officer). The nutrition cluster members reviewed and approved the agenda and 
the previous action points. No other issues were brought up. The meeting was led by Mr. Aden Mohamed, 
the state nutrition cluster coordinator.

**Agenda**

1. Introduction and opening remarks 

2. Review of action points of the last meeting

3. Updates from partners on the nutrition services delivery, challenges/gaps, PDAD and supplies (UN 
agencies, and NGOs)

4. Updates AWD/Cholera situation and its impact on nutrition.

5. Update on the 3w matrix and quarterly state coordination meeting (physical) – NC

6. AOB",2024-01-30T00:00:00+00:00,2024-01-30T00:00:00+00:00,Somalia,Somalia,"Coordination, Food and Nutrition, Health",Other,"Nutrition Cluster, UNICEF",2024-01
4040311,Somalia Child Protection Area of Responsibility Coordination Hub as at February 2024,,2024-02-22T08:06:32+00:00,2024-02-22T00:00:00+00:00,Somalia,Somalia,"Coordination, Protection and Human Rights",Map,"CP AoR, Protection Cluster, UNICEF",2024-02
4031743,Education Response Snapshot (Jan - Dec 2023),"**BACKGROUND**

In 2023, approximately 4.8 million school-aged children across Somalia lacked access to protective quality education. The main barriers restricting access to education are the cost of education and the lack of available education services, which disproportionately affect children displaced by conflict. Indeed, of the estimated 1.7 million children who are internally displaced within Somalia, approximately 63% have no access to learning, with the newly displaced facing the most severe restrictions in accessing education. Lack of access to education results in permanent harm to children and exposes them to a wide range of protection risks leading to a vicious cycle of poverty and vulnerability.  

Education in Emergencies remains chronically underfunded in the face of increasing needs and requires a sustained political and financial commitment to ensure children are enabled to fulfill their right to education.",2024-01-23T07:21:02+00:00,2024-01-23T00:00:00+00:00,Somalia,Somalia,Education,Infographic,"Education Cluster, UNICEF",2024-01
4041608,About the Somalia Humanitarian Fund (February 2024) [EN/SO],"AT A GLANCE 

The Somalia Humanitarian Fund (SHF) is a multi-donor country-based pooled mechanism created in 2010 to allocate funding for the most urgent life-saving interventions in Somalia. With SHF, governments and private donors can channel their contributions into a common, unearmarked fund to deliver life-saving assistance to people who need it most. The Humanitarian Coordinator (HC) oversees the funds and its allocations. The Fund supports the highest-priority projects of the best-placed responders - mainly international and national NGOs and some UN agencies - through an inclusive and transparent process that meets priorities set out in the Humanitarian Response Plan (HRP). This ensures that funding is available and prioritized locally.

OVER FOURTEEN YEARS OF LIFE-SAVING AID 

Since 2010, SHF has received over $758 million from 26 donor countries and private donors. SHF is trusted by donors due to its effectiveness, coordinated approach and established accountability systems – employing an exceptionally robust and reliable online Grant Management System. In 2023, SHF received $71 million, which accounted for 6 per cent of the total funding received for the Humanitarian Response Plan.",2024-02-27T10:02:49+00:00,2024-02-27T00:00:00+00:00,Somalia,Somalia,Humanitarian Financing,Manual and Guideline,OCHA,2024-02
4115797,Somalia Community Engagement and Accountability Taskforce Community Engagement Strategy for Gu Season 2024 Flooding (February 2024),"**Background/Context:**

El Niño is one of several key climate drivers impacting East African weather. Unlike the La Niña event, which brought severe and prolonged drought from 2020-2022, El Niño often results in heavy rainfall in the East Africa region. Evidence suggests that in the last 30 years, the frequency of flood events in the riverine areas of the Juba and Shabelle River basins have tripled, often resulting in human casualties and major economic damage. These events caused massive flooding along the Juba and Shabelle rivers in Somalia, leading to heavy losses and major animal disease outbreak with serious implications such as a long-lasting export ban in 1999 due to an outbreak of Rift Valley Fever (RVF). In 2023, floods caused by the April to June Gu rains affected around 468K people, including 247K displaced, 27 killed. Humanitarian actors responded with lifesaving assistance and protection support. 246 operational partners, including 189 NNGOs (March) have reached to 5.2M People with assistance between Jan and April1. Based on different forecast analysis, it was anticipated that the dyer season flooding (Oct-Dec 2024) would be a 100-year return period flood event2. Eventually, the 2024 El-Nino flooding in Dyer Season impacted over 2.48 million people, with over 1.2 million people displaced and 118 killed in at least 36 districts. At least 224 schools were also damaged across Somalia impacting the education of school going children.3 For the Gu season 2024 (March-June), the analysis of different forecasts shows the likelihood of considerable rains and flooding in different part of Somalia4.

The Humanitarian community is working on spearheading the preparedness and response mechanisms. The Humanitarian Country Team (HCT) and the Inter-Cluster Coordination Group (ICCG) is engaged in discussion with Somali Disaster Management Agency-SoDMA, different clusters and working groups to develop preparedness and response mechanisms for the upcoming flooding. As an important component of the preparedness and response, the Community Engagement and Accountability Taskforce (CEA TF), is coordinating the common messaging and community engagement. A clear and coordinated communication and community engagement strategy is vital for community uptake of essential early warning information and preparedness measures that save lives and assets of the affected populations. This strategy document outlines the detailed plans and mechanism of rolling out the common messaging initiatives.",2024-02-23T00:00:00+00:00,2024-02-23T00:00:00+00:00,Somalia,Somalia,Coordination,Manual and Guideline,IOM,2024-02
4119914,Providing a safe space to play in Somalia,"<p><strong>Somalia | 2023 | CBPF</strong></p>



<p><strong>Somalia: Iftin and Habal Aday displacement sites.</strong> “I love coming here,” says Zaituna, who is 12 years old, of the child-friendly space at Iftin displacement site. “It’s a happy place – the drawing sessions are my favourite. It feels like I’m bringing my dreams to life on paper.”</p>



<p>While Somalia managed to walk back from the brink of famine in late 2022 and early 2023, close to four million people continue to be food insecure and in need of assistance, including millions of internally displaced people like Zaituna who have fled their homes due to conflict and the ravages of climate change.</p>



<p>More than 80 per cent of displaced people are women and children, who face significant protection risks. Child-friendly spaces offer an opportunity for normalcy for vulnerable children, some of whom are unaccompanied and living without their families.<strong></strong></p>



<p>With support from the Somalia Humanitarian Fund (SHF), local Somali organization NoFYL is supporting child-friendly spaces in several displacement sites, for Zaituna and other children like her. There, children can do art, play football, and enjoy other activities in a safe space.</p>



<p>These children are living through difficult times. But the games provide some respite and new connections with other young people.</p>



<p>Abdirahman is 14. He says, ""The floods destroyed everything, and playing again with old and new friends feels different. It's not just a game; it's like leaving all the tough stuff behind and just having fun with friends.""</p>



<p>Nasra Ali, a case worker with NoFYL, observes, “Every smile, every kick of the football, every happy cry, is a step towards healing.”</p>



<p>For more information: visit the <a href=""https://www.unocha.org/somalia/about-somalia-humanitarian-fund"">Somalia Humanitarian Fund website</a>, and find real-time contribution and allocation data on the <a href=""https://pfdata.unocha.org/"">POOLED FUNDS DATA HUB.</a></p>
<p><em>Pooled Fund impact stories</em></p><p>#2023, #CBPF, #Climate, #Conflict, #Natural Disasters, #Protection, #Somalia</p>",2024-02-19T00:00:00+00:00,2024-02-19T00:00:00+00:00,Somalia,Somalia,Humanitarian Financing,News and Press Release,OCHA,2024-02
4119906,Sharing knowledge to stay safe from water-borne disease,"<p>Somalia | 2023 | CBPF</p>



<p><strong>Somalia, Dollow</strong>. Mama Fatuma Gurham is a vendor in the marketplace in Dollow. Recently, she and other vendors were visited by women from the community who shared information on how to prevent water-borne disease and to keep themselves, customers, and families safe from illness.</p>



<p>“This information was very useful,” says Mama Fatuma.</p>



<p>After extensive flooding in the 2023 Deyr rainy seasons - October-December last year, water infrastructure in many affected areas of Somalia has been destroyed, and even the wells that still worked have been contaminated.</p>



<p>With the water infrastructure damaged or destroyed, many people displaced by the floods also lack access to safe water.</p>



<p>With funding from the Somalia Humanitarian Fund, Somali organization Nomadic Assistance for Peace and Development (NAPAD) has trained thirty community hygiene promoters in Qurdubey, Busle, Garbolow, and in the Dollow Internally Displaced Persons (IDP) sites, including those at Ladan, Kaharey, Kabasa, and Qansaxlay.</p>



<p>The trainers learn how to reduce the risk and transmission of watery diseases like cholera, for example by promoting hygiene and hand washing, spreading the word on safe treatment and storage of household water, and improving latrine maintenance.</p>



<p>The Community Health Promoters conducted door-to-door hygiene promotion for a month. And they continue to run information sessions in community locations like the marketplaces and tea shops.</p>



<p>They use posters and easy-to-remember, engaging messages to convey important hygiene information. These methods communicate vital messages about sanitation, handwashing, water safety, insect control, and flood preparedness.</p>



<p>For their work, the health promoters receive a monthly stipend.</p>



<p>Abshiro Hassan Bashir, the leader of CHPS in Kabasa displacement camp, noted that, ""We are educating people in different settings about proper hygiene and sanitation, and emphasizing the importance of positive behavior change to enhance hygiene practices.""</p>



<p>Together, they have reached over 1,000 people with this critical information.</p>



<p>For more information: visit the <a href=""https://www.unocha.org/somalia/about-somalia-humanitarian-fund"">Somalia Humanitarian Fund web site</a>, and find real-time contribution and allocation data on the <a href=""https://pfdata.unocha.org/"">POOLED FUNDS DATA HUB.</a></p>
<p><em>Pooled Fund impact stories</em></p><p>#2023, #CBPF, #Climate, #Somalia, #Water</p>",2024-01-24T00:00:00+00:00,2024-01-24T00:00:00+00:00,Somalia,Somalia,Humanitarian Financing,News and Press Release,OCHA,2024-01
4041060,Education Cluster 2024 Response Snapshot (As of 31 January 2024),"**Context**

In 2024, it is projected that between 3.6 million and 4.9 million school-aged children in Somalia will not have access to formal education and that nearly 2.4 million school-aged children will require humanitarian assistance to enable them to begin, return to, or remain in school. As in previous years, the main driver for school dropout and non-enrolment in Somalia is the cost, including the associated cost, of sending a child to school, with displaced communities significantly and disproportionally affected.  

While it is anticipated that humanitarian conditions will improve in 2024, providing additional opportunities for children currently out of school to return to learning and for those enrolled to remain in school and attend classes more regularly; however, access to education, as well as the quality of the learning environment, is anticipated to remain vastly inequitable across various population groups, with displaced and/or conflict-affected children, children living in rural areas, adolescents, and children with disabilities seeing proportionally smaller gains in accessing education and being significantly less likely to have the necessary materials for classroom learning. Further, children living in flood-prone districts are likely to have their education disrupted during the rainy season, with some children never returning to school thereafter.",2024-02-24T12:43:29+00:00,2024-02-24T00:00:00+00:00,Somalia,Somalia,Education,Infographic,"Education Cluster, UNICEF",2024-02
4173789,"Security and climate change implications for humanitarian, development and peace-building programmes in Somalia","As part of the project ‘[**Catalysing cohesive action on climate and security**](https://odi.org/en/about/our-work/catalysing-cohesive-action-fcas/)’, ODI and the Center for Climate and Security hosted a workshop from 3-4 October 2023 in Nairobi, Kenya to discuss challenges and opportunities across climate adaptation, security, development and humanitarian aid to deliver climate-resilient development. This report summarises the key discussion points of the meeting, and next steps.

For the workshop, a group of select stakeholders were brought together to explore how actors in Somalia - working in humanitarian aid, development and peace-building - can take more coordinated, coherent approaches that meet immediate needs while also contributing to longer-term climate resilience and stability, and strengthen the use of conflict and climate risk assessment to make investments and actions more effective.

The workshop was part of the project ‘Catalysing cohesive action on climate and security’, which aims to [**pave the way**](https://odi.org/en/about/our-work/catalysing-cohesive-action-fcas/) from crisis response to climate-resilient development in fragile and conflict-affected areas. A subsequent workshop in 2024 considered similar issues for Mozambique.

## **Key messages**

- Parallel action on political stability and climate adaptation is crucial for long-term resilience in Somalia. Without first addressing drivers of fragility (for example, clan-based power imbalances and a weak political settlement) it is not possible for any policy, plan or action to deliver the stability or peace needed to create effective and sustainable climate resilience.
- Humanitarian, development, peace and climate actors must align their incentives to accomplish shared goals for Somalia. This requires greater collaboration, coordination and a review of incentives across humanitarian, development, peace and climate actors, as well as engagement between international and local actors.
- A coordinated approach by international donors, federal and local government, and implementing organisations would ensure better long-term outcomes for local communities in Somalia. Without a collective understanding of ‘resilience’ among these actors, in terms of for whom, to what, and over what time frames and scales it is needed, it will be difficult to measure how interventions can contribute to a pathway that moves the country toward the vision of a climate-resilient future and, ultimately, climate-resilient development.
- Achieving the above outcomes would constitute radical change to the resources, incentive structures and standard operating procedures of these actors.

[Read full report on ODI Global.](https://odi.org/en/publications/meeting-report-security-and-climate-change-implications-for-hdp-programmes-in-somalia/)",2024-01-24T00:00:00+00:00,2024-01-24T00:00:00+00:00,Somalia,Somalia,"Climate Change and Environment, Peacekeeping and Peacebuilding",Analysis,ODI Global,2024-01
4033114,Somalia Situation Update | January 2024: The Complexities of the Somaliland-Ethiopia Sea Access Deal,"**Somalia at a Glance: 9 December 2023-19 January 2024**

**VITAL TRENDS**

- From 9 December 2023 to 19 January 2024, ACLED records nearly 300 political violence events and at least 726 reported fatalities in Somalia. Most political violence centered in Lower Shabelle region, where al-Shabaab targeted security forces and the African Union Transition Mission in Somalia (ATMIS).

- Mudug region had the highest number of reported fatalities, with 412. Lower Juba region followed, with at least 121 reported fatalities. Most of the fatalities came after battles between al-Shabaab and security forces.

- The most common event type was battles, with over 500 events, followed by explosions and remote violence, with nearly 180 events. Most of the events involved clashes between security forces and al-Shabaab.",2024-01-26T20:20:11+00:00,2024-01-15T00:00:00+00:00,Somalia,"Ethiopia, Somalia","Peacekeeping and Peacebuilding, Protection and Human Rights",Situation Report,ACLED,2024-01
4084772,"Somalia Nutrition Cluster: Cluster meeting minutes, 30 Jan 2024","**Meeting minutes**

The State NC coordination meeting was inaugurated by Mohamed Aden from State Ministry of Health (Hiraan regional nutrition officer). The nutrition cluster members reviewed and approved the agenda and the previous action points. No other issues were brought up. The meeting was led by Mr. Aden Mohamed, the state nutrition cluster coordinator.

**Agenda**

1\. Introduction and opening remarks

2\. Review of action points of the last meeting

3\. Updates from partners on the nutrition services delivery, challenges/gaps, PDAD and supplies (UN agencies, and NGOs)

4\. Updates AWD/Cholera situation and its impact on nutrition.

5\. Update on the 3w matrix and quarterly state coordination meeting (physical) – NC 6. AOB",2024-01-30T00:00:00+00:00,2024-01-30T00:00:00+00:00,Somalia,Somalia,"Food and Nutrition, Health",Assessment,"Govt. Somalia, Nutrition Cluster, UNICEF",2024-01
4041115,UNHCR Somalia PRMN Displacement and Protection Region Level Dashboards - January 2024,,2024-02-25T08:54:30+00:00,2024-02-25T00:00:00+00:00,Somalia,Somalia,Protection and Human Rights,Infographic,UNHCR,2024-02
4040757,Japan supports vulnerable children and their families in Somalia affected by humanitarian crises,"**Mogadishu, 22 February 2024** – The Government of Japan has made a combined contribution of US$3.1 million to UNICEF to assist children and their families impacted by humanitarian crises.

About US$2.1 million of the contribution will provide integrated support to 100,000 people in Banadir, Baidoa, and Buurkaba districts, which are heavily impacted by droughts and floods. The second grant of US$1 million is earmarked for Buloburte, Jalalaqsi and Kismayo districts where 40,000 individuals affected by the recent floods will receive critical emergency WASH and health services over a period of six months.

“It is important to mitigate the impact of the recent severe droughts and floods and to consider how to adapt to climate change in the future,” said Japanese Ambassador to Somalia His Excellency Ken Okinawa. “We hope this grant will support the children and their families who have been affected by the natural disaster and are in dire need of immediate humanitarian assistance. We also hope this grant will help build their resilience to climate change.”

UNICEF Representative Wafaa Saeed said the contribution comes at a critical time when families were struggling to cope with the impact of the floods.

“Although they have subsided, the floods have left a long-lasting impact on the lives and livelihoods of children and their families. We welcome this contribution from the Government of Japan, which is forged in our shared commitment to alleviating suffering and restoring the dignity of vulnerable families. We look forward to this partnership and to working with the Government of Somalia and our local and district-level partners to delivering these desperately needed services to disadvantaged communities.”

According to the Somalia Disaster Management Agency, approximately 2.5 million people were affected by the recent El Nino floods, 1.5 million of them children. Some 1.2 million people were displaced from their homes and are vulnerable to diseases like diarrhoea, malaria and Dengue Fever. These families have been displaced to areas lacking basic services, children have had their education disrupted, and women and children face significant protection risks, such as Gender-Based Violence.

In Banadir, Baidoa, and Buurkaba districts, UNICEF, through its partners and in coordination with the government, will provide emergency water and sanitation facilities to 90,000 people, widen access to formal and non-formal education for an estimated 4,500 children, and provide mental health, psychosocial support, and case management services to 11,000 individuals, mainly vulnerable children. The communities will be sensitized on disease prevention through house-to-house campaigns and community meetings.

UNICEF will work with partners in Buloburte, Jalalaqsi and Kismayo districts to support household water treatment, emergency disinfection and chlorination of contaminated water sources and procure and distribute hygiene kits, including menstrual hygiene management pads alongside undertaking hygiene promotion. A total of 300 shared family, gender-segregated, emergency sanitation facilities will be constructed. Some 22,000 people will receive lifesaving primary healthcare through mobile teams, cholera treatment centers, and Oral Rehydration Points.

**Media contacts**

Victor Chinyama

Chief of Communication

UNICEF Somalia

Tel: +252613375885

Email: [vchinyama@unicef.org](https://reliefweb.int/mailto:vchinyama@unicef.org)",2024-02-23T08:04:50+00:00,2024-02-22T00:00:00+00:00,Somalia,"Japan, Somalia","Contributions, Health, Water Sanitation Hygiene",News and Press Release,UNICEF,2024-02
4039727,Towards a 'peace continuum' approach to climate security - Insights from the Horn of Africa,"*Louise Wiuff Moe*

***ABSTRACT***

Climate change is a priority area in European and broader Western initiatives for global security, with a significant focus on Africa. This paper argues that advancing the climate security agenda in Africa necessitates an approach oriented towards integrating climate adaptation and finance into a ‘peace continuum’, spanning prevention, peacebuilding, and development. The first section reviews gaps in advancing this agenda, notably concerning climate finance and the prioritisation of conflict-affected contexts. It asserts that addressing these gaps is essential for climate justice and for fostering partnerships in Africa amid growing global geopolitical competition. Drawing on insights from Africa’s Horn, the second section discusses concrete challenges and opportunities for advancing a ‘peace continuum approach’ to climate security. It underscores the importance of strategic engagement and flexible, conflict-sensitive climate finance, notwithstanding challenges posed by institutional fragmentation and conflict.  

Recommendations are supported by examples of the UN, AU and IGAD initiatives and case studies from Somalia and Somaliland.",2024-02-20T14:20:08+00:00,2024-02-20T00:00:00+00:00,Somalia,"Ethiopia, Somalia","Climate Change and Environment, Peacekeeping and Peacebuilding, Protection and Human Rights",Analysis,DIIS,2024-02
4039514,"Statement by Special Representative of the Secretary-General Catriona Laing to the Security Council on the situation in Somalia (New York, 19 February 2024)","(As delivered, New York, 19 February 2024)

Madam President, Distinguished Members of the Security Council,

I welcome this opportunity to address you on developments in Somalia since my last briefing in October. I am pleased to do so alongside the Special Representative of the Chairperson of the African Union Commission (SRCC), Souef Mohamed El-Amine. I pay tribute to the African Union’s mission, ATMIS, and the dedicated service of its personnel and troops.

The Federal Government of Somalia (FGS) has made solid progress in recent months in the implementation of its priorities, including the completion of a critical security roadmap presented at the Somalia Security Conference on 12 December last year. Since my last briefing, Somalia has also gained admission to the East African Community, reached the completion point of the Heavily Indebted Poor Countries (HIPC) initiative, secured the lifting of the arms embargo and most recently secured the endorsement of the African Union (AU) Executive Council for a seat on the Security Council in 2025-26. These are very significant achievements.

The UN family in Mogadishu has faced a challenging start to the year, particularly the incident that took place in Galmudug on 10 January involving one of our helicopters. We are working closely with the Federal Government and all partners to secure the safe return of passengers and crew. I would also like to recognise the tragic death of a member of the United Nations Guard Force Unit (UNGU) who was killed in an Al-Shabaab indirect fire attack on our UN compound on 11 January. Despite these tragic events, our focus remains on supporting Somalia with its rightly ambitious agenda over the year ahead.

My briefing today will provide brief updates on eight areas:

- Political developments    
- Regional developments    
- Security update    
- Women, peace and security    
- Human rights    
- Humanitarian situation and links to climate change    
- Economic development    
- Transition    
- Political developments

Madam President, I will begin with an update on political developments.

The National Consultative Council (NCC) proposals of 27 May on the proposed new electoral model continue to be debated intensely. On the positive side, there is broad public support for the transition to One-Person, One-Vote (OPOV) elections, but there is also a realisation that the timelines proposed by the NCC are too ambitious. The UN is working with the Ministry of Interior Federal Affairs and Reconciliation to develop a realistic plan which will ensure the momentum towards OPOV is maintained.

We welcome the recent approval by Parliament of the procedural rules for constitutional changes. This sets a clear pathway on process. It is now urgent to reach an inclusive consensus on the electoral framework. On the constitution, we encourage all parties to engage in the spirit of compromise to finalise the process. Without an agreed constitution, Somalia remains vulnerable to perennial crises with no agreed rules of the game to enable resolution.

I commend the people of the Federal Member State of Puntland on the peaceful conclusion of the electoral process on 8 January 2024. President Said Abdullahi Deni – the sixth President of Puntland – was re-elected by the Puntland State Assembly to a second term in office. The presence of President Hassan Sheikh Mohamud and three Federal Member State Presidents at the inauguration on 25 January was a positive signal. We hope this has created the foundation for a reset of dialogue with full re-engagement of President Deni in the NCC process. The planned Garowe conference on the future of Somalia could be an important part of this reset, with the opportunity for wider consultation with key stakeholders, including women and youth. 

In Laascaanood and the Sool region, the situation has remained calm since the violence of November 2023. There is, however, no formal ceasefire. We continue to urge all parties to work towards an immediate exchange of detainees, a commitment to no further violence and to start dialogue to address the underlying drivers of the conflict. We continue to provide humanitarian assistance to those affected and to support the de-mining and early recovery.

Regional developments

Madam President, my second update concerns regional developments.

On 1 January, Ethiopia and “Somaliland” announced a Memorandum of Understanding (MoU) which reportedly grants Ethiopia a 50-year lease of 20 kilometres of coastline in exchange for certain political and economic benefits to “Somaliland.” The full details of the MOU are not available, but public pronouncements have generated strong hostile public reactions in Somalia. It is also worrying to see Al-Shabaab exploiting this situation as a tool for recruitment. We recognise that the strong feelings in Somalia are putting pressure on the Government to respond, and we encourage the President to remain measured in his response.

I echo the words of the Secretary-General who has recalled that the Security Council has repeatedly affirmed its respect for the sovereignty, territorial integrity and unity of Somalia, and called for all parties to engage in peaceful and constructive dialogue and to refrain from inflammatory words or actions that could further escalate tensions.

This situation must be resolved through constructive dialogue. In that regard, it is disappointing that no significant progress was made at the recent Africa Union summit. 

Security update

Madam President, my third update focuses on the security situation.

Countering Al-Shabaab remains one of the Government’s top priorities. Heavy rains and flooding hampered operations towards the end of 2023. However, since the rains eased in December, government forces have had some success in the south and east of Galmudug state. The Government is now preparing for the resumption of large-scale operations.

The UN is pleased to report some positive developments on stabilisation in newly recovered areas. Specifically, there has been progress in the delivery of rule of law, governance, reconciliation, and the provision of basic services. UN joint programmatic efforts are being deployed in recovered areas; nevertheless, funding for those initiatives remains limited. I urge international partners to provide the resources needed to meet vital stabilisation needs in newly recovered areas.

The handover of security responsibilities of the State House and Villa Somalia to the National Security Forces on 14 December 2023 was an important symbolic milestone for Somalia. There were some delays on completion of Phase 2 drawdown, but it was completed successfully in full by the end of January.

As planning is now underway for a new AU-led mission from January 2024, plans for drawdown may need to be revised to allow for a smooth transition to any new force and to prevent a security vacuum from emerging during the transition phase. It is essential that any further drawdown of ATMIS forces is undertaken in a manner which ensures protection for local communities and enables the ongoing presence of the international community in Somalia.

I welcome the commitment by the Federal Government on 11 February to relocate all high-explosive ammunition from the Halane armoury by 25 February. This is critical to minimise the danger posed to the international community and surrounding local residents.

Women, peace and security

Madam President, my fourth update is on Women, Peace and Security.

We have continued to work with the Government, women in the Federal Parliament and civil society to advance the implementation of the 30 per cent women’s quota. Despite concerted efforts, women’s political participation and representation remains a significant challenge. To illustrate this, only one of the new members of Parliament of Puntland is a woman, among sixty-six representatives. The electoral model, security issues, patriarchal structures, and the lack of financing for female political campaigns have all contributed to this under-representation.

I met again with senior women leaders in February. They had three key messages for me. Firstly, a minimum of 30 per cent representation at all levels must be enshrined in the constitution currently under review. Secondly, they reiterated their strong support for one-person, one-vote elections. And thirdly, they strongly oppose the Memorandum of Understanding between Ethiopia and “Somaliland” given its potential to lead to conflict in the region, recognising the disproportionate effect conflict has on women and girls.

Human rights

Madam President, my fifth update concerns Human Rights.

On the legislative front, the Offences of Rape and Indecency Bill (ORIB) was approved by the Somali Cabinet. Defining a child as a person under the age of 18 years is a positive step.  However, there are articles in the bill that are not aligned with international human rights standards. For example, the definition of rape must contain the element of consent as part of the crime, and the crimes of indecency must be clearly defined so that conduct that is prohibited and is punishable under the law is clear. The UN has offered technical assistance to promote compliance and is working with partners to advocate for the Bill to be amended to comply with international human rights standards.

I’m concerned about the high number of children casualties due to explosive remnants of war and crossfire incidents which have had a particular impact on children. I remain gravely preoccupied by the number of violations attributed to Al-Shabaab as well as the group’s continued abduction of children for the purposes of recruitment and use. I call on all parties to the conflict to immediately cease and prevent violations and to comply with their obligations under international humanitarian law and international human rights law.

Humanitarian situation and links to climate change

Madam President, my sixth update is on the humanitarian situation and links to climate change.

Somalia’s humanitarian crisis remains dire. In 2023, Somalia experienced the worst drought in decades, followed by El Niño impacts leading to heavy rains and extensive flooding in October and November 2023. This affected more than 2.4 million people, inundated farmlands, and damaged critical infrastructure.

The 2024 Humanitarian Needs and Response Plan will require USD 1.6 billion to meet the needs of 5.2 million most vulnerable people in Somalia. This is, however, a 37 per cent reduction from 2023. This reduction is in line with a new approach to make the humanitarian response highly targeted and prioritised, given the dwindling funding outlook globally. This will require greater collaboration with development and peace actors to address underlying vulnerabilities.

Integrating climate resilience strategies into the humanitarian assistance is important for creating sustainable, long-term solutions to Somalia’s complex challenges, and this demands a holistic response that goes beyond the traditional aid models in order to build resilience through durable solutions. Following the recent Committee of Parties (COP28) and HIPC completion, there is significant momentum to advance access to climate financing to Somalia. Somalia also joined the Task Force to Access Climate Finance, which should allow it to unlock funding pledged at COP28.

Economic development

Madame President, my seventh update is on economic development.

I would like to congratulate the Government and all partners that supported Somalia to successfully conclude the Highly Indebted Poor Country (HIPC) debt relief process in December. It is encouraging that Somalia will access grant financing from the World Bank for another year. The UN supports the Government’s priorities on domestic revenue mobilisation, accountability and commitment to deliver social services for its citizens.

On financing for state-building, the UN is facing a huge shortfall for its strategically important joint programming. Without adequate funding, we will not be able to deliver on the UN Sustainable Development Cooperation Framework, which is aligned with Somalia’s National Development Plan. I urge international partners to make adequate resources available to the Somalia Joint Fund.

Transition planning

Last but not least, Madam President, I would like to update you on strategic aspects of transition planning.

At the Security Conference in December, the Federal Government of Somalia presented its plan for the transition of full security responsibility to national ownership. International partners signalled their collective intention to support the FGS in countering insurgency and building a stable and prosperous future. As the ATMIS drawdown proceeds, Somalia has requested a new, repurposed, and smaller AU mission, focused on protection. This security umbrella will also be essential to enable the implementation of the UN mandate and the efforts of the wider international community in Somalia.

The Federal Government of Somalia is requesting an evolved UN logistics support package to strengthen national systems and capacity. The United Nations Support Office in Somalia (UNSOS) Independent Review, will explore how to achieve this in a way that strengthens the capacity of the Somali Government. Predictable, sustainable funding for the new AU mission is vital. We are working with the AU and FGS, to explore all potential funding modalities, including applying resolution 2719 on the financing of African Union-led Peace Support Operations. We are also working with AU and partners to ensure our collective support to the security sector is more coherent and establish more innovative, nimble, cost-effective ways of working. We recognise we must ‘do business’ differently to ensure a more sustainable approach.

Conclusion

Madam President, in conclusion, Somalia remains resilient and the Federal Government’s commitment to its state-building agenda remains strong. The efforts of the campaign against insurgency are commendable, but much more is needed to ensure that its gains are sustained. I would like to assure the people of Somalia of the UN’s unwavering support towards the state-building agenda and to underscore that the support of this Council is central to Somalia’s success. Through our collective support, Somalia is demonstrating that a country can emerge from prolonged conflict to one that delivers for its people and acts as a force for good in the region.

Thank you.",2024-02-20T05:54:31+00:00,2024-02-19T00:00:00+00:00,Somalia,Somalia,"Climate Change and Environment, Gender, Peacekeeping and Peacebuilding, Protection and Human Rights",News and Press Release,UNSOM,2024-02
4038783,Somalia 2023 Post Deyr Seasonal Food Security and Nutrition Assessment: Key Nutrition Results Summary,,2024-02-16T12:25:51+00:00,2024-02-16T00:00:00+00:00,Somalia,Somalia,"Food and Nutrition, Health",Other,FSNAU,2024-02
4038706,Somalia Early Warning-Early Action Dashboard Time Series Chart: Trends in the Number of Risk Factors in Alarm Phase (Jan 2015 - Jan 2024),,2024-02-16T10:09:41+00:00,2024-02-16T00:00:00+00:00,Somalia,Somalia,"Agriculture, Food and Nutrition",Infographic,FSNAU,2024-02
4038694,"Somalia 2022 Post Deyr Season Total Acute Malnutrition Burden Estimates by Region (January-December 2024), 15 February 2024",,2024-02-16T09:32:18+00:00,2024-02-16T00:00:00+00:00,Somalia,Somalia,Food and Nutrition,Other,FSNAU,2024-02
4038536,"IPC Acute Food Insecurity and Acute Malnutrition Analysis January - June 2024 | Published on February 15, 2024","**DESPITE IMPROVEMENTS, ALMOST 1 IN 5 SOMALIS FACE HIGH LEVELS OF ACUTE FOOD INSECURITY; 1.7 MILLION CHILDREN LIKELY TO SUFFER FROM ACUTE MALNUTRITION**

**Overview**

Heavy rainfall, flooding across Somalia, exacerbated by lingering effects of previous droughts have driven 4 million (21% of population) to IPC AFI Phase 3 or worse (Crisis or Emergency) between January and March 2024. Of these, 3.2 million people (17 percent of the population) are in IPC AFI Phase 3 (Crisis), and around 800,000 people (4 percent of the population) are experiencing worse conditions in IPC AFI Phase 4 (Emergency). 

In comparison to the same period last year, when approximately 5 million people were classified in IPC AFI Phase 3 or worse due to protracted drought, the current figure represents a 20% reduction in the number of food insecure population. 

This is attributed to better rainfall over the past two seasons which have positively impacted livelihoods, and sustained humanitarian assistance. 

In the projected period from April to June 2024, when normal to above-normal Gu rains are anticipated, further improvement of the food security situation is expected. As a result, the number of people facing IPC AFI Phase 3 or worse is expected to decline by 15% to 3.4 million. Most of this improvement is expected in rural areas where enhanced pasture and water for livestock and increased agricultural activities in crop-dependent areas are foreseen. 

In terms of nutrition, an estimated 1.7 million cases of children aged from 6 to 59 months face acute malnutrition between January and December 2024, including 430,000 who are likely to be severely malnourished. Overall, the analysis findings shows that high levels of acute malnutrition persist in many areas. Of the 50 population groups included in the 2023 Deyr analysis, IPC AMN Phase 4 (Critical) was observed in 20 population groups. Additionally, 17 population groups were classified in IPC AMN Phase 3 (Serious), while the remaining 13 population groups were classified in IPC AMN Phase 2 (Alert) 

Despite funding constraints and scaling down, humanitarian assistance has continued to play a critical role in preventing the worsening of food security and nutrition outcomes in many areas throughout 2023. However, high levels of food insecurity and acute malnutrition will persist through at least mid-2024 if additional funding is not secured to scale up and sustain humanitarian assistance.",2024-02-15T16:32:02+00:00,2024-02-15T00:00:00+00:00,Somalia,Somalia,"Agriculture, Food and Nutrition, Health, Protection and Human Rights, Water Sanitation Hygiene",Analysis,IPC,2024-02
4036847,"Radio Ergo audience feedback report, Issued: 9 Feb 2024","**Brief Analysis**

Among the feedback messages recorded on Radio Ergo's independent, nationwide call-in platform this week (1-7 February 2024), a number of callers spoke abut health concerns, including diarrhoeal diseases, measles, malnutrition, malaria, and a widespread illness with coughing symptoms. Price rises and food shortages were also a concern among callers. There were a number of callers citing water shortage and drought, notably in Sanag region, where some also reported locust invasions. Many livestock owners called with complaints about livestock diseases especially from the regions of Sanag, Bari, and central Somalia. The following summarises the calls by theme.

**Health** -- callers from Sool and Sahil in the north and Mudug in central Somalia complained about a widespread disease with symptoms including coughing, fever and joint pain. A female caller in Guriel said they needed treatment for children suffering from measles and malnutrition. A female caller in Kismayo, Lower Juba, said they needed help in dealing with the health crisis in the area due to the spread of acute watery diarrhoea. Another said mothers were concerned by their children getting a fever after being vaccinated and she wanted to know the best way to curb fever. [Radio Ergo will respond to this informational request on its Radio Doctor programme]. A caller in Baidoa asked for local spraying of mosquitoes.

**Aid, IDPs** -- a female caller [using a Telsom number but no location mentioned] said they used to be very happy receiving cash aid from the federal government Bahnano safety net fund, but the money had stopped. She wanted to know why they had not received anyting for the past 4-5 months. A female caller in All-amin IDP camp in Abudwak said people were dumping waste where they lived and that they had no plots to grow farm crops  - she asked for help. A caller in Galkayo said IDPs there had been neglected by aid agencies and needed assistance. A caller in Qalafe, Ethiopia's Somali Region, said they had no food, water, or shelter and needed aid.

**Food shortage & Prices** -- a female caller in Erigabo, Sanag, said she and her children lacked food. She said she couldn't feed her baby any more as her breast milk had dried up. Another Sanag caller said they were worried about food and water shortages and wanted the message to be passed on to aid agencies. Two callers in Badhan, Sanag, said the prices of basic food had gone up making it hard to afford food. They also mentioned drought and water scarcity. A female caller in Dadmaren, Togdher, also complained about high prices for food. 

**Water shortage/Drought** -- a number of callers in Sanag complained of water shortage and drought, including in El-Afweyne, Badhan, and Erigabo. In Bari region, callers in Bosaso said they had a water shortage and needed help with water and also to create employment in the area. In Sahil, a female caller said their water was contaminated and causing diarrhoea among the community. She wanted her message shared to get help. A caller in Guriel said they faced water shortage and needed boreholes to cover their needs. A caller in Ada-kibir, Galgadud, asked for help to repair or replace broken water pumps in the area. He also wanted tree-cutting to be stopped. A caller in Kismayo complained that water was scarce and contaminated and unfit for drinking.

**Locusts** -- locust invasions were reported by several callers in Sanag region in the north. Some of the callers simultaneously complained about water shortage and drought conditions. Callers in El-Afweyn said the locust swarms had been attacking farms and destroying crops. A caller in Goof said his farm had been invaded and they need control measures against the locusts.

**Livestock** -- many herders especially in northern and central regions complained about diseases and asked for information, advice and treatments. [Some callers will be included in Radio Ergo's weekly Radio Vet programme with experts]. Meanwhile, a female caller in Baarlef asked the Galmudug authorities to deal with insecurity and bandits stealing livestock.

**Flood Recovery** -- in Beletweyne, Hiran, a female caller thanked Radio Ergo for the informational services and said people had returned to their homes after the floods. Another caller said people were returning home and the cases of diarrhoea were reducing. A caller in Baidoa said they had now recovered after the floods.",2024-02-09T13:05:40+00:00,2024-02-09T00:00:00+00:00,Somalia,Somalia,"Agriculture, Food and Nutrition, Health, Protection and Human Rights, Water Sanitation Hygiene",News and Press Release,Radio Ergo,2024-02
4036452,"Displacement Tracking Matrix (DTM) Somalia - Emergency Trend Tracking (ETT) - Gedo, Bay, Hiraan, Middle Shabelle and Banadir regions, Week 50 - 51 (Dec 10 to Dec 23, 2023)","In response to the Somalia’s severe drought beginning in November 2021, DTM Somalia launched an Emergency Trends Tracking (ETT) tool first in Gedo and Bay regions in 2022, and subsequently in Hiraan, Banadir and Middle Shabelle regions in 2023 to monitor drought related displacement trends and hotspots in support of operational planning. However, during the first half of 2023, conflict and flooding displacements have been significant. Therefore, DTM restructured its ETT tool to capture multi-shock displacements (drought, flood, conflict and other) from October 2023. In December 2023, ETT coverage has been expanded to Afgoyee district in Lower Shabelle region to cover the migration corridor between Afgooye and Mogadishu towns. As well as this, from week 49 onwards, ETT activities in Banadir have been paused.

ETT is a crisis-based tool that tracks sudden displacement triggered by specific events or emerging crises. The objective of ETT is to help prioritize humanitarian response and to enable partners to deliver rapid assistance.",2024-01-02T00:00:00+00:00,2024-01-02T00:00:00+00:00,Somalia,Somalia,Protection and Human Rights,Situation Report,IOM,2024-01
4036216,"East Africa Price Bulletin, January 2024","*The Famine Early Warning Systems Network (FEWS NET) monitors trends in staple food prices in countries vulnerable to food insecurity. For each FEWSNET country and region, the Price Bulletin provides a set of charts showing monthly prices in the current marketing year in selected urban centers and allowing users to compare current trends with both five-year average prices, indicative of seasonal trends, and prices in the previous year*

**Staple Food Markets in East Africa**: White maize is the main staple grain consumed in Tanzania, Kenya, and Ethiopia. In Uganda, white maize is grown mainly as a commercial crop for export in the region. Imported rice is a major staple for Somalia, which mainly consume belem—the imported red rice. Tanzania is also a major producer and source of rice in the region while Kenya and Uganda are minor producers. Both red and white sorghum are produced and consumed in the region. This is an important staple in Sudan and Somalia as well as in other marginal agricultural areas of the region. It is also a substitute cereal among the rural poor. Red sorghum is mainly grown in Ethiopia, Sudan, and Somalia. Beans are an important source of protein and a complementary food crop grown in the high potential agricultural areas of Kenya, Uganda, Tanzania, Rwanda, Burundi and Ethiopia. It is consumed across household types. Maize and beans are the most heavily traded commodities in the region. The cooking banana–matoke is the primary staple in Uganda. Uganda is also a main source of cooking and other types of bananas traded in the region especially in Southern Sudan. However, bananas are not traded nearly as heavily as maize or beans.",2024-02-07T15:40:32+00:00,2024-02-07T00:00:00+00:00,Somalia,"Burundi, Ethiopia, Kenya, Rwanda, Somalia, South Sudan, Sudan, Uganda, United Republic of Tanzania","Agriculture, Food and Nutrition",Situation Report,FEWS NET,2024-02
4035642,Strengthening climate resilience through collaborative partnerships: A blueprint for Somalia's future,"*Years of conflict, underinvestment, and the ravages of climate change-induced natural disasters have taken a severe toll on Somalia, jeopardizing lives, livelihoods, and biodiversity*.

[View this story as a photo essay on Exposure](https://undpsomalia.exposure.co/strengthening-climate-resilience-through-collaborative-partnerships-a-blueprint-for-somalias-future).

From 2021 to 2023, Somalia faced an unprecedented drought and floods, marked by five consecutive failed rainy seasons, impacting 7.8 million people—nearly half of the nation's population.

Somalia grapples with an alarming deforestation rate of approximately 35,000 hectares per year, leading to the annual felling of 4.375 million trees. Environmental issues such as access to water, rapid urbanization, poor waste management, land degradation, depletion of marine resources and pollution exacerbate the situation, with overgrazing, soil erosion, and deforestation contributing to socio-political challenges.

In partnership and with funding from the European Union, Norway, Sweden, Japan and the vertical funds such as Global Environment Facility (GEF) and Green Climate Fund (GCF), UNDP has been working hand in hand with the Somali government to empower communities and institutions to protect the environment, foster clean energy, and brace for climate change.

Over the past years, guided by the National Development Plan 9, we supported the development of key policies, strategies, and frameworks, including the National Climate Change Policy, National Environment Management Act, Charcoal Policy, the National Water Resources Strategy, the Solid Waste Management Strategy and Action Plan, the Somalia Nationally Determined Contribution and National Adaptation Plans. With our backing, 10,151 households underwent a transition to eco-friendly and sustainable energy sources. This initiative, primarily targeting households led by women (95%), involved the adoption of fuel-efficient stoves, alternatives to charcoal, and solar solutions, resulting in significantly reduced deforestation and charcoal consumption and the creation of new employment opportunities.

Through media campaigns, we helped sensitize over 2 million people to sustainable natural resource management, leading to reduced charcoal demand. We also facilitated the transition of 5,000 households to alternative livelihoods like vegetable farming, beekeeping, and fodder production. The expansion and integration of solar energy as an alternative solution have proven effective in reducing energy costs. For example, the implementation of solar power systems in five hospitals played a pivotal role in cutting down energy expenses while simultaneously improving operational capacity.

We also actively worked on capacity development, engaging with 17 government institutions and over 3,200 participants comprising policymakers, practitioners, women, youth, and representatives from civil societies and private sectors in environmental management, disaster risk reduction, and water management. Capacity-building support for operationalizing the National Emergency Operation Centre helped monitoring the worsening drought and famine situation and response actions in the country. We also provided technical, operational, and equipment support for setting up two early warning systems in Somaliland and Puntland.

We played a key role in preparing Municipal Disaster Risk Reduction plans for four vulnerable cities and implementing local DRR funding frameworks in nine high-risk districts. Our support extended to the drafting of Somalia's National DRR plan, showcasing a comprehensive government-wide strategy to mitigate risks in disaster and climate-vulnerable regions.

We also helped improve access and availability of water to vulnerable communities through the construction of medium-scale water infrastructures. Over 21,340 women-headed households have benefited from interventions aimed at protecting livelihoods from drought and floods and ensuring access to reliable sources of water and sustainable energy.

To reduce the impacts of climate change on communities, we supported the construction of reservoirs and dams across the country, keeping people and livestock alive during droughts and building resilience.

Climate-smart water harvesting infrastructures, such as wells, canals, and a water desalination plant, have been strategically employed to adapt to climate change, benefiting 4,600 households, including over 2,250 women-headed households.

Nearly 63,000 households, with 52% being women-headed, have experienced positive outcomes through the implementation of nature-based solutions aimed at safeguarding the local livelihoods of vulnerable groups.

Across Somalia, we helped rehabilitate 6285 ha of rangelands to restore their productivity.

We also helped develop a first-ever scholarship program for master’s degrees in environmental studies at Amoud University and launched Somalia's first Master of Science in Integrated Water Resources Management at Somali National University. In its first year, 29 national students, with a 30% representation of women, successfully completed their courses in climate change, environmental studies, and natural resource management.

Thanks to funding from core partners, UNDP is actively engaged in promoting environmental peacebuilding and supporting climate adaptation efforts with a focus on fostering peace. One key priority involves addressing the intersection of youth and climate security. A pilot project on climate security was just completed in collaboration with the Berghof Foundation and Save the Children, resulting in the creation of climate security action plans tailored to specific areas: Beledweyne, Eyl District, and Waxada 3aad, Khada District. These plans address community concerns, including the need for more inclusive decision-making processes, mediation, and strategies to tackle youth unemployment.

This year, we remain dedicated to advancing risk-informed, climate-resilient development. Our focus includes strengthening resilience to climate change and disaster risks at all levels through policy support, reinforced institutions, and initiatives for resilient livelihoods. Additionally, our commitment to green and inclusive development involves collaboration to enhance capacities in environmental governance, pollution mitigation, and ecosystem restoration, with a focus on improving water governance and promoting urban resilience.

This comprehensive approach seeks to lay the foundation for a sustainable and resilient Somalia, where communities thrive, nature is preserved, and the impacts of climate change are effectively mitigated.

It highlights the transformative power of international collaboration and the crucial role of partnerships in building a brighter future for nations facing complex challenges.

The joint efforts of governments, international organizations, and local communities demonstrate that by working together, we can overcome even the most daunting challenges and pave the way for a sustainable and prosperous future.",2024-02-06T04:51:57+00:00,2024-02-06T00:00:00+00:00,Somalia,Somalia,Climate Change and Environment,News and Press Release,UNDP,2024-02
4034020,"Somalia Food Security Outlook Update, December 2023","**Flood-affected riverine areas face Emergency (IPC Phase 4) outcomes** 

**Key Messages**   

The October to December deyr rainfall season concluded as the wettest or second-wettest season on record. Heavy rainfall and flooding affected widespread areas of southern and central Somalia, displacing approximately 900,000 people and damaging an estimated 83,360 hectares of cropped land according to December estimates. Riverine livelihood zones have been among the worst affected given displacement and disruptions to typical livelihood activities and trade. In these and other badly flood-affected lowland agropastoral areas of the south, main-season deyr agricultural activities were completely suspended. However, recessional cultivation activities have started in December alongside the gradual recession of flood waters. Though households in these areas will likely not harvest until the recessional harvest in February/March 2024, recessional crop production will likely be above average given the abundant moisture that encouraged planting.    

In most areas of Somalia not affected by flooding, the plentiful rainfall during the deyr was largely beneficial for crop and livestock production activities, contributing to ongoing gradual recovery from the historic 2020-2023 drought. However, poor households in many drought-affected areas are still contending with reduced asset bases and atypically high debt levels. Most pastoralist livelihood zones have seen improvements in livestock conceptions and births in recent seasons, though livestock herd sizes remain below average in many areas, also resulting in below-average milk production for consumption and sales. Given the lasting impacts of the drought—compounded by the impacts of recent flooding in affected areas—typical social support structures are reportedly weaker than in past years.    

The provision of humanitarian food assistance continues to be scaled down from peak levels of 2022, with only 1.8 million (10-15 percent of the national population) reached in November 2023. Due largely to access constraints and limited funding, the humanitarian response to the flooding was reportedly more limited than in comparable years of severe flooding.    

Given the lasting impacts of the recent drought amid depleted gu food stocks, above-average prices, and reduced assistance, Crisis (IPC Phase 3) outcomes are expected to persist in many pastoral and agropastoral areas of the country in December. Emergency (IPC Phase 4) outcomes are expected in flood-affected riverine areas, in the badly drought-affected Coastal Deeh Pastoral livelihood zone of the central region, and in several settlements of people displaced by comparatively severe conflict and flooding. In the February to May 2024 period, improvement in outcomes is expected in most areas given improved access to food and income from the main- and off-season deyr harvests. However, Crisis (IPC Phase 3) or worse outcomes will likely persist in flood-affected riverine areas, northwestern agropastoral areas affected by poor rainfall, central pastoral areas badly affected by the recent drought, and several displacement settlements.",2024-01-30T23:45:47+00:00,2024-01-30T00:00:00+00:00,Somalia,Somalia,"Agriculture, Food and Nutrition",Analysis,FEWS NET,2024-01
4032945,"Radio Ergo Weekly Feedback Report, Issued: 26 Jan 2024","**Brief Analysis**

The calls this week (18-24 January 2024) to Radio Ergo's independent audience feedback platform captured a spread of communities' concerns, including flood recovery challenges in southern farming regions, diarrhoea and other disease outbreaks in various regions, livestock diseases affecting pastoralists in northern and central regions, and beneficial rainfall in some areas with contrary indications of drought and water shortage from some callers notably in parts of Sanag. The following summarises the calls by theme.

**Flood recovery** -- In Bardera, Gedo, several callers talked about recovering their farms after the floods. One caller said they didn't have tractors to cultivate and plant again after losing all their crops. Another said they were struggling to recover and had been neglected by aid organisations. One caller said that although everything on their farms had been washed away, they were still doing well. In Baidoa, Bay, one caller said they were IDPs displaced by floods and needed help. Another said the floods had subsided and they were doing well now. A caller in Bay said they needed help to recover from the setbacks caused by the floods destroying farms and property. A caller in Wanleweyn, Lower Shabelle, said the road there had been destroyed by floods and prices were continuing to rise. A caller in Far-Libah, Hiran, said they had recovered from the floods and were doing well.

**Aid** -- a caller in Galhagog village [Golis number, location unspecified] said they were desperate for help and didn't get any aid organisations in their area. A caller in Hurshe, Galgadud, called twice to complain about WFP aid cards, which he claimed had been diverted during distribution by politicians and powerful people in the area. Meanwhile, a caller in Balgori IDP camp [location unspecified] thanked those who had welcomed them and provided mosquito nets and other items.

**Health** -- callers in Mogadishu, Baidoa, Hiran and Mudug called about diarrhoea cases in their areas and the need for treatment and preventive measures. A female caller in Mogadishu said her young son was sick with diarrhoea and not responding to medicine she had given him. Another urged residents to take care with food hygiene due to the spread of the disease. A caller in Jowle, Mudug, called for treatment campaigns for diarrhoea. A caller in Baidoa said the flood water had led to the rising cases of diarrhoea among children under the age of 10. Callers in Gedo were concerned by mosquito influxes. A female caller in Qardo, Bari, wanted medical advice about children suffering swollen thyroid [sic] glands. Another in Somaliland said many children were sick with flu and fever.

**Livestock** -- most calls on this topic came from Sanag, Puntland, and central regions. A female caller in Sanag said all her 50 young goats were sick with diarrhoea and she wanted to know how to treat them. Others also mentioned diarrhoeal diseases. A caller in Biyogadud, Galgadud, said the rain had helped but he wanted aid organisations to bring treatment for CCPP disease affecting the livestock.

**WASH/Drought** -- several callers in Sanag spoke about drought and water shortage. A resident of the northern coastal village of Waqdariya called twice to say that they needed help getting water. He said people's donkeys including his own that had been used to fetch water had died. A caller in Sabawanag, Sanag, said they needed the government to dig boreholes as they faced water shortage. Others said they needed humanitarian aid but didn't specify their locations. A female caller [used a Golis number] said they were suffering from drought and the children had malnutrition and they needed help. In Bakool region, a female caller in Tiyeglow said they were facing water shortage and their livestock were dying.

**Rainfall** -- among callers welcoming rainfall, one in Dhahamo, Sanag, said that people from areas without rain should go there to get water and grazing. A few callers in Nugal, Puntland, said their farms and livestock were doing well with the rainfall.

**Conflict** -- a caller in Biyogadud, Galgadud, said they had good rainfall but were worried about conflict in Amaro area. A caller in Buhodle, Togdher, similarly said they were doing well apart from conflict and attacks in the area.",2024-01-26T10:47:01+00:00,2024-01-26T00:00:00+00:00,Somalia,Somalia,"Agriculture, Food and Nutrition, Health, Protection and Human Rights, Recovery and Reconstruction, Water Sanitation Hygiene",News and Press Release,Radio Ergo,2024-01
4032656,Somalia Early Warning-Early Action Dashboard Time Series Chart: Trends in the Number of Risk Factors in Alarm Phase (Jan 2015 - Dec 2023),,2024-01-25T13:59:30+00:00,2024-01-25T00:00:00+00:00,Somalia,Somalia,"Agriculture, Food and Nutrition",Infographic,FSNAU,2024-01
4030454,"Regional Migrant Response Plan (MRP) for the Horn of Africa and Yemen, Handbook for MRP Partners 2023","**INTRODUCTION TO THE REGIONAL MIGRANT RESPONSE PLAN**

The Regional Migrant Response Plan for the Horn of Africa and Yemen (MRP) is a comprehensive, route-based, inter-agency framework. Coordinated by the International Organization for Migration (IOM), the MRP responds to the persistent humanitarian and protection needs of migrants affected by drivers of migration, including natural hazards, protracted conflict, and socioeconomic drivers. The MRP also considers longer-term development interventions to build individual, community, and institutional resilience. The Horn of Africa and Yemen is a region of origin, transit, and destination for hundreds of thousands of migrants. The Eastern Route runs from the Horn of Africa to the Arabian Peninsula and has long been the busiest migratory corridor in the East and Horn of Africa region. Migrants, mainly from Somalia and Ethiopia, move along this route towards the Kingdom of Saudi Arabia and other Gulf States through Djibouti and Yemen. Most travel irregularly, relying on smugglers to facilitate their movement along the Eastern Route (IOM, 2021). 

The MRP sets the standard for accountable, inclusive, and flexible coordination in responding to large-scale and complex migration situations. It provides the vehicle through which MRP partners, including concerned governments and donors, foster joint humanitarian, development, and migration governance initiatives. 

The MRP for the Horn of Africa and Yemen builds on the principles outlined in the Global Compact for Safe, Orderly, and Regular Migration and seeks to complement and strengthen the national responses of governments in line with the humanitarian-development-peace nexus (HDPN). 

The MRP ensures that risks and challenges for individuals and communities in countries of origin, transit, and destination are addressed while reducing the incidence and impact of irregular migration. As of 2023, the MRP comprises 48 partners across the four countries and at the regional level.

**ABOUT THE REGIONAL RESPONSE PLAN HANDBOOK**

The MRP Handbook was designed for MRP partners, member states, and donor partners by the MRP Coordination Unit to achieve the following objectives:

• To promote inclusiveness, predictability, and transparency, as well as clarify the roles, responsibilities, and lines of accountability among the MRP partners.

• To provide clarifications on the MRP coordination mechanisms and explain the alignments and difference between the MRP and Humanitarian Response Plans (HRPs).

• To outline processes and coordination structures linked to the MRP planning process, monitoring and evaluation, information management, reporting, communications and visibility (C&V), and collaboration on thematic aspects.",2024-01-17T13:17:06+00:00,2024-01-17T00:00:00+00:00,Somalia,"Djibouti, Ethiopia, Kenya, Saudi Arabia, Somalia, Sudan, United Republic of Tanzania, Yemen",Coordination,Manual and Guideline,IOM,2024-01
4029612,"Somalia Monthly Rainfall Performance, Jan 2004 - Dec 2023: Deviations from Short Term Averages",,2024-01-14T09:16:15+00:00,2023-12-31T00:00:00+00:00,Somalia,Somalia,Agriculture,Infographic,FSNAU,2024-01
4028838,Factsheet: Understanding and improved livelihood and urban-rural connections of women from DACs [EN/SO],"Over the past two years, Somalia has made global headlines, with drought and insecurity leading to the displacement of millions of people, mostly women and children, to urban areas where they join millions of others displaced from previous crises. Developing solutions that enable women to better support themselves and their families and building the resilience of the rural⬄urban market system requires both a deeper understanding of displaced women’s lives and their participation.",2024-01-10T14:31:27+00:00,2024-01-10T00:00:00+00:00,Somalia,Somalia,Gender,Analysis,NRC,2024-01
4027017,"East Africa Price Bulletin, December 2023","*The Famine Early Warning Systems Network (FEWS NET) monitors trends in staple food prices in countries vulnerable to food insecurity. For each FEWS NET country and region, the Price Bulletin provides a set of charts showing monthly prices in the current marketing year in selected urban centers andallowing users to compare current trends with both five-year average prices, indicative of seasonal trends, and prices in the previous year*.

Staple Food Markets in East Africa: White maize is themain staple grain consumed in Tanzania, Kenya, and Ethiopia. In Uganda, white maize is grown mainly as a commercial crop for export in the region. Imported rice is amajor staple for Somalia, which mainly consume belem—the imported red rice. Tanzania is also a major producer andsource of rice in the region while Kenya and Uganda are minor producers. Both red and white sorghum are producedand consumed in the region. This is an important staple in Sudan and Somalia as well as in other marginal agricultural areas of the region. It is also a substitute cereal among the rural poor. Red sorghum is mainly grown in Ethiopia, Sudan, and Somalia. Beans are an important source ofprotein and a complementary food crop grown in the high potential agricultural areas of Kenya, Uganda, Tanzania, Rwanda, Burundi and Ethiopia. It is consumed across household types. Maize and beans are the most heavily traded commodities in the region. The cooking banana–matoke is the primary staple in Uganda. Uganda is also amain source of cooking and other types of bananas traded in the region especially in Southern Sudan. However, bananas are not traded nearly as heavily as maize or beans",2024-01-02T03:47:28+00:00,2024-01-02T00:00:00+00:00,Somalia,"Burundi, Ethiopia, Kenya, Rwanda, Somalia, South Sudan, Sudan, Uganda, United Republic of Tanzania","Agriculture, Food and Nutrition",Situation Report,FEWS NET,2024-01
4179192,Somalia - Estimated Malnutrition Situation (GAM) - Projection: March - June 2024,,2024-02-16T00:00:00+00:00,2024-02-16T00:00:00+00:00,Somalia,Somalia,Food and Nutrition,Map,FSNAU,2024-02
4115796,"Somalia: CEA Strategy for Cholera/AWD Awareness - Coordinated Initiatives (CEA TF, RCCE TF, WASH Cluster, Health Cluster) (February 2024)","**Background/Introduction:**

Somalia has been experiencing uninterrupted disease transmission in the Banadir region since 2017. The ongoing Cholera/AWD outbreak in Somalia can be attributed to a growing number of people, who lack access to safe water and proper sanitation. The El Niño flood in October to December 2023 has significantly impacted Somalia causing further increase of the Cholera/AWD cases across different districts of Somalia. 21 El Niño flood-affected districts have reported Cholera/AWD cases. In the epidemiological weeks 1 – 6 in 2024 total 2,567 cumulative cases were reported including 1,581 (62%) children < 5 years. During this period total 23 deaths (CFR 0.9%) have been recorded

Considering the urgency of the situation, the Community Engagement and Accountability Task Force (CEA TF) coordinated with the Risk Communication and Community Engagement taskforce (RCCE TF), WASH cluster and Health cluster to organize a coordinated awareness campaign to disseminate awareness on prevention measures and bring about the behavioral change among them. Having a well-defined and coordinated approach to communication and community involvement is essential for effectively conveying important information and messages about preventing and treating Cholera/AWD.

While the Gu season 2024 flooding strategy focuses on standard messaging on preparedness for the upcoming flooding, this strategy document provides an outline of the specific plans and methods for implementing initiatives that promote consistent messaging on Cholera/AWD in affected districts. This strategy is a general framework and needs to be adapted to the specific context, needs and preferences of the respective community to ensure its effectiveness and cultural sensitivity.",2024-02-29T00:00:00+00:00,2024-02-29T00:00:00+00:00,Somalia,Somalia,Coordination,Manual and Guideline,"Health Cluster, IOM, UNICEF, WASH Cluster, WHO",2024-02
4042295,"Weekly Cholera/AWD Situation Report - Somalia, Epidemiological Week 5 (29 January-4 February 2024)","**Highlights**

• The current cholera outbreak in Somalia is a continuation of the 2023 cholera outbreak that spread to new districts that were affected by floods in October 2023.

• Limited access to safe water and proper sanitation among displaced persons living mainly on the banks of river shabelle is the major driver of the current cholera outbreak.

• A new cholera outbreak was confirmed in Hargeisa and Galibey districts as spill over from cholera outbreak in Ethiopia.

• During week 5, 360 new suspected cases with no associated deaths were reported from flood-affected districts. This represents a 12% reduction in incidence over the past two weeks.

• More than half of the cases reported in the week were from Beletweyne, Buloburte Jalalasi and Daynile district among populations displaced by floods (Table 1).

• The overall case fatality rate (CFR) of 0.9 % reported districts is below the emergency threshold of ≥1%. However, the higher-than-expected CFR is reported in Beletweyne (1.3%), Bulo Burde (5.4 %) and Jalalasi (1.7%) attributed to low skills for case management among health care workers, limited access to primary health care services and high levels of malnutrition among children aged under 5 years (Table 2)

• The overall cumulative attack rate is 39 cases per 100,000 with the highest incidence reported in Jalalasi (184 cases per 100,000), Beletweyne (159 cases per 100000 cases) and Mahaday (156 cases per 100,000) (Table 2).

• Stool samples collected from flood affected districts and analyzed in the National Public Health Laboratory in Mogadishu tested positive for Vibrio Cholerae 01 Ogawa 

• Surveillance information from the field shows that the cholera outbreak is likely to spread to Bulo-

• WHO and health partners have scaled up the implementation of cholera response activities in districts affected by floods resulting from the El Nino season since October 2023.

• There is urgent need for additional operational funds to scale up the implementation of response activities to contain the current outbreak.",2024-02-29T07:47:35+00:00,2024-02-29T00:00:00+00:00,Somalia,Somalia,Health,Infographic,WHO,2024-02
4041795,Somalia Cholera Response: DREF Operation MDRSO017,"**What happened, where and when?**

On December 6, 2023, the first suspected cholera outbreak was reported in the Maroodijeh region of Somaliland, subsequently spreading to other regions. Acute Watery Diarrhoea (AWD)/cholera cases have been identified in two regions of Northern Somalia, specifically in the Awdal and Hargeisa regions of Somaliland. As of February 5, there have been 474 reported cases with nine fatalities. The Ministry of Health and Development reported a Case Fatality Ratio (CFR) of 1.9 percent, exceeding the World Health Organization's emergency threshold of ≥1 percent.

Since December 2023, cholera outbreak cases in Somaliland have been increasing based on the Ministry of Health and Development's regular updates on Acute Watery Diarrhoea (AWD) investigations. From December 6, 2023, to January 18, 2024, the MOHD reported 14 cases tested using RDT and Culture. Four cases tested positive for AWD/Cholera using RDT, with three confirmed by Culture, indicating a case positivity rate of 29% by RDT and 21% by Culture. Additionally, one fatality from the Hargeisa district, particularly in the October village, died in transit (pre-hospital).

The current cholera outbreak is attributed to limited access to safe water, proper sanitation, primary health care services, and lowered immunity, especially among children experiencing high levels of acute malnutrition. Cholera is an acute intestinal infection that spreads through contaminated food and water, often from feces. Factors like poverty, conflict, and extreme climate events such as floods and droughts contribute to outbreaks by reducing access to clean water. Despite the preventable nature of AWD/cholera with safe water and proper sanitation, a significant portion of Somali families lack functional sanitation facilities, practice open defecation, and lack handwashing facilities.

The Somalia Red Crescent Society Hargeisa Coordination office is collaborating closely with the Ministry of Health and other organizations to respond to the cholera outbreak, aligning their efforts with the national response plan. The National Society is utilizing its network of community volunteers, who will receive training to assist in the response.

The National Society is also ensuring an inclusive response, considering specific needs related to gender, ethnicity, age, disability, HIV/AIDS status, or other factors that increase vulnerability. They are committed to upholding Sphere standards and implementing mechanisms to enhance transparency and accountability. Data, information, and lessons learned from the response will be captured, analyzed, and shared with partners involved in the response and beyond.

On February 4, 2024, the Ministry of Human and Development officially announced the outbreak after confirming the test results.",2024-02-27T18:05:12+00:00,2024-02-27T00:00:00+00:00,Somalia,Somalia,"Health, Protection and Human Rights, Water Sanitation Hygiene",Situation Report,IFRC,2024-02
4041058,AWD/Cholera Weekly Epidemiological Report EPI Week 7 (12 February – 18 February 2024),"**New cases for epi-week 7**

- 376 new cholera cases were reported from 19 districts.
- 221 (51%) severe cases - 213 (57) children below 5 years - 195 (52%) were female - 3 deaths were reported this week.
- 73 stool samples were tested; 11 samples were positive for V. Cholerae 01 Ogawa by culture.
- While 207 samples were tested using RDT; 60 Samples were possibility for v. cholera 01 Ogawa by RDT 

**Cumulative cases (Since 1 – 7 Weeks in 2024)** 

- 2,943 cumulative cases (1,471; 50% were female)
- 1,794 (61%) children < 5 years - 26 cumulative deaths (CFR 0.9%)
- 1,748 (59%) severe cases - 323 total confirmed Vibrio cholerae 01 Ogawa by culture.
- 24 El Niño flood-affected districts reporting cases. 

Somalia has been experiencing uninterrupted disease transmission in the Banadir region since 2017. The ongoing cholera outbreak in Somalia can be attributed to a growing number of people, who lack access to safe water and proper sanitation. In addition to the ongoing cholera outbreak in Somalia, the country is currently experiencing El Niño floods; according to the UN OCHA, the El Niño rains have affected more than 2.5 million people in Somalia, leading to the displacement of 1.2million individuals from their homes and causing 118 deaths. The El Niño floods have significantly impacted Somalia, causing further displacement and affecting vulnerable populations.

The Banadir region of Somalia has seen a noticeable increase in the number of reported AWD/cholera cases over the past two weeks. In Week 6, there were 29 reported cases, which slightly increased to 34 in Week 7, 2024. Notably, no deaths were recorded in either of these weeks within the Banadir region. 
 
During the mentioned weeks, Afgoye, Baidoa, Burhakaba, Merka, Kismayo, Beletweyn, and Jowhar witnessed a fluctuation of increase and decrease in the number of cases.  

Additionally, it is noteworthy that there has been a recent AWD outbreak in Jalalaqsi and Bulleburte within the Hiran Region and Mahaday district in the Middle Shabelle region.

Since week 1 of 2024, there has been a significant rise in cholera cases, with a total of 2,943 new cases reported. Among these cases, 1,748 (59%) were classified as severe, indicating the gravity of the illness. Of the reported cases, 1,471 (50%) were female, highlighting the vulnerability of women to cholera infection. Additionally, 1,794 cases (61%) were children under 5 years of age, underscoring the heightened risk faced by this age group. Regrettably, 26 deaths (0.9% case fatality rate) were recorded during this reporting period, emphasizing the severity of the outbreak.  

Since January 2024, several districts in Somalia have been significantly affected by the cholera outbreak. The district with the highest number of reported cases is Beletweyn, accounting for 588 cases (20% of total cases). Following closely is the Afgoye with 367 cases (12% of total cases) and Jowhar, with 314 cases (11% of total cases), These statistics highlight the geographical distribution of the outbreak and the urgent need for targeted interventions in these high-risk areas.",2024-02-24T11:18:23+00:00,2024-02-24T00:00:00+00:00,Somalia,Somalia,"Health, Water Sanitation Hygiene",Situation Report,Govt. Somalia,2024-02
4038980,AWD/Cholera Weekly Epidemiological Report EPI Week 6 (5 February - 11 February 2024),"**New cases for epi-week 6**

- 429 new cholera cases were reported from 19 districts.

- 272(63%) severe cases - 248 (58) children below 5 years - 209 (49%) were female 

- 4 deaths were reported this week.

- 60 stool samples were tested; 37 samples were positive for V. Cholerae 01 Ogawa by culture.

- While 149 samples were tested using RDT; 54 Samples were possibility for v. cholera 01 Ogawa by RDT

**Cumulative cases (Since 1 – 6 Weeks in 2024)**

- 2,567 cumulative cases (1,276; 50% were female)

- 1,581 (62%) children < 5 years - 23 cumulative deaths (CFR 0.9%)

- 1,255 (59%) severe cases - 312 total confirmed Vibrio cholerae 01 Ogawa by culture.

- 21 El Niño flood-affected districts reporting cases.

Somalia has been experiencing uninterrupted disease transmission in the Banadir region since 2017. The ongoing cholera outbreak in Somalia can be attributed to a growing number of people, who lack access to safe water and proper sanitation. In addition to the ongoing cholera outbreak in Somalia, the country is currently experiencing El Niño floods; according to the UN OCHA, the El Niño rains have affected more than 2.5 million people in Somalia, leading to the displacement of 1.2million individuals from their homes and causing 118 deaths. The El Niño floods have significantly impacted Somalia, causing further displacement and affecting vulnerable populations.

The Banadir region of Somalia has seen a noticeable increase in the number of reported AWD/cholera cases over the past two weeks. In Week 5, there were 32 reported cases, which slightly decreased to 29 in Week 6, 2024. Notably, no deaths were recorded in either of these weeks within the Banadir region.  
During the mentioned weeks, Afgoye, Baidoa, Burhakaba, Merka, Kismayo, Beletweyn, and Jowhar witnessed a fluctuation of increase and decrease in the number of cases.

Additionally, it is noteworthy that there has been a recent AWD outbreak in Jalalaqsi and Bulleburte within the Hiran Region and Mahaday district in the Middle Shabelle region.",2024-02-17T20:06:03+00:00,2024-02-17T00:00:00+00:00,Somalia,Somalia,"Health, Water Sanitation Hygiene",Situation Report,Govt. Somalia,2024-02
4037084,Somalia WASH Cluster: 2024 WASH Humanitarian Needs and Response Plan (HNRP) - As of 11th February 2024,"Severe drought conditions, seasonal flooding, lingering conflicts, and Acute Watery Diarrhea (AWD) remain the key drivers of WASH needs in Somalia. Approximately, 6.6 million people in Somalia will need lifesaving WASH assistance in 2024, compared to 8.0 million people in 2023, representing 18% decrease in the number of people in need. This includes 1.4M displaced and 5.2M non-displaced vulnerable communities mainly in rural and few urban areas. According to the 2023 Multi-Cluster Needs Analysis (MSNA) carried out in 55 of the 74 districts of Somalia, WASH is one of the two main drivers of humanitarian needs across Somalia with significant regional variations. The MSNA indicated that 53% of the assessed people have unsecured access to drinking water services while 73% of HHs do not treat their drinking water.  

On sanitation, the MSNA assessment indicated that 34% of the interviewed people defecate in the open while 30% of them rely on unhygienic, unimproved latrines. The populations groups of concern include newly displaced persons such as flood, black-lion operations and vulnerable IDPs living in over-crowded camps with poor WASH services.

While the scaled-up humanitarian aid coupled with good performance of 2023 Gu and Deyr rains brought back Somalia from the brink of starvation in 2023, the recent El-Nino triggered heavy rains and river overflows have worsened the situation. The Deyr floods have affected over 2.4M people across the country and damaged or contaminated hundreds of water points across the flood affected states, destroyed or inundated several thousands of latrines, forcing a significant portion of the population to rely on unsafe water sources or practice open defecation. In Juba-land alone over 10,000 latrines are inundated while almost 80% of drinking water supplies especially dug wells were inundated. The risk of water borne diseases in northern Gedo, Hirshebelle and Southwest states has sky-rocketed in December 2023 with over 385 cases of AWD (Acute watery diarrhea) and ‘suspected’ cholera reported. The AWD/Cholera cases are also expected to increase in the coming months as large number of the displaced communities face a chronic lack of safe drinking water and sanitation particularly during the harsh and long Jilal dry season.",2024-02-11T07:49:44+00:00,2024-02-11T00:00:00+00:00,Somalia,Somalia,Water Sanitation Hygiene,Infographic,"UNICEF, WASH Cluster",2024-02
4033293,"Somalia Monthly Humanitarian Update, January 2024","*This report is produced by OCHA Somalia in collaboration with humanitarian partners. It provides information on the humanitarian situation across Somalia in January 2024.* 

**HIGHLIGHTS**

- Humanitarian needs will remain high in Somalia in 2024 due to underlying drivers and recurrent shocks including climatic events, conflict and insecurity, widespread poverty and disease outbreaks.

- The number of people in need of humanitarian assistance has decreased to 6.9 million in 2024 from 8.25 million in 2023, according to the 2024 Humanitarian Needs and Response Plan.

- Partners are scaling up cholera response activities as cases are reported in districts that were recently affected by heavy rains and floods, but need more supplies and funding.

- Humanitarian access remains a major challenge in Somalia. From October to December 2023, partners reported 113 access incidents, including the killing of an aid worker.

- The 2024 humanitarian response plan will require US$1.6 billion to meet the needs of 5.2 million people, a reduction of almost 40 per cent compared to 2023.

**KEY FIGURES**

6.9M People in need of assistance in 2024

5.2M People targeted for aid in 2024 

US$1.6BN Funding required for 2024 response plan

$56.6M Somalia Humanitarian Fund 2023 allocation

18.3K Cholera cases reported in 2023

**SITUATION OVERVIEW**

**Slight decrease in humanitarian needs projected in 2024, but crisis remains alarming**

Humanitarian needs will remain high in Somalia in 2024 due to recurrent shocks, including climatic events such as drought and floods, conflict and insecurity, widespread poverty, and disease outbreaks. These shocks will continue to drive humanitarian needs alongside underlying factors like multidimensional poverty with 55 per cent of the population living below the national poverty line, lack of diversified livelihoods and equitable economic growth, political divisions and marginalization, and weak basic services delivery.

The [2024 Humanitarian Needs and Response Plan](https://reliefweb.int/reliefweb.int/node/4026261) (HNRP), which is due to be launched on 30 January, shows that levels of deprivation will still remain ‘severe’ and ‘extreme’ in most districts of Somalia. According to the plan, 6.9 million people will need assistance, a 16 per cent reduction from 8.25 million in 2023. Inter-sectoral needs have reduced with no district classified as ‘catastrophic’ compared to 11 in 2023, due to the end of drought which led to reduced food insecurity, nutrition and water, sanitation and hygiene severity levels. While the number of food insecure people has come down from 6.7 million at the peak of the drought in late 2022, 4.3 million people – almost one fourth of the population – remain acutely food insecure in 2024. Two in five children (43 per cent or 1.5 million) under the age of 5 are estimated to suffer from acute malnutrition, down from 1.8 million in early 2023, with rates above 15 per cent in many areas. Food insecurity and malnutrition are expected to increase in the five southern regions that were most affected by recent floods (Banadir, Bay, Lower Shabelle, Lower Juba and Middle Shabelle). More than half of the population is water insecure, with displaced people more affected.

The El Niño phenomena, which led to heavy rains and floods between October to December 2023, is expected to continue, which is likely to lead to above normal gu rains in March and early April. Projections by [FAO/Somalia Water and Land Information Management](https://reliefweb.int/node/4031238) (SWALIM) indicate a risk of flash and riverine floods. The rains are forecast to end with a drier May and June period, posing agropastoral livelihood risks. The anticipated above normal rains, inter-clan violence and insecurity are likely to generate a more severe humanitarian impact compared to risk projections made in early 2023, including a significant inflow of displaced people into urban and peri-urban areas. This will put pressure on already stretched services and raise the need for food, water, sanitation, health, education, protection and livelihoods assistance, especially in settlements hosting displaced people. In addition, the on-going Government offensive against non-state armed actors, the volatile security situation and the transition of responsibility from African Union forces to the Somali National Security Forces will contribute to a complex security situation that is likely to impact humanitarian access and programme delivery. 

**Anticipated humanitarian response in 2024**

According to the 2024 HNRP, the humanitarian community will implement a more stringently targeted response in 2024, with a focus on assisting populations in areas that are in cluster need severity 4 and 5 (60 per cent of the HNRP target population). The response plan is tailored to ensure realistic planning and strict response boundaries: interventions will focus on assisting populations living in areas with ‘extreme’ and ‘catastrophic’ severity needs. Resilience, durable solutions, and non-emergency livelihood programming have been excluded, leading to a significant reduction in the proportion of people in need targeted for assistance and in financial requirements. As a result, the number of people targeted has reduced to 5.2 million from 7.6 million people in 2023.  

The 2024 HNRP will require US$1.6 billion, a reduction of 37 per cent in funding requirements compared to 2023. Integrated response will be prioritized in 10 districts where the 2023 deyr floods have sharply exacerbated already high preexisting needs across sectors, leading to an increase in the number of people requiring assistance. Partners plan to enhance collaboration with development and international financing partners to support progress and scale-up in three areas: durable solutions, disaster risk reduction linked to water management, and social protection frameworks. Protection will be a key aspect of the response as well as strengthening humanitarian coordination architecture.",2024-01-29T05:13:30+00:00,2024-01-29T00:00:00+00:00,Somalia,Somalia,"Food and Nutrition, Health, Logistics and Telecommunications, Mine Action, Protection and Human Rights, Safety and Security, Water Sanitation Hygiene",Situation Report,OCHA,2024-01
4032536,AWD/Cholera Weekly Epidemiological Report EPI Week 2 (8 January – 14 January 2024),"**New cases for epi-week 2** 

• 474 new cholera cases were reported from 21 districts.  

• 274 (58%) severe cases  • 289 (61) children below 5 years 

• 217 (46%) were female • 9 deaths were reported this week. 

• 26 stool samples were tested; 12 samples were positive for V. Cholerae 01 Ogawa by culture.  

• While 274 samples were tested using RDT; 136 Samples were possibility for v. cholera 01 Ogawa by RDT 

**Cumulative cases (Since 1 – 2 Weeks in 2024)** 

• 980 cumulative cases (455; 46% were female) • 634 (65%) children < 5 years  

• 12 cumulative deaths (CFR 1.2%) • 553 (56%) severe cases  

• 26 total confirmed Vibrio cholerae 01 Ogawa by culture. 

• 25 El Niño flood-affected districts reporting cases.",2024-01-14T00:00:00+00:00,2024-01-14T00:00:00+00:00,Somalia,Somalia,"Health, Water Sanitation Hygiene",Situation Report,Govt. Somalia,2024-01
4032501,"Weekly Cholera/AWD Situation Report - Somalia, Epidemiological Week 1 (1-7 January 2024)","**Highlights**

• The current cholera outbreak in Somalia is a continuation of the 2023 cholera outbreak that was reported in drought and flood affected districts of Somalia. 

• During week 1, 506 new suspected cases with three associated deaths were reported from 25 flood-affected districts. 

• More than half of the cases reported in the week were from Beletweyne district among populations displaced by floods (Table 1). 

• The overall case fatality rate (CFR) of 0.6% reported from 25 districts is below the emergency threshold of ≥1%. However, the CFR in Beletweyne is higher than the emergency threshold (Table 2) 

• During week 1, the overall cumulative Attack rate is 10 cases per 100,000 with the highest incidence reported in Beletweyne (77 per 100000 cases) (Table 2). 

• Stool samples collected from Beletweyne and analyzed in the National Public Health Laboratory in Mogadishu tested positive for 0139 Ogawa 

• Surveillance information from the field shows that the cholera outbreak is likely to spread to Bulo- Burde and Jalalasi towns located along river Shabelle and connected to Beletweyne town. The people in these locations are using unprotected water from the river. 

• WHO and health partners have scaled up the implementation of cholera response activities in districts affected by floods resulting from the El Nino season since October 2023.",2024-01-25T07:13:40+00:00,2024-01-07T00:00:00+00:00,Somalia,Somalia,Health,Infographic,WHO,2024-01
4032152,"Somalia Situation Report, 24 Jan 2024","**HIGHLIGHTS**

- At least 9 people died of Acute Watery Diarrhea, cholera and 474 cases were reported during 2nd week of 2024, as the outbreak spreads in Somalia, according to the Health Cluster.

- The current outbreak is a continuation from 2023 when over 18,300 cases were reported, including over 10,000 children below 5 years (55 per cent).

- Partners and the Federal Ministry of Health have developed a six-month plan that requires US$5.6M to scale up cholera response. A National Cholera Task Force has been activated.

- Partners have scaled up the implementation of response activities to control outbreaks in districts that were affected by floods in October to December 2023.

- Risk communication and community education is ongoing including the distribution of awareness materials to all high- risk districts and deployment of community health workers.

**SOMALIA: 2024 AWD/Cholera outbreak Flash Update No.1**

SITUATION OVERVIEW Acute watery Diarrhoea (AWD)/cholera is spreading in Somalia with at least nine people dead and 474 cases reported from 7 to 13 January 2024, according to the Health and Water, Sanitation and Hygiene (WASH) Clusters. The deaths reflect a Case Fatality Ratio (CFR) of 1.9 per cent, which is above the World Health Organization (WHO) emergency threshold of ≥1 per cent. Most cases have been reported from Hirshabelle State, particularly from Belet Weyne, Bulo Burto, Jalalaqsi and Jowhar districts which suffered massive flooding in October to December 2023.

The outbreak in Belet Weyne was confirmed in November 2023 with 616 cases and nine deaths reported, while the outbreaks in Bulo Burto and Jalalaqsi and Jowhar were confirmed in early January. The outbreak spread to Bulo Burto,  
Jalalasi and Jowhar because the displaced communities are using contaminated water from River Shabelle. In addition, 352 confirmed cases were reported among displaced communities in Daynille in Banadir region since October 2023, including 19 cases since 1 January. In Somaliland, suspected cases are reported in Hargeysa and one confirmed case in Wajaale towns. Twenty five stool samples collected and tested in laboratories were positive for Vibrio Cholerae 0139 Ogawa.  

Somalia has had uninterrupted AWD/cholera transmission since 2022 and in Banadir region since the drought of 2017, according to WHO. In 2023, more than 18,304 cumulative cases and 46 deaths were reported, including over 10,000 children aged below 5 years (55 per cent). This includes 499 cases, mostly children below 5 years, that were reported from 11 to 31 December from 30 districts that were affected by drought earlier in the year; an overall CFR of 0.3 per cent. The current cholera outbreak is attributed to limited access to safe water, proper sanitation, primary health care services and lowered immunity among children experiencing high levels of acute malnutrition which lowers their immunity to cholera infections. Cholera is an acute intestinal infection that spreads through food and water contaminated with bacteria, often from faeces. While the triggers for outbreaks—like poverty and conflict—are enduring,

extreme climate events like floods and droughts reduce access to clean water and create an ideal environment for cholera to thrive. While safe water and proper sanitation can prevent AWD/ cholera, 28 per cent of Somali families are estimated to lack a functional sanitation facility while 34 per cent practice open defecation and 80 per cent lack a handwashing facility",2024-01-24T08:47:07+00:00,2024-01-24T00:00:00+00:00,Somalia,Somalia,"Agriculture, Contributions, Coordination, Education, Food and Nutrition, Health, Logistics and Telecommunications, Protection and Human Rights, Recovery and Reconstruction, Shelter and Non-Food Items, Water Sanitation Hygiene",Situation Report,OCHA,2024-01
4031845,"Somalia - Cholera outbreak (DG ECHO, UN, INGOs) (ECHO Daily Flash of 23 January 2024)","- Nine deaths resulting from Acute Watery Diarrhea (AWD)/cholera, as well as additional 474 identified cases, were reported in the second week of January 2024. The current Case Fatality Ratio (CFR) of 1.9% is above the World Health Organization (WHO) emergency threshold (≥1%). Most cases were reported in Hirshabelle State, which suffered from massive flooding over the period from October to December 2023.

- A national Cholera Task Force has been activated, developing - together with the Federal Ministry of Health - a six-month plan to scale up cholera response activities (USD 5.6 M ask).

- In the last quarter of 2023, DG ECHO-supported partners launched dedicated responses to prevent the surge of AWD/cholera, and scale up early detection and treatment of cases in the most affected districts.

- Risk communication and community education are ongoing, together with the deployment of community health workers (CHWs) and outreach teams enabled to provide early, adapted treatment, in particular in the districts that were most heavily impacted by the end of 2023 unprecedented floods.",2024-01-23T11:05:54+00:00,2024-01-23T00:00:00+00:00,Somalia,Somalia,Health,News and Press Release,ECHO,2024-01
4033231,Somalia: 2023 Annual Humanitarian Access Overview,"Humanitarian access in Somalia remained challenging throughout 2023 with a total of 376 access incidents reported. Though this overall represents a significant decrease of incidents compared to 2022 (656), it is important to note that this is due to a significant drop in military operations and ongoing hostilities impeding humanitarian operations (27 reported in 2023 versus 515 in 2022), All other categories of access constraints experienced an increase in incidents during 2023 indicating a deteriorating access environment.  

The top constraint - 24 percentage (91 incidents) related to the physical environment. Most (86) were directly attributed to the flooding which occurred at the end of the year, greatly impacting the ability of humanitarian aid workers to access locations and disrupting humanitarian activities. Interference in the implementation of humanitarian activities accounted for 23 percentage (87) of reported constraints, frequently leading to the suspension of activities and programming. In addition, restrictions on the movement of personnel or goods continued to be recorded as one of the top three access constraints affecting humanitarian operations, with 74 recorded incidents (20 percentage), a 42 percentage increase compared to 2022. Overall, bureaucratic hurdles, security concerns and the flooding heavily impacted the ability of humanitarian partners to move around and access significant parts of the country with critical missions often postponed or cancelled and necessitating the implementation of alternative modalities of delivery. Restrictions or obstruction of conflict-affected populations' access to services and assistance remained prevalent, accounting for 12.5 percentage (47) of incidents reported. 

2023 continued to highlight the difficulties for humanitarian aid workers to operate safely within the current context. Instances of violence against humanitarian personnel, assets, and facilities saw an increase compared to the previous year, with 47 (12.5 percentage) compared to 37 incidents reported in 2022. In addition, six aid workers lost their lives, while 18 others sustained injuries. For example, in Laas Caanood violence between two armed groups resulted in a humanitarian worker's death and injuries to 10 others, while in Baidoa and Belet Weyne Improvised Explosive Device (IED) explosions killed one aid worker and injured another.  
The deterioration of physical infrastructure also continues to increase risks for aid workers, for example contributing to the death of one aid worker in a fatal road accident during rainy season in Kismayo.",2024-01-28T14:36:11+00:00,2024-01-28T00:00:00+00:00,Somalia,Somalia,"Protection and Human Rights, Safety and Security",Infographic,OCHA,2024-01
4051151,e-IDSR Weekly Epidemiological Bulletin: Epi-Week 8 (20th Feb – 26th Feb 2024),"**Key Highlights during this epi-week 8**

- During epi-week 8, a total of 391 (92.4%) out of 409 health facilities submitted their weekly surveillance reports, there is 3.2% (13) increase in the reporting rate compared to previous week.

- A total of 4,183 suspected of epidemic alerts were reported from 378 health facilities in DHIS2.  
Among those reported 362 suspected cases of AWD/Cholera, acute jaundice syndrome (5),  
AEFI (14), bloody diarrhea/shigellosis (380), measles (406), meningitis (5), whooping cough (108), COVID-19 (0), ILI (1346), SARI (1052), typhoid (480), diphtheria (14), and neonatal tetanus (11).

- During Epi week 8, from both national and state public health laboratories tested 81 alerts of which 35 AWD/cholera cases were positive, 17 measles cases were positive, 7 Covid-19 cases were positive. And 206 of malaria cases were confirmed with RDT and microscopic.

- Currently, there are two active outbreaks in the country, and they are AWD/cholera and measles",2024-02-26T00:00:00+00:00,2024-02-26T00:00:00+00:00,Somalia,Somalia,Health,Situation Report,"Govt. Somalia, WHO",2024-02
4041710,"WHO Somalia: Health Emergency Programme Update, December 2023","**HIGHLIGHTS**

• Cholera outbreak was confirmed in Beletweyne and other flood affected districts of Hirshabelle state • 3363 severely malnourished children with medical complications were admitted to 44 nutrition stabilization centres supported by WHO, of whom 2060 (61.3%) were cured, 43 (1.3%) were registered as defaulters, while 37(1.1%) died.

• WHO donated 20 kits for the treatment of children suffering from Malnutrition with medical complications to 15 stabilization centre in Banadir region, Galmudug, Puntland, South West, Hirshabelle, Jubaland and Somaliland that are adequate to manage 750 children with SAM with medical complications 

• 2635 cases of dengue fever were reported in Somaliland since October 2023 of which 734 were tested positive for dengue by rapid diagnostic test (RDT) kit. The most affected districts are Hargeisa, Boroma and Gebiley.

• A new cholera outbreak was confirmed in Beletweyne among displaced communities following flash flood in which 466 cases and 3 deaths (CFR 0.6%) were reported. Stool samples that were tested in the National Public Health laboratory were positive for Vibrio Cholerae 0139 Ogawa.

• WHO deployed integrated outreach teams that provided primary health care services to displaced communities, 32 236 people in Jubaland state, 33 523 in Southwest state and 24 277 in Banadir region.

• The fifth cohort of Field Epidemiology Training (FETP) fellows comprising of 28 frontline health workers were recruited and undergoing capacity building in disease surveillance and emergency response in Somalia.",2024-02-27T13:37:38+00:00,2024-02-27T00:00:00+00:00,Somalia,Somalia,"Coordination, Food and Nutrition, Health, Water Sanitation Hygiene",Situation Report,WHO,2024-02
4037113,e-IDSR Weekly Epidemiological Bulletin: Epi-Week 5 (29th Jan– 4th Feb 2024),"**Key Highlights during this epi-week 5**

• During epi-week 5, a total of 373 (91%) out of 409 health facilities submitted their weekly surveillance reports, there is 0.1% (3) decrease in the reporting rate compared to previous week.

• A total of 4,522 suspected of epidemic alerts were reported from 373 health facilities in DHIS2. Among those reported 346 suspected cases of AWD/Cholera, acute jaundice syndrome (7), AEFI (2), bloody diarrhea/shigellosis (401), measles (403), meningitis (1), whooping cough (111), COVID19 (2), ILI (1478), SARI (1051), typhoid (464), diphtheria (14), and neonatal tetanus (3).

• During Epi week 5, from both national and state public health laboratories tested 90 alerts of which 42 AWD/cholera cases were positive, 27 measles cases were positive. And 239 of malaria cases were confirmed with RDT and microscopic.

• Currently, there are two active outbreaks in the country, and they are AWD/cholera and measles.",2024-02-04T00:00:00+00:00,2024-02-04T00:00:00+00:00,Somalia,Somalia,Health,Situation Report,Govt. Somalia,2024-02
4034598,Somalia: Health Cluster Bulletin December 2023,"**KEY HIGHLIGHTS**

- Increased cholera cases reported in 2023 with 17,805 cases of cholera and 43 deaths, (CFR 0.3%) from 29 of the 74 districts.

- The number of people affected by floods is estimated to be 2.48M, including 1.2M displaced from their homes & about 118 deaths, according to the Somalia Disaster Management Agency. (Situation report 26-OCHA)

- Increases in the number of suspected measles and malaria, were reported in flood affected districts in December 2023

- Health cluster partners have reached 4.4M persons with health services representing 75% of the targeted 5.9M people.

- Health cluster received only 46.2% funding for the HRP 2023 despite an increase in health needs due to El-Nino floods, drought, and conflicts.

**Situation Updates**

The number of people impacted by torrential deyr (October to December) seasonal rains and floods across Somalia has increased to over 2.4 million, according to the Somalia Disaster Management Agency (SoDMA), with over one million displaced and 110 killed in at least 36 districts.  
Concern is growing over a likely spread of water-borne diseases. During the reporting period confirmed cholera cases have been reported in Beledweyne town.  
A cholera treatment center (CTC) and cholera treatment unit (CTU) have been established to manage cases. In addition, coordination meetings have been conducted by the health cluster and state ministry of health (SMOH) for partners to coordinate response activities. In Galmudug State, suspected AWD/cholera have been reported in Cabudwaaq district.  
An outbreak of AWD/cholera would pose a significant threat to communities with limited healthcare facilities.  
Humanitarian partners, the authorities and local communities have stepped up to assist those affected, reaching at least 820,000 people, about 30 per cent of those affected with shelter, food, water, medicines, protection, sandbags, and other necessities.  
According to OCHA, at least 37 boats were deployed to deliver supplies or evacuate tens of thousands of people who are trapped by flood water in 10 locations in Hirshabelle and Jubaland states. With access to clean water and latrines compromised due to the damage caused by flooding, the sanitation situation is greatly worrying. Waterlogging and overcrowding, mainly in temporary displacement sites are putting people at risk of diseases.  
The country has already been battling with cholera and measles outbreaks amid concerns of a spike in malaria and diarrhoea cases. Closure of health facilities due to flooding, reduced regular health service delivery and restricted access to healthcare may further exacerbate the risk.  
Humanitarian partners continue to work with Governments to scale up flood response efforts.  
However, a shortfall of funding constraints has been seen due to the increase humanitarian crisis in 2023 and increase global needs for humanitarian services. Above-average rains caused by El Niño conditions are forecasted to continue through at least early 2024.",2024-02-01T13:19:43+00:00,2024-02-01T00:00:00+00:00,Somalia,Somalia,Health,Situation Report,"Health Cluster, WHO",2024-02
4031754,UNICEF Somalia Humanitarian Situation Report No. 12: 01 January - 31 December 2023,"**Highlights**

- Despite remarkable gains in Somalia, 2023 was marked with extreme climatic shocks and internal conflict affecting children and their families.

- At the peak of drought and during El Nino-induced flooding, 887,949 (51 per cent of those supported by the WASH cluster and 29 per cent of UNICEF 2023 annual target) to access emergency water supply in Banadir, Kismayo, and Baidoa.

- 3,312,726 children (1,755,745 girls, 1,556,981 boys) 6-59 months (116 per cent of target) with Vitamin A supplementation in 70 out of 74 districts in collaboration with the health sector.

- 1.24 million people (99 per cent of UNICEF annual target) were provided with hygiene promotion sessions and household hygiene kits.

- 1.8 million people, including children under five years and pregnant and lactating mothers, received primary health care services (more than 1o0 per cent of the target for 2023).

- 28,156 displaced children (12,929 girls) had access to learning in host schools and temporary learning spaces across 12 drought-affected districts.

- 14,291 unaccompanied and separated children (46 per cent girls) were identified and placed in kinship or other alternative care arrangement.

- 1,244 children (214 girls) from armed groups and armed forces were provided with reintegration support and care services.

- On Social Behavior and Change (SBC), more than 7,869,251 people (4,619,177 female, 3,250,074 male) received timely lifesaving information.

- 2,321 households with children under five years received US$60 cash per month for six months. The households were linked to other basic services such as nutrition and health.",2024-01-23T08:10:26+00:00,2024-01-23T00:00:00+00:00,Somalia,Somalia,"Contributions, Coordination, Education, Food and Nutrition, Health, Protection and Human Rights, Water Sanitation Hygiene",Situation Report,UNICEF,2024-01
4030636,Somalia Health Cluster: Health Emergencies coordinated in 2023,"Emergencies coordinated and responded with the support of health Cluster partners in 2023

- Drought emergency

- Flood/Elnino

- Cholera/AWD

- Suspected Diphtheria

- Measles

- Dengue fever",2024-01-18T08:28:23+00:00,2024-01-18T00:00:00+00:00,Somalia,Somalia,Health,Infographic,"Health Cluster, WHO",2024-01
4032803,Somalia - WFP Joint Markets and Supply Chain Update | 14 Jan – 20 Jan 2024,"**HIGHLIGHTS**

Prices: During the week, market prices showed mixed trends in most states, except in Somaliland, where prices for both food and non-food commodities remained unchanged. In Jubaland, overall prices remained stable, except for rice. Most commodities exhibited a downward trend, attributed to the continued improvement of roads and the easing of transportation restrictions caused by floods, in addition to products from producing areas. 

The prices of local cereals exhibited a decline in Galmudug (5-7%) and a marginal decrease in both Hirshabelle and Southwest (2-3%), attributed to supplies from producing areas. Conversely, there was a slight increase in prices in Puntland (1-2%). This increase is likely attributed to heightened demand, leading to a shortage in the markets 

The prices of imported food items, primarily rice, wheat flour, pasta, sugar, and vegetable oil, experi- enced declines compared to the previous week across various states. In Mogadishu, the decline was notable, with a 6% reduction for rice and an 8% decrease for wheat flour. All imported food commodi- ties monitored experienced price drops in Hirshabelle, attributed to the continued restoration of sup- plies. Conversely, in Puntland, the price of wheat flour increased by 6% compared to the previous week. 

Camel milk prices increased by 6% in both Southwest and Puntland. Goat prices also experienced an 11% increase in Southwest, primarily due to reduced supply as pastoralists migrated away from the markets with their livestock, looking for better grazing zones. 

Wage labour rates remained steady in many states except in both Hirshabelle and Galmudug where a minor increase (3%) was noted. Diesel prices remained stable, except for decreases in Mogadishu (7%), Southwest (3%), and Hirshabelle (1%) due to increased supply in the market. Exchange rates continued to remain constant throughout the country. 

**Availability:** Overall, the markets had sufficient supplies to meet the demands of households. In- stances of scarcity of some essential food commodities were noted in isolated marketplaces such as Badhadhe, Belet Weyne, Taleex, and Laasqoray. 

**Assortment:** The markets maintained vibrancy, offering diverse varieties of commodity brands and quantities, and demonstrated resilience in most marketplaces. Nonetheless, the Cadale market con- tinues to experience some vegetable stockouts, while Bandarbayla also noted a stockout of vegeta- bles. Furthermore, Taleex faced a stockout of sugar, and both Taleex and Cadale reported a stockout of imported eggs. 

**Quality:** Commodity quality was reported as generally good in all states throughout the country.  

**Resilience:** The flow of commodities remained steady or exhibited mild changes nationwide. The markets affected by floods in Hirshabelle, Southwest, and Jubaland gained resilience with the con- sistent supply of goods to local markets, ensuring a sufficient availability of commodities. 

**Logistics:** The main roads and corridors were accessible, except in areas where heavy rainfall caused blockages or damage to supply routes, such as Mogadishu-Jalalaqsi-Jowhar, Mogadishu-Buur Hakaba- Baydhaba, Baidoa–Dollow, Baydhaba-Qansax Dheere-Garbahaarey, Baydhaba-Luuq, Kismayo- Baardheere-Baydhaba, Caynabo-Laas Caanood, Burco-Laas Caanood, and the Kismayo-Afmadow- Dhobley corridors.",2024-01-25T21:34:46+00:00,2024-01-25T00:00:00+00:00,Somalia,Somalia,"Food and Nutrition, Logistics and Telecommunications",Situation Report,WFP,2024-01
4030444,Somalia - WFP Joint Markets and Supply Chain Update | 07 Jan – 13 Jan 2024,"**HIGHLIGHTS**

Prices: During the week, a mixed price trend was noted, with the except of Galmudug, where both food and non-food commodities remained unchanged or stable. The majority of the com-modities had decreasing trend, that can be attributed to continued improvement and easing transpiration restriction cased by flooding.  
The prices of local cereals declined in Hirshabelle, Puntland and Southwest, while increased in Somaliland and Jubaland between 2—8 percent. In Mogadishu, the price of red sorghum escalat-ed by 20%, driven by heightened demand that resulted in shortage. Conversely, maize prices had a notable 17% decline, attributable to influx of commodities from producing zones.  
The prices of the imported food items (rice, wheat flour, pasta, sugar, and vegetable oil) declined in Mogadishu (4-18%), Jubaland (1-13%), and Hirshabelle (4-6%) due to the continued restoration of supply. Convesely, in Southwest, there was a minimal increase in the prices of wheat flour (4%), vegetable oil (2%), and pasta (1%), likely attributable to the rise in the diesel price.  
Camel milk prices increased by 12% in Puntland, 3% in Jubaland, and 2% in Hirshabelle, mainly due to the reduced supply as pastoralists migrate resulting in changing proximity to the mar-kets. Goat prices generally remained stable or decreased because of the improved supply. Wage labour rates remained steady or declined in almost all the states, reflecting lower demand. Die-sel prices remained stable across states, with the exception of a 6% change in Southwest. Ex-change rates remained constant throughout Somalia.  
Availability: Overall, the markets had sufficient supplies to meet the demands of households across the country. Some levels of scarcity of some essential food commodities were observed in isolated marketplaces such as Kismaayo, Badhaadhe, Afgooye, Cadale, Baidoa (Baydhaba)/ Berdale, Burco, Diinsoor, and Belet Xaawo.  
Assortment: Markets remained vibrant with a variety of commodity brands and quantities not-ed with resilient marketplaces. However, reduced stocks noted for some brands in a few local-ized markets such as Afgooye, Kismaayo, Badhaadhe, Baidoa (Baydhaba), Burco, Diinsoor, Belet Xaawo and Cadale. Cadale market continue to note vegetable/fruits stockout.  
Quality: Overall in all states the quality of commodities was reported as good with no concern.  
Resilience: Commodity flow were either stable or mildly changed countrywide. In the regions of Hirshabelle, Southwest, and Jubaland, where the rivers experienced flooding, resilience has been observed as evidenced by the consistent provision of goods to the local markets which now have enough commodities.  
Logistics: The main roads and corridors were accessible, and easing in areas where heavy rain-fall caused blockages and damaged parts of supply routes such as Mogadishu - Jalalaqsi - Jowhar,  Mogadishu - Buur Hakaba - Baidoa (Baydhaba), Baidoa (Baydhaba) – Doolow, Baidoa (Baydhaba)- Qansax Dheere -Garbahaarey, Baydhaba - Luuq, Kismaayo - Baardheere -Baydhaba and Kismaayo - Afmadow-Dhobley supply routes.",2024-01-17T12:46:13+00:00,2024-01-17T00:00:00+00:00,Somalia,Somalia,"Food and Nutrition, Logistics and Telecommunications",Situation Report,WFP,2024-01
4029721,WFP Eastern Africa El-Nino Situation Update (20th December 2023),"*WFP is currently providing food and nutrition assistance to approximately 900,000 flood-affected people in the region. To continue this vital assistance, and scale it to the 2.2million people in need, WFP requires USD 110 million.*

**Key Highlights**

• Approximately 4.6 million people are affected by floods in the region since the October-December rains started, including over 1.8 million displaced. Somalia, Ethiopia and Kenya are most affected, followed by South Sudan, Burundi and Uganda. Rains are expected to continue up to early 2024.

• WFP is responding across the region, meeting humanitarian needs stemming from the flooding. WFP is providing food and nutrition assistance to over 900,000 flood-affected people.

• In Somalia and Burundi, WFP provided anticipatory assistance to 230,000 people prior to the floods, including through cash transfers, in an innovative response that enabled people to protect their lives and assets before the shock.

• WFP is providing critical logistics services to governments and humanitarian partners, empowering emergency responders across all sectors.

• WFP is working to secure USD 110 million to target approximately 2.2 million flood-affected people with lifesaving food and nutrition assistance and service provision",2024-01-15T10:16:54+00:00,2023-12-31T00:00:00+00:00,Somalia,"Burundi, Ethiopia, Kenya, Somalia, South Sudan, Uganda","Contributions, Food and Nutrition, Logistics and Telecommunications",Situation Report,WFP,2024-01
4028322,"Somalia - Monthly fuel report, December 2023","During the period from November to December 2023, the average price saw a slight increase from 1.03 USD per litre to 1.07 USD per litre.　　

Analyzing the timeframe from January to December 2023, the diesel price exhibited an increase of 31%, escalating from 0.81 USD per litre to 1.07 USD per litre.　　

The most significant surge in diesel prices was observed in the following regions: (1) Jowhar/Shabelle, where prices increased from 1.26 USD per litre to 1.60 USD per litre, and (2) Hargeisa/NW, witnessing an increase from 0.93 USD per litre to 0.94 USD per litre.　　

The escalation in diesel prices in Jowhar/Shabelle could be attributed to the floods that occurred between October and December 2023, with the peak of the flooding season in late November and early December 2023.　　

Conversely, diesel prices remained stable in the following regions: (1) Afmadow/Juba, (2) Mogadishu/Banaadir, (3) Galkayo/Central, (4) Nugaal/Garowe, and (5) Bosasso/NE.",2024-01-08T23:10:38+00:00,2024-01-08T00:00:00+00:00,Somalia,Somalia,Logistics and Telecommunications,Situation Report,"Logistics Cluster, WFP",2024-01
4034587,Somalia Protection Cluster - 2024 Response Strategy,"In 2024, the Protection Cluster in Somalia will continue to engage in dialogue with protection partners, conflict-affected communities, to ensure their participation in the protection response and their feedback in reaching the most vulnerable and in need, as well as local authorities to adjust the response to changing needs and programmatic exigencies. In this regard, the Cluster will ensure core protection principles and adherence to protection standards; inclusion of diverse populations in protection programs; the do no harm approach; and the centrality of protection.

The protection response plan for 2024 is anchored on four strategic pillars: protection of civilians, response prioritization, integrated approaches across sectors, and operationalization of frontline protection responses. With each of these pillars, the protection clusters seek to not end up in a siloed response but to represent an added value to the inter-sectoral coordination and response and, thus, to the centrality of protection across the humanitarian response in Somalia.",2024-02-01T12:53:10+00:00,2024-02-01T00:00:00+00:00,Somalia,Somalia,Protection and Human Rights,Manual and Guideline,"Protection Cluster, UNHCR",2024-02
4029704,UNHCR Somalia: Refugee & Asylum Seekers / Returnees / IDP Population Map (December 2023),,2024-01-15T09:03:44+00:00,2024-01-15T00:00:00+00:00,Somalia,"Ethiopia, Somalia, Yemen",Protection and Human Rights,Map,UNHCR,2024-01
4041111,UNHCR Somalia: Refugees and asylum seekers (31 January 2024),,2024-02-25T08:14:31+00:00,2024-02-20T00:00:00+00:00,Somalia,"Ethiopia, Somalia, Syrian Arab Republic, United Republic of Tanzania, World, Yemen",Protection and Human Rights,Infographic,UNHCR,2024-02
4027822,"Somalia Livestock Price Bulletin, December 2023","*The Famine Early Warning Systems Network (FEWS NET) monitors trends in staple food prices in countries vulnerable to food insecurity. For each FEWS NET country and region, the Price Bulletin provides a set of charts showing monthly prices in the current marketing year in selected urban centers and allowing users to compare current trends with both five-year average prices, indicative of seasonal trends, and prices in the previous year.*

The livestock sector is central to the economic and cultural life of the Somali people. The sector provides food and income to over 60 percent of the country’s population. Burao and Galkayo are the largest livestock markets in the Horn of Africa especially for export sheep and goats from the Somali region of Ethiopia and parts of southern Somalia. The majority of the livestock exported through Berbera and Bosasso seaports transit or passthrough these markets. Burao and Galkayo are two important reference markets for key pastoral livelihood zones of Hawd, Sool Plateau, Nugaalv alley, and the Adun in the northeast and central regions. Beled Weyne connects the south and central regions of the country, and is the supply source of export cattle through Bosasso port. Dinsor, Bardera, and Afmadow are important cattle markets in the agro pastoral livelihood zones in southern Somalia. Significant number of the cattle trekked to Garissa, Kenya transit these markets. Afmadow is largest cattle market in southern Somalia. It is the reference market for the largest cattle belt in the Juba valley. It is the main source of the cross border cattle trade to the Garissa, Mombasa, and Nairobi markets in Kenya.",2024-01-05T03:08:59+00:00,2024-01-05T00:00:00+00:00,Somalia,Somalia,Agriculture,Situation Report,FEWS NET,2024-01
4040308,Somalia launches new Joint Resilience Programme to benefit a million people in Puntland and Galmudug states,"**MOGADISHU, 21 February 2024:** The Federal Government of Somalia has today launched the next iteration of the ""Joint Resilience Programme"", which aims to improve resilience to economic and climate related shocks among households and local communities in four districts in Puntland and Galmudug states. 

Funded by the Government of Germany through KfW with an initial allocation of EUR 30 million, the Programme will target one million people in North Galkayo and Galdogob districts in Puntland state and Dhuusamarreeb and South Galkayo districts in Galmudug state and will be implemented over 18 months in a first phase.

The programme aims to increase access to inclusive, child-friendly education, school water and sanitation (WASH), health and nutrition for children at pre-primary and primary levels, reduce micronutrient deficiencies among young children and pregnant and breastfeeding women, enable households to improve food security and livelihoods through diversified agricultural production and income generation, and strengthen government systems to promote quality health, nutrition, education and WASH services in schools and health facilities.

Targeted individuals include school-aged children, internally displaced children, vulnerable adolescents, and pregnant and breastfeeding women. The Programme will be overseen by the Ministry of Planning, Investment, and Economic Development and implemented by the United Nations Children's Fund (UNICEF) and the World Food Programme (WFP) together with the relevant ministries of the two state governments, district and local authorities, and non-governmental organizations. 

""The launch of this new phase of the Joint Resilience Program marks a significant step towards strengthening the resilience of communities in Puntland and Galmudug states of Somalia. The joint action of WFP and UNICEF will play a central role in addressing the effects of climate-related shocks, food security, nutrition, education, and health,"" said Hon. Mohamud Abdirahman Farah, Minister of Planning, Investment and Economic Development ""As we look forward to strengthening coordination and collaboration between all stakeholders in the effective implementation of the program, we extend our heartfelt gratitude to the German government for their generous funding in fostering the resilience of communities in the Galmudug and Puntland regions.""

""We believe that this new Joint Resilience Programme will continue the success of the previous phases by combining the strengths and expertise of various partners in a comprehensive and multisectoral approach. Close cooperation between UNICEF, WFP and the Somali authorities on federal, regional and local level will be essential for achieving the expected improvements in the lives of the Somali people,"" said Mrs. Alena Kern, Head of Development Cooperation at the German Embassy in Somalia.

This new programme expands on the results achieved in Phases I, II, and II of the first Joint Resilience Programme, which has been implemented in Benadir region and Jubaland state since 2018 and is phasing out in late 2024. These include:

-   Reduced acute malnutrition rates in Dollow among children under five years from 13 per cent in 2019 to about 10 per cent in 2022.
-   100 treatment centers operating to treat acutely malnourished children affected by drought.
-   Improving the health of 300,000 children and 160,000 breastfeeding mothers and preventing further malnutrition.
-   95 per cent of the 45,000 children in schools supported by the Programme have not dropped out of school.  Out of these, 35,000 continue to benefit from nutritious school meals.

""Most children in Somalia continue to endure climate related shocks and protracted conflicts with alarming regularity and often with far-reaching consequences on their health and well-being,"" said UNICEF Representative Wafaa Saeed. ""The Joint Resilience Programme has been able to achieve this success because of the leadership of the Government of Somalia, the generous support of the German government, and the collaboration of WFP. Through the years, this partnership has delivered critical, lifesaving support to vulnerable children and women and enabled them to cope better with shocks and crises, and we are delighted with its extension to the four districts.""

""This Programme builds on the strong foundation established by the Joint Resilience Programme and will enable the steady shift from humanitarian response to enhanced resilience and build the capacity of communities at the frontline of the climate crisis to respond to shocks,"" said WFP Somalia Country Director Elkhidir Daloum. ""Working with UNICEF and partners, this lifecycle approach will meet the needs of mothers, infants, school aged children and adults, while strengthening the resilience of local food systems. I thank the Government of Somalia for their leadership, and the Government of Germany for their sustained support to this critical Programme.""

Media contacts
Victor Chinyama
Chief of Communication
UNICEF Somalia
Tel: +252613375885
Email: vchinyama@unicef.org",2024-02-22T08:08:55+00:00,2024-02-21T00:00:00+00:00,Somalia,Somalia,"Education, Food and Nutrition, Health, Protection and Human Rights",News and Press Release,UNICEF,2024-02
4033178,Somalia National Nutrition Cluster Coordination Meeting Minutes (23rd January 2024),"Agenda:

• Communication from Chair - FMOH

>o Introductory to cluster coordination desk staff changes

• Review of previous action points - NCC

• 2023 cluster achievement and 2024 cluster priorities - NCC

• WFP PDAD Measures - WFP

• Subnational Coordinators’ Updates - SNC Hargeisa

• TWG updates and plans - TWG chairperson

• AOB",2024-01-23T00:00:00+00:00,2024-01-23T00:00:00+00:00,Somalia,Somalia,"Coordination, Food and Nutrition",Other,"Nutrition Cluster, UNICEF",2024-01
4027975,Somalia WASH Cluster Humanitarian Dashboard (as of 31st December 2023),"**OVERVIEW**

- Somalia has recently emerged from prolonged drought following several seasons of below average rains. Between October and November, flash flooding from heavy Deyr precipitations and river overflows have affected over 2.4M people across Somalia, with Southwest State, Jubaland and Hirshabelle are the worst hit states. The heavy rainfall has damaged or contaminated hundreds of water points across the flood affected states, destroyed or inundated several thousands of latrines, forcing a significant portion of the population to rely on unsafe water sources or practice open defecation.

- The situation is now worse in districts such as Bulo Burto, Baardheere, Dollow, Belet Wayne, Jowhar, Bardaale, Baidoa, Dhobley, Afmadow, Jamaame, Kismayo and Luuq. With the destruction caused by the heavy rainfall, treatment of water sources and distribution of clean water and treatment products to families affected will be crucial. Reparations to water pumps, latrines, vector-control as well as waste management activities are urgent. Raise-awareness campaigns will also be critical to prevent outbreaks, including cholera. Families also need hygiene kits, including dignity kits for women and girls of reproductive age.

- Between October and December 2023, WASH partners have reached around 668K people in flood affected states with life-saving WASH activities, including safe drinking water, water source chlorination/treatment, construction of emergency latrines, and distribution of hygiene items such as buckets, jerry cans, soaps.",2024-01-05T19:13:51+00:00,2024-01-05T00:00:00+00:00,Somalia,Somalia,"Contributions, Coordination, Water Sanitation Hygiene",Infographic,"UNICEF, WASH Cluster",2024-01
4042378,Understanding sectors for growth in Somaliland and economic opportunities for migrants,"The Danish Refugee Council (DRC) with support from Danida carried out a labor market assessment (LMA) in Somaliland conducted in September 2023, intending to provide a comprehensive understanding of the region's labor and market dynamics, focusing specifically on key economic centers including Berbera, Burao, Borama, Hargeisa, Ainabo, and Wajaale.   

The primary objective of the assessment is to gain detailed knowledge about employment trends in the region, key sectors for growth and identify gaps in the job market. Additionally, the assessment seeks to determine market needs by examining the demand for various skills and occupations. By analyzing the existing labor market, the assessment aims to identify potential areas for expanding labor opportunities and promoting economic growth. It also aims to create an updated profile of in demand skills, ensuring alignment between the available workforce and job market requirements. Furthermore, the assessment focuses on identifying and addressing barriers that hinder access to decent and productive employment in Somaliland, particularly for migrants and refugees. The findings of the assessment can inform targeted interventions for stakeholders to overcome employment challenges faced by migrants and refugees and enhance their access to livelihood opportunities.  

The Labor Market Assessment will play a vital role in strengthening the DRC’s programmatic strategic goals in Somaliland by providing a comprehensive understanding of local labor market dynamics. The assessment aimed to achieve several objectives:    

1. Understand the economic landscape in Somaliland, gaining insights into the different sectors and financial landscape. Identify high-demand sectors, skills and competencies as well as areas with skill gaps within the local labor market. This information will guide the design of training programs and skill development initiatives to improve employability and bridge existing skill gaps.  

2. Identify livelihood opportunities for migrants and refugees within the local labor market by examining sectors and industries for existing job prospects and areas of potential growth. This understanding will inform effective strategies to integrate migrants and refugees into available employment opportunities.  

To achieve these goals, the LMA actively engages with stakeholders in Burao, Berbera, Borama, Odweyne, Hargeisa, and Wajaale in Somaliland. This inclusive approach involves close collaboration with local communities, employers, government agencies, local NGOs, and other relevant stakeholders, especially migrants and refugee population groups. By involving these stakeholders, the assessment ensures that their perspectives and experiences are considered, providing a comprehensive understanding of the labor market dynamics. Engaging with employers and government agencies allows valuable insights into employment trends, market needs, and potential opportunities. The involvement of relevant stakeholders also enables a comprehensive understanding of the challenges faced by migrants and refugees in their pursuit of employment and livelihood opportunities, as well as their integration into the broader job market.  

Data collection for the assessment relied on a combination of primary and secondary sources. Primary data was collected through surveys, key informant interviews, and focus group discussions with stakeholders, including local communities, employers, government agencies, and organizations. Secondary data was gathered from existing sources such as government reports and publications from other organizations.",2024-02-29T11:43:29+00:00,2024-02-29T00:00:00+00:00,Somalia,Somalia,"Agriculture, Protection and Human Rights, Recovery and Reconstruction",Assessment,DRC,2024-02
4033227,"Rapid Multi-sectoral Needs Assessment of populations affected by Deyr flooding - Jamaame District, Somalia, December 2023","**Key Highlights**

• In the surveyed sites, majority identified shelter as a priority need for flood-affected men, women, and children. In addition, healthcare services and multipurpose cash transfers were reported for adults while children identified protection and education services.

• Tent was also reported as an urgent non-food item (NFI) requirement in 4 out of 5 sites.

• 4 out of 5 sites reported that there was no reliable source of food in their location. Moreover, the nearest local market can be more than 6 hours away from the site after flooding, as reported by 3 sites.

• In 5 out of 5 sites, open defecation was reported as the prevailing practice for using latrines, which increases the risk of disease outbreaks such as Cholera.

• Due to the damage caused by the flooding, health facilities have been adversely affected, leading to an increased demand for health services in 5 out of 5 sites. Limited medical outreach services further exacerbate the situation

**Overview**

Heavy rains in Jamaame District in October, November and December of 2023 caused significant flooding in several parts of Jamaame town and the surrounding areas, in Jubaland state of Somalia. The rains mark the beginning of the Deyr rainy season (October to December) in the country, expected to have abovenormal rains and flooding due to the influence of the El Niño conditions.  

According to SoDMA, at least 2.48 million people have been affected with 1.1 million displaced and 118 killed in the entire country. (UNOCHA)  

Humanitarian partners have stepped up to meet increased needs despite logistical, access and funding challenges, reaching at least 836,000 people with assistance since October. The majority of the displaced people have moved to higher ground, closer to their settlements.",2024-01-28T13:23:50+00:00,2024-01-28T00:00:00+00:00,Somalia,Somalia,"Education, Food and Nutrition, Gender, Health, Protection and Human Rights, Shelter and Non-Food Items, Water Sanitation Hygiene",Assessment,iMMAP Inc.,2024-01
4033226,"Rapid Multi-sectoral Needs Assessment of populations affected by Deyr flooding - Jariiban District, Somalia, December 2023","**Key Highlights**

• In the surveyed sites, the majority identified shelter as a priority need for flood-affected men, women, and children. In addition, healthcare services and multipurpose cash transfers were reported for women and men while children identified education and healthcare services.

• Tent and mosquito net were also reported as urgent non-food items (NFIs) requirement in 9 out of 10 sites.

• Own stocks was reported as the primary source of food in 7 out of 10 sites although there was a considerable number of sites, 6 out of 10, that reported distance to the local market could last between 3-6 hours away after flooding.

• Additionally, there has been a sporadic availability of food items at nearby markets, along with a drastic increase of the prices of staple food.

• In 9 out of 10 sites, open defecation was reported as the prevailing practice for using latrines, which increases the risk of disease outbreaks such as Cholera.

• Due to the damage caused by the flooding, health facilities have been adversely affected, leading to an increased demand for health services in 9 out of 10 sites. Limited medical outreach services further exacerbate the situation.

**Overview**

Heavy rains in Jariiban District in October, November and December of 2023 caused significant flooding in several parts of Jariiban town and the surrounding areas, in the Puntland state of Somalia. The rains mark the beginning of the Deyr (October to December) rainy season in the country, expected to have abovenormal rains and flooding due to the influence of the El Niño conditions.  

According to SoDMA, at least 2.48 million people have been affected with 1.1 million displaced and 118 killed in the entire country. (UNOCHA)  

Humanitarian partners have stepped up to meet increased needs despite logistical, access and funding challenges, reaching at least 836,000 people with assistance since October.  
The majority of the displaced people have moved to higher ground, closer to their settlements.",2024-01-28T13:20:18+00:00,2024-01-28T00:00:00+00:00,Somalia,Somalia,"Education, Food and Nutrition, Gender, Health, Protection and Human Rights, Shelter and Non-Food Items, Water Sanitation Hygiene",Assessment,iMMAP Inc.,2024-01
4031877,Somalia: Providing life-saving support to vulnerable flood-affected families in Baardheere,"**Somalia continues to face a multi-dimensional crisis shaped by conflict, drought, and climate shocks. This year, the effects of El Niño have impacted over 2.5 million people in the country, resulting in the displacement of 1.2 million people, the loss of 118 lives, damage of livelihoods, and a decrease in overall farms productivity.¹**

Baardheere District, in Gedo region, was severely devastated by heavy rains and flash floods that started from October 2023 onwards, leading to the overflow of Juba River from its banks. Extensive floods have engulfed most of the villages of the town, causing loss of lives and damages to homes and infrastructure. In Baardheere, 14 people² lost their lives, and thousands have been displaced to IDP camps after their homes, properties, crops and livestock were destroyed. In October 2023, Acted has conducted a pre-flood assessment in Baardheere. The findings indicated that both host communities and internally displaced persons (IDPs) were equally vulnerable to frequent and severe floods, leading to livestock loss, crop destruction, and a significant decline in food security. Only 35% of the population could consistently meet basic needs across most assessed areas, while 41 out of 67 sites were poorly prepared for the impending floods. These findings underscored the urgent need for immediate humanitarian intervention to mitigate the flood impact.

**Supporting vulnerable flood-affected households through unconditional cash transfer (UCT) in Baardheere district**

In response to El Nino flood related shocks, and with funding from the Somali Humanitarian Fund (SHF), Acted is currently providing emergency food assistance to 1425 vulnerable, flood-affected households in Baardheere. The assistance is being provided through unconditional cash transfers (UCT). This project, titled “Provision of life-saving food assistance to flood-affected households in Baardheere within an enhanced coordination and information system”, will run from November 2023 to April 2024 to alleviate the suffering of the affected population in the immediate aftermath of the emergency. In total, over 8500 individuals, of which 3,215 IDPs (from five IDP sites) and 5,335 host and rural community members (from five host communities), have been targeted with a comprehensive life-saving package. This includes the provision of life-saving emergency food assistance, delivery of life-saving flood-related information, establishment of community-based response systems for flood-affected families, and support to the Baardheere humanitarian taskforce through an enhanced coordination mechanism and contingency planning.

**Faduma’s flood-survival Story**

Faduma Dhaay\* is a 43-year-old mother of nine children and a former businesswoman living in Bulo-wariri village. Faduma and her family were severely impacted by the El-Nino floods, her home and properties were destroyed by heavy floods. Given these conditions, she was unable to remain in her village after her properties and livelihood were destroyed. With her family, she fled from the village and settled at Liiban IDP camp, located in the outskirts of Baardheere, to seek immediate lifesaving support. However, the lack of resources has made it challenging for her to meet her family’s basic needs. In November 2023, Acted reached 5 IDP sites, including Liiban camp where Faduma lived, to support with the provision of life-saving food assistance to flood-affected households in Baardheere.

Faduma met the selection criteria to become a targeted beneficiary and registered for unconditional cash transfer (UCT) for three cycles. By the end of December 2023, Faduma received two cash transfers, which enabled her to buy food to cover for her own basic needs and those of her family. Additionally, using her business experience, Faduma started a small business selling vegetables and sweets to generate income. In January 2024, she will receive the third cycle of UCT. Faduma is now more peaceful because she can provide for herself and her family. Faduma expressed her gratitude to Acted and its funded donor, the Somali Humanitarian Fund (SHF), for the lifesaving assistance and she stated that, thanks to this support, her life has positively changed.

The El Nino floods have had a devastating impact, particularly in the southwest part of the country. Many people, like Faduma, have lost everything. As the severe consequences of climate change continues to evolve, devastating impacts can become more frequent. In light of these challenges, continued assistance, through similar projects, is crucial to help vulnerable affected communities not only to recover but also to build resilience.

¹[https://reliefweb.int/report/somalia/somalia-situation-report-26-dec-2023](https://reliefweb.int/report/somalia/somalia-situation-report-26-dec-2023)

²[https://reliefweb.int/report/somalia/somalia-gu-rainy-season-2023-flash-floods-update-no-1-23-march-2023](https://reliefweb.int/report/somalia/somalia-gu-rainy-season-2023-flash-floods-update-no-1-23-march-2023)

\*Name has been changed to protect privacy.",2024-01-23T12:19:05+00:00,2024-01-23T00:00:00+00:00,Somalia,Somalia,"Agriculture, Food and Nutrition, Shelter and Non-Food Items",News and Press Release,ACTED,2024-01
4031238,"Review of Deyr 2023 Rainfall Performance, Jilal Status, Gu Outlook, and Implications on Livelihoods Over Somalia, Issued: 19 January 2024","**Key Highlights**

Several key findings have been obtained following a review of the 2023 Deyr (October-November-December) seasonal rainfall.

- Heavy cumulative rainfall was observed over the south and central parts of the country with a substantial 1,152 mm being recorded in Baidoa in Bay region representing five times of the station’s Long-Term Mean (LTM). The rainfall was more significant in Berbera in Wooqoyi Galbeed Region where the amount was 26 times the LTM.

- The Deyr rains began in early October over parts of Somaliland and central parts of Puntland spreading southwards to Gedo and Bay-Bakool regions. However, there was a sharp end to the Deyr rains particularly over Puntland and Somaliland with no single rainy day observed in Puntland in December.

- There was more than 30 consecutive dry days in almost all the stations in the country between 1st October and 31st December 2023.

- The observed rainfall amounts, and the length of wet spells particularly over the Juba and Shabelle River basins within the country were 100% in agreement with the forecast. The onset of Deyr rains across the country was also generally in agreement with the forecast with most of the stations realizing onset within a week of the forecast date. 

Coming in the wake of above-normal Gu, and a normal Hagaa rains, the substantial Deyr rainfall is likely to have led to substantial recharge of water sources, replenished water catchment levels, and improved soil moisture conditions hence creating favorable conditions for fodder and grassland regeneration for the livestock, and crop production across the agro-pastoral livelihoods. However, the substantial and consecutive rains over the Juba and Shabelle River basins within the country and in the Ethiopian Highlands were a recipe for massive riverine and flash floods. The longer-than-a-week wet spells favored soil soaking thus permitting rapid run off over urbanized areas and steep-sloped surfaces. By the 26th of November, water levels at 6 out of the 7 river gauging stations along the two rivers were at bankful. The resultant floods led to substantial damage to earlier-grown croplands, livestock fodder and pasturelands, buildings, and civil infrastructure rendering roads impassable and cutting off access in to and out of towns and other human settlements with devastating implications. The ensuing population displacement triggered other social challenges including unavailability of shelter, food, and clean water for use, increase in water borne diseases, and family disconnection among others.

The infrastructural interventions together with timely and accurate early warning information proved valuable in saving lives and livelihoods through evacuation to previously identified higher grounds and provision of humanitarian assistance.  

Therefore, while the Deyr rain season generally led to improved food security situation across the country, and that the dry spells in between the season favored farmland practices like weeding, the more than a month-long dry spell poses a serious threat to the survival of crops and water retention in both open, shallow and groundwater sources.  

The El Niño phenomena is expected to continue beyond Deyr 2023 with a marked weakening from April onwards. This is likely to therefore lead to above normal Gu rains in the first part of the season (i.e., March and early April) with expected flash and riverine flood risks. The forecast further projects a sharp end to the rains (i.e., drier May and June) posing agro-pastoral livelihood risks.  

This bulletin presents both qualitative and quantitative review of the temporal and spatial variation of the observed rains, and verification of the forecast Deyr rainfall amount and anomaly, length of wet and dry spells, and onset dates. It also reviews the experienced (Deyr), current (Jilal) and projected (Gu) weather impacts on livelihoods over Somalia.",2024-01-20T12:17:05+00:00,2024-01-19T00:00:00+00:00,Somalia,Somalia,"Agriculture, Water Sanitation Hygiene",News and Press Release,FAO,2024-01
4028455,"Rapid Multi-sectoral Needs Assessment of populations affected by Deyr flooding - Marka District, Somalia December 2023","• In the surveyed sites, majority identified shelter as priority need for flood-affected men, women, and children. In addition, in-kind assistance (NFIs) and multipurpose cash transfers were as reported for women and men while children identified healthcare services.

• Tent was also reported as an urgent non-food item (NFI) needed in 27 out of 36 sites.

• Local market and work for food was reported as the primary source of food in 28 out of 36 sites each although there was a considerable number of sites, 24 out of 36, that reported distance to the local market could last between 1-3 hours after flooding.

• Additionally, there have been intermittent shortages of food items at nearby markets, along with significant price hikes for staple food commodities.

• 31 out of 36 sites reported that the most common type of latrine in the flood affected communities are pit latrine without slab/open pit.

• Due to the damage caused by the flooding, health facilities have been heavily affected, leading to an increased demand for health services in 25 out of 36 sites. Limited medical services further exacerbate the situation.

**Overview**

Heavy rains in Marka district in
October, November & December
caused significant flooding in several
parts of Marka town and the
surrounding areas, in the Southwest
state of Somalia. The rains mark the
beginning of the Deyr (October to
December) rainy season in the
country, expected to have abovenormal rains and flooding due to the
influence of the El Niño conditions.

According to SoDMA, at least 2.48
million people have been affected
with 1.1 million displaced and 118
killed in all affected districts.
([UNOCHA](https://reports.unocha.org/en/country/somalia/)) Humanitarian partners
have stepped up to meet increased
needs despite logistical, access and
funding challenges, reaching at least
836,000 people with assistance
since October. ([UNOCHA](https://reports.unocha.org/en/country/somalia/)) The
majority of the displaced people have
moved to higher ground, closer to
their settlements.",2024-01-09T13:11:29+00:00,2024-01-09T00:00:00+00:00,Somalia,Somalia,"Education, Food and Nutrition, Gender, Health, Protection and Human Rights, Shelter and Non-Food Items, Water Sanitation Hygiene",Assessment,iMMAP Inc.,2024-01
4029742,"Somalia Health Cluster Partners Operational Presence Map, December 2023",,2024-01-15T11:30:20+00:00,2024-01-15T00:00:00+00:00,Somalia,Somalia,"Coordination, Health",Map,"Health Cluster, WHO",2024-01
4036178,DTM Somalia: Cross Border Movements (November 2023),"**Highlights**

A total of 16,614 movements were observed in November 2023, representing a 37% decrease compared to
October 2023 when 26,352 movements were observed during this period.

If compared with October 2023, Doolow (-60%) , Dhobley (-41%), Harirad (-26%), Bossaso (-4%),
Cabudwaaq (-4%) and Lowyacado (-3%) FMPs recorded a decrease in movements while Buuhoodle (27%)
FMP recorded an increase in movements.

Cabudwaaq (25%), Dhobley (23%) and Doolow (17%) FMPs recorded the highest numbers of incoming
flows, while Doolow (40%), Bossaso (39%) and Buuhoodle (7%) recorded the highest numbers of outgoing
flows",2024-02-07T13:55:03+00:00,2024-02-07T00:00:00+00:00,Somalia,"Djibouti, Egypt, Ethiopia, Kenya, Saudi Arabia, Somalia, Sudan, Uganda, United Republic of Tanzania, World, Yemen",Protection and Human Rights,Infographic,IOM,2024-02
4039443,La situación en Somalia - Informe del Secretario General (S/2024/129),"**I. Introducción**

1\. Este informe, que se presenta de conformidad con el párrafo 14 de la resolución 2705 (2023) del Consejo de Seguridad y con la resolución 2710 (2023), contiene información actualizada sobre la aplicación de esas resoluciones, incluidos los mandatos de la Misión de Asistencia de las Naciones Unidas en Somalia (UNSOM), en particular los avances alcanzados respecto de los índices de referencia identificados en el examen estratégico, y sobre el mandato de la Oficina de Apoyo de las Naciones Unidas en Somalia (UNSOS). El informe abarca los acontecimientos más importantes ocurridos desde el 6 de octubre de 2023 hasta el 24 de enero de 2024.

**II. Panorama político, económico y de la seguridad**

**A. Acontecimientos políticos**

2/. Una vez concluida la reunión del Consejo Consultivo Nacional el 27 de mayo de 2023, en el período que abarca este informe los dirigentes políticos de Somalia siguieron debatiendo los resultados obtenidos. El 3 de noviembre, la Comisión Independiente de Revisión y Aplicación de la Constitución y el Comité Conjunto de Supervisión del Parlamento Federal celebraron una reunión conjunta para analizar las disposiciones técnicas del acuerdo del Consejo Consultivo Nacional y examinar las propuestas de modificación de los cuatro primeros capítulos de la Constitución Provisional de la República Federal de Somalia. El 19 de octubre, los dirigentes de la oposición, entre ellos el ex-Presidente de Somalia, Sheikh Sharif Ahmed, expresaron preocupación por las propuestas del Consejo Consultivo Nacional de cambiar la forma de gobierno a un sistema presidencial y adoptar un sistema bipartidista, de la que se hicieron eco otros dirigentes de la oposición. El Presidente, Hassan Sheikh Mohamud, se reunió en dos oportunidades con los principales dirigentes de la oposición, los días 21 y 25 de diciembre, para escuchar su opinión sobre el proceso de reforma constitucional y el modelo electoral.

3\. El 25 de noviembre, el Parlamento Federal volvió a reunirse para celebrar su cuarta sesión, durante la cual el Presidente Mohamud destacó la determinación del Gobierno de suspender las medidas de control de armamento que seguían vigentes y dar por terminado el programa de alivio de la deuda antes de finales de diciembre de 2023. También comunicó que la Comunidad de África Oriental había aceptado a Somalia el 24 de noviembre y describió los progresos realizados en la ofensiva contra Al-Shabaab. El Presidente Mohamud reafirmó su compromiso de mejorar las relaciones con los estados miembros federados y subrayó la necesidad de ultimar el proceso de reforma constitucional.

4\. El 29 de diciembre, el Gobierno Federal de Somalia y “Somalilandia” concluyeron dos días de reuniones en Djibouti, tras las cuales anunciaron que reanudarían el diálogo entre las dos partes y que se formaría un comité técnico para supervisar las conversaciones. El 1 de enero, Etiopía y “Somalilandia” anunciaron su intención de negociar un memorando de entendimiento de colaboración y cooperación. El Gobierno Federal de Somalia denunció que el acuerdo infringía su soberanía y, el 2 de enero, el Parlamento Federal aprobó una ley que lo anulaba, que el Presidente Mohamud promulgó el 5 de enero. El 3 de enero, el Consejo Consultivo Nacional celebró una reunión a la que asistieron los dirigentes de todos los estados miembros federados, excepto Puntlandia, en la que el Consejo Consultivo Nacional también declaró que el memorando de entendimiento era “nulo de pleno derecho”.

5\. En Puntlandia, a raíz de desacuerdos internos sobre el modelo y el calendario de las próximas elecciones para la Asamblea del Estado y las elecciones presidenciales, el Presidente de Puntlandia, Said Abdullahi Deni, decretó el 7 de diciembre que las elecciones para la Asamblea del Estado se celebrarían el 8 de enero de 2024 siguiendo el modelo de distribución del poder basado en clanes y que los 66miembros recién elegidos de la asamblea elegirían al Presidente y al Vicepresidente. El 12 de diciembre, el Presidente Deni nombró a los miembros del comité de selección y averiguación de antecedentes, que publicaron una lista de los 66 nuevos miembros de la asamblea de Puntlandia el 1 de enero de 2024. Los parlamentarios asumieron el cargo el mismo día. Como en la asamblea anterior, solo se seleccionó a una mujer.

6\. El 8 de enero, los 66 parlamentarios de Puntlandia reeligieron a Deni como sexto Presidente de Puntlandia, e Ilyaas Osman Lugatoor fue elegido Vicepresidente. En Garoowe, la situación de la seguridad se mantuvo en calma y el Presidente Deni se comunicó con los candidatos presidenciales y los dirigentes tradicionales en los días posteriores a su reelección para fomentar la conciliación política. Estuvieron presentes en la ceremonia de asunción presidencial de Deni, que tuvo lugar el 25 de enero, el Presidente Mohamud, los presidentes de los estados, con la excepción del de Yubalandia, Ahmed Mohamed Islam “Madobe”, funcionarios públicos importantes y otros dignatarios.

7\. El 19 de octubre, el Ministerio del Interior, Asuntos Federales y Reconciliación del Gobierno Federal de Somalia difundió un comunicado en el que señalaba que “el Gobierno Federal reitera su apoyo a las resoluciones alcanzadas por los dirigentes tradicionales en la reunión que celebraron en Laascaanood el 6 de febrero de 2023” y que el Gobierno Federal “también acoge con satisfacción la administración provisional establecida por la población local y se compromete a trabajar con ella”. En la región de Sool, entre el 8 y el 23 de noviembre, siguieron registrándose hechos violentos esporádicos en Buq-Dharkayn entre las milicias de los clanes Habar-Jeclo (Isaaq) y Dhulbahante. El 28 de noviembre, los dirigentes del subclan Habar-Jeclo (Isaaq) difundieron un comunicado en el que reiteraban su apoyo a la independencia de “Somalilandia” y su compromiso de defender su territorio, aunque subrayaban que no tenían intención de invadir el territorio de Dhulbahante. El 2 de diciembre, los dirigentes tradicionales de Dhulbahante acusaron recibo del comunicado de Habar- Jeclo y recalcaron su deseo de coexistir en paz.

8\. El 6 de octubre, los dirigentes de la oposición del Estado Sudoccidental se reunieron con el Presidente Mohamud para presentar una petición de que se aplicara el Acuerdo de Baidoa, al que habían llegado en febrero de 2023 la administración del Estado Sudoccidental y los grupos de la oposición, con el apoyo del Gobierno Federal, respecto de que se celebraran elecciones para la asamblea regional a finales de 2023 y elecciones presidenciales regionales en enero de 2024. El 14 de octubre, la oposición del Estado Sudoccidental difundió una declaración en la que pedía que las elecciones en el Estado se celebraran en enero de 2024, de conformidad con las disposiciones del acuerdo.

9\. En el período que abarca el informe, mejoró la relación entre la administración de Yubalandia y la región de Gedo: la administración controla todos los centros distritales de la región, excepto Garbahaarrey, donde persisten las quejas de la comunidad. Las autoridades de Garbahaarrey siguieron oponiéndose a las propuestas de la administración de Yubalandia de celebrar una conferencia de reconciliación inclusiva en Garbahaarrey. El 17 de noviembre, algunas personas respetadas de la comunidad y grupos de mujeres de Garbahaarrey apoyaron que el antiguo Comisionado Distrital de Garbahaarrey, Hassan Elmi, fuera el comisionado distrital de Garbahaarrey, con lo que rechazaron a los funcionarios nombrados por la administración de Yubalandia en la región de Gedo.",2024-02-19T20:01:51+00:00,2024-02-02T00:00:00+00:00,Somalia,Somalia,"Coordination, Education, Food and Nutrition, Gender, Health, Logistics and Telecommunications, Mine Action, Protection and Human Rights, Safety and Security, Water Sanitation Hygiene",UN Document,UN SC,2024-02
4037424,Cross-border household multisector survey in Somalia and Kenya (December 2023),"**Introduction**

This report aims to provide a holistic picture of a people somehow connected because of the human displacement that occurred in and continues to affect Somalia. It reports the multifaceted conditions of families based on a multi-sector household survey conducted along a route of climate-forced migration and returns crossing on the Somali-Kenyan border. 

Three communities were analysed:

1.  ***Dadaab/Garissa:*** Dadaab Refugees camp (located in Kenya, close to the Somali border, hosting mostly Somali national refugees)
2.  ***Dhobley/Afmadow:*** Town and the closest villages (located in Somalia, close to the Kenyan border, where many returnees previously located in Dadaab/Garissa relocated)
3.  ***Kismayo/Jamaame:*** In particular on the outskirt of the city along the estuary of the Juba river, in an area where many IDPs live along with returnees from Dadaab/Garissa

**Objectives**

-   **To assess the conditions** of all communities in the five counties mentioned above, to improve targeting and tailoring, and to orient AVSI’s response towards entire communities (not just direct beneficiaries) 
-   **To gain a holistic, multi-sectoral understanding** of the communities in a wide number of fields: 

-   Human development: Livelihood, Resilience, Food Security, Health, Hygiene, Education, Protection, and Gender.
    
-    Economy: Agriculture, Livestock Farming, Markets, Assets.
    
-    Peace and Governance: Natural Resources, Safety, Migration, Community Participation and Local Governance, and Humanitarian Aid.
    

-   **To encourage a more nexus/resilience-oriented mindset:** Reviewing not only the needs but also opportunities to strengthen, potential community-led initiatives (identification of advanced market participants, aid groups, local leaderships, etc.) 
-   **To nourish genuine accountability:** Surveys are validated through one-day meetings with local representatives as means to promote an evidence-based dialogue with the community, leading to genuine accountability and co-design.
    

**Main Findings**

**Livelihood:**

-   Approximately a quarter of households depend on agriculture, primarily for self-consumption, with only a small percentage engaging in selling agricultural products.
-   Drought and livestock loss significantly contributed to livelihood deterioration, affecting nearly half of the households.
-   Adolescent and child involvement in caring for family members is common as part of livelihood support.

**Food Security:**

-   Most adults and children consume meals above the minimum recommended, but a significant portion of families faces moderate to severe hunger.
-   Nearly half of the families have an ""acceptable"" Food Consumption Score, with Kismayo/Jamaame showing a higher prevalence of poor scores.
-   Sugar, cereals, and dairy products are staple foods, with food scarcity peaks during January and August.

**Agriculture:**

-   Around a third of households engage in land cultivation, primarily maize and beans farming.
-   Challenges include inadequate rainfall, high seed costs, and pest/disease issues.
-   Limited use of quality seeds despite awareness, and reliance on rain for irrigation in a quarter of cases.

**Livestock:**

-   Nearly a third of household’s rear animals, mainly for self-consumption, facing challenges such as conflicts over water sources and insufficient grazing pastures.
-   A significant portion of livestock deaths occurred, predominantly among sheep and goats.
-   Transportation limitations hinder selling livestock outside the community.

**Education:**

-   A large percentage of household heads lack literacy, though school enrollment rates for children are relatively high, with irregular attendance due to financial constraints and teacher shortages.
-   Despite challenges, there is strong support for equal education opportunities for both genders and persons with disabilities.

**Health/Hygiene:**

-   Health and hygiene challenges persist, with many households lacking literacy and facing irregular school attendance due to financial constraints.
-   Access to functioning schools is relatively good, but teacher shortages remain a concern.

**Protection:**

-   Similar challenges exist regarding literacy and school attendance irregularities, with notable support for equal education opportunities for all demographics.",2024-02-12T15:14:08+00:00,2024-02-02T00:00:00+00:00,Somalia,"Kenya, Somalia","Agriculture, Education, Food and Nutrition, Health, Peacekeeping and Peacebuilding, Protection and Human Rights, Recovery and Reconstruction, Shelter and Non-Food Items, Water Sanitation Hygiene",Assessment,AVSI,2024-02
4033968,"Somalia: Health SCENARIO BRIEF - Nutrition at Scale In Somalia, 2022","Following several years of implementing a new, simplified malnutrition treatment approach in Somalia, the International Rescue Committee’s (IRC) Somalia country team intended to expand the program to new parts of the country. However, the team wanted to better understand the cost implications of expanding this approach, in order to maximize value-for-money. The IRC Best Use of Resources (BUR) team developed a scenario model to help answer key questions.",2024-01-30T00:00:00+00:00,2024-01-30T00:00:00+00:00,Somalia,Somalia,"Health, Protection and Human Rights",Evaluation and Lessons Learned,IRC,2024-01
4031281,"Somalia: Accountability to Affected Populations (AAP) - Multi-sector Needs Assessment (MSNA) Key Findings, December 2023","**KEY MESSAGES**

• Approximately half of the assessed households reportedly received assistance, with no major difference between population groups. Those who did receive assistance were largely satisfied with the assistance received.

• Household priorities focused on essentials, with 67% identifying food as their top need, followed by drinking water, shelter, and healthcare.

• The main barrier to receiving humanitarian aid, reported by assessed households, was the lack of vital information on aid delivery schedules, dates, and entitlements.

• More than half (57%) of households demonstrated a clear understanding of how to ask questions, or make suggestions, or complaints regarding humanitarian aid or concerning the behavior/misconduct of aid workers.",2024-01-21T09:27:36+00:00,2024-01-21T00:00:00+00:00,Somalia,Somalia,"Coordination, Food and Nutrition, Health, Shelter and Non-Food Items, Water Sanitation Hygiene",Assessment,REACH,2024-01
4031733,"Somalia Health Cluster: Cluster Coordination Performance Monitoring (CCPM), January 2024 [Presentation]","*[Excerpt]*

What is the CCPM?

• A self-assessment of cluster performance against:

– 6 core cluster functions

– Accountability to Affected populations

• A country led process, supported by Global Clusters and OCHA

• The CCPM can be applied by both clusters and sectors",2024-01-23T06:43:18+00:00,2024-01-23T00:00:00+00:00,Somalia,Somalia,"Coordination, Health",Other,"Health Cluster, WHO",2024-01
4030726,UN-contracted plane carrying humanitarian supplies crashes in South West State,"**Mogadishu** – A United Nations-contracted cargo plane today crashed while landing on an air-strip in El-Barde in Somalia’s South West State.

The aircraft was transporting humanitarian supplies for the World Food Programme when it veered off the runway. Initial reports indicate there was one fatality and two people injured. 

The United Nations in Somalia expresses its condolence to the family and colleagues of the victim, and wishes a speedy recovery for the injured.

The United Nations is working with the contracted airline company and federal and South West State authorities to investigate the incident.",2024-01-18T12:27:02+00:00,2024-01-18T00:00:00+00:00,Somalia,Somalia,Peacekeeping and Peacebuilding,News and Press Release,UNSOM,2024-01
4040922,Violence must end after rape of 13-year-old girl in displacement camp in Somalia,"**GAROWE, Somalia, 23 February 2024** — Save the Children is calling for increased protection of girls in Somalia after a 13-year-old girl was raped by a group of armed men outside her home last Sunday, 18 February. The child was pulled from her home and attacked by multiple men, according to reports by the local community and media.

The child rights agency is calling for a full and transparent investigation of the attack, and calling on the government of Puntland and Somalia to urgently take measures to prevent sexual violence, protect survivors, and prosecute perpetrators in line with national and international human rights obligations.

Save the Children's teams in Puntland have received increasing anecdotal reports of sexual abuse and rape against teenage girls in recent months, with survivors afraid of making official reports to authorities for fear of retaliation and stigma.

Somalia has some of the [highest rates of violence against women and girls](https://pubmed.ncbi.nlm.nih.gov/37637858/) in the world, with few laws to protect women and girls from sexual and domestic violence or available shelters where they can seek refuge from their aggressors.

Earlier this month, the deaths of three women in one week, all allegedly murdered by their husbands, caused outrage in Somalia and sparked days of protests over the country's track record on protecting women and girls.[[1]](https://www.savethechildren.net/news/violence-must-end-after-rape-13-year-old-girl-displacement-camp-somalia-save-children#_ftn1) In 2021, the United Nations Assistance Mission in Somalia (UNSOM) documented an alarming 80% increase in sexual violence in Somalia primarily attributed to armed men.

Save the Children's Acting Country Director for Somalia, Mohamed Abdiladif said:

*""The persistent sexual violence against Somalia's most vulnerable women and children is deplorable and a grave violation of human rights. The traumatic rape of this young, displaced girl is unfortunately indicative of a wider trend that we at Save the Children are witnessing through our work across communities in Somalia. Gender-based violence continues to be pervasive, particularly affecting displaced, rural and minority women and girls who face added risks amidst conflict and insecurity.*

*""We urge the Puntland Government of Somalia to strengthen legal protections for children, including the enforcement of a sexual offences bill. Every child, no matter where they live, deserves to live a safe, happy and healthy life, free from violence.""*

*""Save the Children reiterates our commitment to protecting Somalia's most vulnerable people. We stand ready to support national and local partners in strengthening prevention and response efforts surrounding conflict-related sexual violence. No child should have to endure such unspeakable brutality.*

Save the Children has worked in Somalia for over 70 years, since 1951, and is running child protection programs in the camps for displaced people providing specialised psychological care for sexual assault survivors through mental health and psychosocial support, hospital and specialist referrals, and hosting awareness-raising activities about children's rights and abuse.

ENDS

For further enquiries please contact:

-   Delfhin Mugo <Delfhin.mugo@savethechildren.org>
-   Daphnee Cook <Daphnee.cook@savethechildren.org>

Our media out of hours (BST) contact is <media@savethechildren.org.uk> / +44(0)7831 650409

Please also check our Twitter account @Save_GlobalNews for news alerts, quotes, statements and location Vlogs.

[[1]](https://www.savethechildren.net/news/violence-must-end-after-rape-13-year-old-girl-displacement-camp-somalia-save-children#_ftnref1) <https://news.un.org/en/story/2021/08/1097142>",2024-02-23T15:57:25+00:00,2024-02-23T00:00:00+00:00,Somalia,Somalia,Protection and Human Rights,News and Press Release,Save the Children,2024-02
4097305,Interoperable Aggregated CFM Model in Somalia - Community Engagement and Accountability Taskforce (CEA TF) [Presentation],"**Key features**

- Developed by building on existing and proposed CFMs through technical standards and structured referral linkages, even involving the clusters, and enabling the production of common analysis for decision making.
- The response-wide aggregator system is much broader than any CFM or feedback channel. So, all the CFMs like central call-center, Zite Manager platform, Talk to Loop platform and agency level CFMs are integrated under one broader CFM model having one Aggregated Central Repository for Complaints/Feedback.
- Individual CFMs, that are integrated into the common system, should meet agreed standards concerning quality, reliability and inclusivity, or should be on a demonstrated timebound trajectory to do so.",2024-01-16T00:00:00+00:00,2024-01-16T00:00:00+00:00,Somalia,Somalia,,Other,IOM,2024-01
4097333,Somalia: AAP AND CWC Activities CEA TF IOM Introduction [Presentation],"*Excerpt*

**Somalia HIST Overview**

The Humanitarian Information Management Support Team (HIST) :

• Is a need-based IM support  
 • Formed by a group of information management officers who will provide IM support upon request from the iMMAP office in Mogadishu",2024-02-20T00:00:00+00:00,2024-02-20T00:00:00+00:00,Somalia,Somalia,,Other,iMMAP Inc.,2024-02
4027478,Somalia Flooding: South Somalia Affected Region - Bakool (SO25) (30 Dec 2023),"Map atlas of flood extent with population density, showing potentially affected settlements and internally displaced people (IDP) sites. Table shows the % of potentially affected settlements and IDP sites. Flood extent is UNOSAT satellite detected water (5 Nov - 2 Dec 2023).",2024-01-04T00:02:00+00:00,2023-12-30T00:00:00+00:00,Somalia,Somalia,,Map,MapAction,2024-01
4037109,AWD/Cholera Weekly Epidemiological Report EPI Week 3 (15 January – 21 January 2024),"**New cases for epi-week 3**

• 426 new cholera cases were reported from 17 districts.

• 260 (61%) severe cases

• 285 (67) children below 5 years

• 231 (54%) were female

• 6 deaths were reported this week.

• 28 stool samples were tested; 6 samples were positive for V. Cholerae 01 Ogawa by culture.

• While 143 samples were tested using RDT; 54 Samples were possibility for v. cholera 01 Ogawa by RDT 

**Cumulative cases (Since 1 – 3 Weeks in 2024)**

• 1,401 cumulative cases(690; 49% were female)

• 916 (65%) children < 5 years

• 18 cumulative deaths (CFR 1.3%)

• 789 (56%) severe cases

• 38 total confirmed Vibrio cholerae 01 Ogawa by culture.

• 25 El Niño flood-affected districts reporting cases.",2024-01-21T00:00:00+00:00,2024-01-21T00:00:00+00:00,Somalia,Somalia,"Health, Water Sanitation Hygiene",Situation Report,Govt. Somalia,2024-01
4033746,Humanitarian partners seek US$1.6 billion to assist 5.2 million people in Somalia in 2024 [EN/SO],"**Mogadishu, 30 January 2024** – Today, the United Nations in Somalia, humanitarian partners together with the Federal and State Governments released the 2024 Humanitarian Needs and Response Plan (HNRP), which seeks US$1.6 billion to assist 5.2 million people out of 6.9 million who need lifesaving humanitarian and protection assistance in Somalia. 

“In addition to climatic shocks, conflict and insecurity, widespread poverty and disease outbreaks will continue to drive humanitarian needs this year,” said Mr. George Conway, Deputy Special Representative of the UN Secretary-General, Resident and Humanitarian Coordinator for Somalia. “Humanitarian and development partners will strengthen complementarity and work towards collective outcomes that will help reduce needs, risks and vulnerabilities, increase resilience and ensure that future shocks do not lead to catastrophe.” 

In 2023, Somalia was hit by shocks including devastating drought, unprecedented heavy rains and flooding, and new displacement. As a result, millions are continuing to suffer from hunger and malnutrition. While the situation has improved since 2023, 4.3 million people - almost one-fourth of the population – remain acutely food insecure and two in five children under the age of 5 suffer from acute malnutrition. An estimated 3.8 million people are internally displaced, and a cholera outbreak is spreading in several districts.

“More than 80 per cent of the displaced are women and children and face serious protection risks,” said Mr. Mohamud Moalim, Commissioner, Somalia Disaster Management Agency (SODMA). “The Somali Government is concerned about the humanitarian situation that is worsened by climate-induced crises. We are determined to address the underlying causes of Somalia’s crises, improve livelihoods and build long-term durable solutions.” 

In 2024, humanitarian partners will implement a more stringently targeted response, with a focus on assisting populations in most severe need. The response is tailored to ensure realistic planning and strict response boundaries. The funding requirements reflect a 37 per cent reduction from $2.6 billion that was required to meet the needs of 7.6 million people in 2023. 

“I am very appreciative of the Government and humanitarian partners work to support people in need in Somalia,” said Mr. Conway. “Humanitarian partners reached up to 3.8 million people cumulatively in 2023 and are committed to building on these achievements.”

*For further information, please contact:*

SODMA, Mohamud Moalim, Commissioner, commissioner@sodma.gov.so, Tel: + 252 616 450 000

UNOCHA, Crispen Rukasha, Head of Office, rukasha@un.org, Tel: +252 618 960 054",2024-01-30T09:31:43+00:00,2024-01-30T00:00:00+00:00,Somalia,Somalia,"Contributions, Food and Nutrition, Health, Protection and Human Rights",News and Press Release,"Govt. Somalia, OCHA",2024-01
4032504,"Weekly Cholera/AWD Situation Report - Somalia, Epidemiological Week 2 (8-14 January 2024)","**Highlights**

• The current cholera outbreak in Somalia is a continuation of the 2023 cholera outbreak that spread to new districts that were affected by floods in October 2023. 

• Limited access to safe water and proper sanitation among displaced persons is the major driver of the current cholera outbreak. 

• During week 2, 474 new suspected cases with nine associated deaths were reported from 27 flood-affected districts. 

• More than half of the cases reported in the week were from Beletweyne, Buloburte and Jalalasi districts among populations displaced by floods (Table 1). 

• The overall case fatality rate (CFR) of 1.2 % reported from 27 districts is above the emergency threshold of ≥1%. The higher than expected CFR was reported in Beletweyna,bulo Burte, Jalalasi and Burhakaba attributed to low skills for case management among health care workers and high levels of mal nutrition among children aged under 5 years (Table 2) 

• The overall cumulative attack rate is 18 cases per 100,000 with the highest incidence reported in Beletweyne (129 cases per 100000 cases) and Bulo Burte (48 cases per 100,000) (Table 2). 

• Stool samples collected from flood affected districts and analyzed in the National Public Health Laboratory in Mogadishu tested positive for Vibrio Cholerae 0139 Ogawa 

• Surveillance information from the field shows that the cholera outbreak is likely to spread to Bulo- 

• WHO and health partners have scaled up the implementation of cholera response activities in districts affected by floods resulting from the El Nino season since October 2023. 

• There is urgent need for additional operational funds to scale up the implementation ofresponse activitiesto contain the current outbreak.",2024-01-25T07:16:02+00:00,2024-01-25T00:00:00+00:00,Somalia,Somalia,Health,Infographic,WHO,2024-01
4031736,Situation updates for cholera in Somalia: WHO emergencies program (18 January 2024) [Presentation],"*[Excerpt]*

**Current context-impact of floods**

**According to UNOCHA report of 28 –Dec 2023**

- 2.48 million people affected by floods, including 1.2 million displaced, and about 118 deaths 

- Displaced households are gradually returning to their homes owing to prevailing dry conditions • Gradual decrease in river levels over the Juba and Shabelle River catchments 

- Contamination of water sources and destroyed sanitation facilities has led to an increase of Acute watery Diarrhoea (AWD)/cholera affecting mostly Baidoa and Afgoye districts

- In Hirshabelle State, the sanitation situation in Belet Weyneis greatly concerning and poses a risk of AWD/cholera outbreak.",2024-01-23T06:47:22+00:00,2024-01-18T00:00:00+00:00,Somalia,Somalia,Health,Other,"Health Cluster, WHO",2024-01
4030347,Somalia Humanitarian Fund Allocation Dashboard (As of 31 December 2023),"The Somalia Humanitarian Fund (SHF) has so far allocated $56.6 million for life-saving interventions by
funding 73 partners. In immediate response to the devastating drought conditions, the effects of conflict,
cholera and floods in Somalia, the SHF has allocated funds through one standard and nine reserve
allocations, complemented by three CERF allocations of $ 35 million, that enabled implementing partners'
early action to save lives, alleviate suffering, reduce displacement and provide assistance. In 2023, the
life-saving humanitarian response focuses on underserved and hard to reach areas. Inclusion of women and
girls and people with disabilities is ensured in every allocation. About 98 per cent of all projects contribute in
various ways to gender equality. Direct implementation through national NGOs and strengthening localization
remained a priority as 69 per cent of partners funded are national NGOs. The SHF continues to demonstrate
its agility, in rapidly supporting the response to the recurrent climatic shocks with support from donor
countries that enable the Fund to benefit about 4.9M people under various interventions.",2024-01-17T07:15:02+00:00,2023-12-31T00:00:00+00:00,Somalia,Somalia,"Camp Coordination and Camp Management, Contributions, Coordination, Education, Food and Nutrition, Health, Humanitarian Financing, Logistics and Telecommunications, Protection and Human Rights, Shelter and Non-Food Items, Water Sanitation Hygiene",Infographic,OCHA,2024-01
4027046,"Somalia Situation Report, 26 Dec 2023","**HIGHLIGHTS**

-   Displaced households are gradually returning to their homes owing to dry conditions that have prevailed across most parts of the country.
-   The number of people affected by floods is estimated to be 2.48M, including 1.2M displaced from their homes & about 118 deaths, according to the Somalia Disaster Management Agency.
-   Food prices have stabilized, which is attributed to the restoration of supply chains facilitated by improved roads, enabling transportation of goods that were hampered by floods.
-   One of the agencies with support from humanitarians will conduct a post-floods assessment on the overall impact of floods on livelihoods and infrastructure in the coming weeks.
-   The 2023 HRP which requires US$2.6B to respond to the needs of 7.6M, is just 42.7% funded ($1.1B). Additional funds are required to urgently meet the needs of the affected people.

**ANALYSIS**

**Deyr Rainy Season 2023 Flash Update No.5**

**SITUATION OVERVIEW** The Federal Government of Somalia has declared an emergency in areas where torrential deyr (October to December) rains have triggered floods, according to the Somalia Disaster Management Agency (SoDMA). The heavy rains fueled by an El Nino, have intensified particularly in Puntland, Galmudug, South West, Hirshabelle states and in areas along the Juba river in Jubaland State. Partners estimate that as of 6 November, over 706,100 people have been temporarily affected, with over 113,690 people temporarily displaced from their homes across the country. South West and Jubaland states are the worst affected, with an estimated 268,243 and 268,365 people affected, respectively. In Hirshabelle, at least 145,800 people are reportedly affected, with 11,700 displaced following heavy rains on 5 November. Up to 400 families (2,400 people) are believed to be trapped by floods in Luuq and efforts are ongoing to urgently evacuate them. In Baardheere, local authorities are appealing for urgent support for more than 14,000 families that have been cut off from the main town and are unable to replenish their domestic supplies. FAO/SWALIM has called for the activation of evacuation plans, warning that there is a high risk of riverine flooding in Jubaland, particularly in Doolow, Luuq, Baardhere, Bualle, and Jilib districts, and urged people living along the entire stretch of the Juba river to identify safe routes to high ground. It also warned of a high risk of flooding along the Shabelle river at Belet Weyne and adjacent areas, and recommended the activation of evacuation plans for the town and surrounding areas.

Puntland State: At least 22,250 people have been affected by heavy rains and floods in Puntland, with 7,280 displaced from their homes. In north Gaalkacyo and its outskirts, heavy rains have displaced more people in the last 24 hours especially in sites for internally displaced people (IDPs). Preliminary information indicates that 239 shelters have been destroyed and 222 latrines damaged in 14 sites. More than 100 families (600 people) from the host community are also displaced. Movement along the roads has been affected, and electricity and internet cut off.

Galmudug State: Heavy rains flooded Gaalkacyo town on 4 November, affecting 25 IDP sites in Garsoor and Hormar neighborhoods. On 5 November, partners reported flash flooding in Cabudwaaq District which affected Garasle and Xurfada IDP sites. Two teenage girls from Bandiradley town and a boy from Cabudwaaq, reportedly drowned. In total, 1,416 people have been affected with 136 families (816 people) displaced and sheltering under trees on higher grounds. The Education Cluster reported that Grassle primary school is flooded, disrupting learning for 121 children. An unconfirmed number of shelters and latrines were inundated. Electricity supply to the town, including the hospital, is cut off. South West State: Overnight rains on 4 November swamped Baidoa town, inundating 384 IDP sites. Roads are flooded and humanitarian movements curtailed. In Xudur district, heavy rainfall on 2 and 3 November, displaced 25,410 people of whom 21,000 have moved to higher ground, according to the authorities. In Berdale district, at least 27,000 people were affected by flash floods in Berdale district following heavy rains on 4 November, including over 9,100 IDPs. Three, including two children, have died. Overall, partners and authorities estimate that 268,243 people have been affected in the state. Jubaland State: Partners and local communities estimate that 268,365 people have been affected by floods after the water level on the Juba river reached bankfull level; with over 93,600 displaced. These include 36,000 displaced in Baardhere, 30,000 in Luuq and 24,000 in Doolow. Partners reported on 4 November that at least 847 latrines have been damaged and 28 water wells cannot be accessed, forcing people to use flood or rainwater. Learning institutions have been closed and some are damaged. Around 400 families (2,400 people) are reportedly trapped in Luuq Godey, Gumaro, Minyara and surrounding villages. Floods have also affected the non-riverine districts of Ceelwaaq, Afmadhow and Garbaharrey, resulting in loss of property and shelter, displacement, and loss of five lives. Prices of firewood and charcoal have gone up from US$3 to $12 per bag in the last three days.

**Needs** Partners report that flood-affected people need urgent food, emergency shelter and non-food items (NFIs), nutrition, health, protection; water, sanitation and hygiene (WASH) assistance. Findings by a local NGO indicate that food, health, WASH and shelter/non-food items are the most pressing needs for affected people in South West State. A limited flow of commodities is reported because the Jamecada road between Mogadishu and Burhabaka is cut off, leaving local transporters stranded on both sides. Partners report a significant need for shelter, clean water, and sanitation facilities for displaced families, as well as community surveillance, early warning systems and risk communication in Jubaland. Shallow wells in Luuq, Doolow and Belet Xaawo are underwater, which has severely affected access to safe drinking water, therefore mitigating the risk of water borne diseases is critical especially for communities that are using flood water for domestic purposes.

**Response and Gaps** The Somali Deputy Prime Minister Salah Ahmad Jama on 5 November said the Federal Government is making efforts to deliver relief assistance to affected people. According to SoDMA, the deputy premier called on the Somali community, especially the business community, to support affected people in Gedo and other regions of Somalia. SoDMA has distributed grants to 400 flood-affected people in Baidoa. One international partner has distributed over 74,700 sandbags to communities across the country, prepositioned 24 manual water treatment kits and four mechanical water treatment units, provided medical supplies to treat Acute Water Diarrhoea to 26 clinics and prepositioned 49,000 household hygiene kits.Partners in Puntland State are disseminating information to communities at risk, mobilizing and equipping mobile health clinics. In South West State, partners have developed a vulnerability criterion for selection of the most vulnerable population. In Jubaland State, efforts are underway to evacuate 2,400 people who are trapped in Luuq Godey, Minyara, Gumaro and surrounding village. Local authorities and partners are trying to block the river in high-risk areas, but lack enough sandbags.In Hirshabelle State, authorities are preparing three boats and six vehicles to rescue people in high-risk areas, especially children, the elderly and people with disabilities.",2024-01-02T07:51:34+00:00,2023-12-26T00:00:00+00:00,Somalia,Somalia,"Agriculture, Contributions, Coordination, Education, Food and Nutrition, Health, Logistics and Telecommunications, Protection and Human Rights, Recovery and Reconstruction, Shelter and Non-Food Items, Water Sanitation Hygiene",Situation Report,OCHA,2024-01
4033220,"Somalia: Humanitarian Dashboard, January - November 2023","**RESPONSE OVERVIEW**

The 2023 Somalia Humanitarian Response Plan (HRP) is informed by the robust intersectoral analysis of the 2023 Humanitarian Needs Overview (HNO) which identifies 8.25 million people in need of humanitarian assistance in Somalia. The HRP requires $ 2.6 billion to assist 7.6 million vulnerable people across the whole country representing around 90 per cent of the people in need. This is in line with the IASC Humanitarian system-wide scale-up that came into effect in August 2022 and the HCT’s strategic direction to scaleup response both in magnitude and quality of response to avert the prolonged consecutive drought and risk of Famine. The targeting is informed by the magnitude and severity of the needs identified in the HNO, the partners' capacity to scale up and the operating environment, including access.",2024-01-28T11:28:14+00:00,2024-01-16T00:00:00+00:00,Somalia,Somalia,"Camp Coordination and Camp Management, Education, Food and Nutrition, Health, Protection and Human Rights, Shelter and Non-Food Items, Water Sanitation Hygiene",Infographic,OCHA,2024-01
4033221,Somalia: Operational Presence (3W) December 2023,"**Overview**

In December, 257 humanitarian actors were present in 72 of Somalia's 74 districts across all regions and states. National and international NGOs, UN agencies, and government institutions provided life-saving assistance through eight clusters: Camp Coordination and Camp Management (CCCM), Education, Food Security, Health, Nutrition, Shelter and Non-Food Items, Water, Sanitation, and Hygiene (WASH), Protection and its Areas of Responsibility (Child Protection, Gender-based Violence (GBV), Housing, Land and Property (HLP) and Explosive Hazards)",2024-01-28T11:30:48+00:00,2024-01-16T00:00:00+00:00,Somalia,Somalia,Coordination,Infographic,OCHA,2024-01
4038807,"Radio Ergo audience feedback report, Issued: 16 Feb 2024","**Brief Analysis**

The calls this week (8-14 February 2024) to Radio Ergo’s independent audience feedback platform give insights into the concerns of communities over drought and water shortage in some regions, notably Sanag, Galgadud, and Gedo; as well as the challenges facing communities still recovering from the floods, especially in Bay, Gedo, and Hiran. Locust invasions reported in parts of Sanag and Puntland sparked concerns among farmers in southern regions. Other callers in Puntland and central regions wanted help with various livestock diseases affecting their herds. The following summarises the calls by theme.

**Drought & Water Shortage** – a number of callers in the mountain areas of Sanag region complained about drought and water scarcity and appealed for aid. Among several in El-Laman, a female caller said the drought was severe and they needed help. Another caller said the only water that remained was contaminated and he wanted his message shared with aid organisations. In Badhan, one caller asked the Puntland government to deliver water aid. Another in Badhan said their water sources had dried up and they had received no help from aid or government agencies. He wanted their message shared in order to get intervention. In Sool region, a caller said they were pastoralists whose livestock weren’t getting enough fodder due to drought. Another said they faced water shortage and also conflict had cut off road access making food short as well. He asked for government help. One caller in Hargeisa said they were facing drought and water shortage. In Galgadud, callers in Ado-Kibir said their livestock were not getting enough water due to a lack of boreholes in the area and some water pumps in need of repair. A female caller in Biyogadud said they had not had any rainfall and faced drought. A caller in Hananbure said they were short of water and food and needed aid. A caller in Tulo-Barwaqo located between Dusamareb and Eldhere said they needed more boreholes to be drilled there. Several callers in Gedo region spoke of drought. One said it was severe and also their livestock faced diseases. Others said drought was affecting their farms and they needed aid and water.

**IDPs** – a caller in Galkayo said IDPs were facing drought and water shortage and needed help. A caller in Gangeb village \[Golis number but unspecified location\] said they had been displaced by fire that burnt down their houses and faced water shortage and other hardships and needed help.

**Flood Recovery** – in Bay region, a caller said farmers had recovered from the floods that had destroyed their crops and had begun farming again, but all their food stocks had been washed away by the floods. In Gedo, a caller in Bardera said they hadn’t had any aid since being forced into displacement by the floods and people were struggling with food shortage and needed help. Another in Bardera said the floods had washed away their farms leaving them destitute and in need of aid. In El-Wak, a caller said pastoralists were unable to sell their livestock due to the bridge collapse and wanted help to rebuild it in order to pursue their business. In Hiran, among callers in Beletweyne one said they had returned to their homes and were concerned by the mosquito influx. Another complained that schools were always closed and education interrupted whenever there were floods. Another said grass was growing on their farms and the livestock had fodder but they remained thin and feeble and he wanted to know what was wrong with them.

**Locusts** – a caller in Bari region wanted aid agencies to be alerted to the swarms of locusts he said were destroying their crops. Another Puntland caller said they needed help in spraying the locusts that had descended on their farms. A caller in Jowhar, Middle Shabelle, said the farmers were hearing on the radio about the locusts in northern Somalia. He wanted to know if they were likely to spread southwards, and if they did how could they protect their farms that they were just reviving after the floods.

**Jobs** – a caller in Mogadishu said unemployment was high and the government should assist young people to make a living by giving them farming and fishing equipment.

**Nutrition** – there were a number of calls on this topic probably responding to the Radio Ergo weekly Nutrition programme, where experts explain and address listeners’ questions. A caller in el-Laheley, Sanag, said they observed malnutrition in their area. A caller in a rural part of Adado wanted to know if PlumpyNut sachets were nutritious as their children became sick after eating them.

**Livestock** – many pastoralists complained that various wild animals were attacking them and their herds. Others complained of diseases and asked for both advice and veterinary treatment. A caller in Bahdo, Galgadud, asked the government to help them to get access to livestock medicines in their area. He said there were various widespread livestock diseases going round, some of which they couldn’t identify.",2024-02-16T13:17:05+00:00,2024-02-16T00:00:00+00:00,Somalia,Somalia,"Agriculture, Food and Nutrition, Health, Protection and Human Rights, Water Sanitation Hygiene",News and Press Release,Radio Ergo,2024-02
4038705,"Somalia Early Warning-Early Action: Trends in Risk Factors, Jan 2019 - Jan 2024 (Indicators in Alarm Phase)",,2024-02-16T10:08:38+00:00,2024-02-16T00:00:00+00:00,Somalia,Somalia,"Agriculture, Food and Nutrition",Infographic,FSNAU,2024-02
4038684,"Somalia Acute Food Insecurity Situation Overview - Rural, Urban and IDP: Food Security Outcomes: Current: April - June 2024",,2024-02-16T09:09:35+00:00,2024-02-16T00:00:00+00:00,Somalia,Somalia,Food and Nutrition,Map,"FSNAU, IPC",2024-02
4036449,"Displacement Tracking Matrix (DTM) Somalia - Emergency Trend Tracking (ETT) - Weeks 52 - 1 (Dec 24, 2023 — Jan 06, 2024)","In response to the Somalia’s severe drought beginning in November 2021, DTM Somalia launched an Emergency Trends Tracking (ETT) tool first in Gedo and Bay regions in 2022, and subsequently in Hiraan, Banadir and Middle Shabelle regions in 2023 to monitor drought related displacement trends and hotspots in support of operational planning. However, during the first half of 2023, conflict and flooding displacements have been significant. Therefore, DTM restructured its ETT tool to capture multi-shock displacements (drought, flood, conflict and other) from October 2023. Additionally, in December 2023, ETT coverage has been expanded to 13 additional districts in Lower Shabelle, Bakool, Galgaduud, Lower Juba, Middle Shabelle, Mudug, and Nugaal regions.

ETT is a crisis-based tool that tracks sudden displacement triggered by specific events or emerging crises. The objective of ETT is to help prioritize humanitarian response and to enable partners to deliver rapid assistance. Based on previous shock induced displacement patterns, the humanitarian community expects that people will continue to move toward urban areas in search of humanitarian services. Consequently, the ETT coverage focuses on the main urban centers and surrounding villages for each assessed district. The data is collected through Key Informant Interviews (KIIs) at the location level, from Sunday to Wednesday every week. It includes information on new arrivals, numbers and demographic of IDPs, reasons for displacement, intentions, humanitarian assistance and priority needs among others.",2024-02-08T09:54:39+00:00,2024-02-08T00:00:00+00:00,Somalia,Somalia,Protection and Human Rights,Situation Report,IOM,2024-02
4034177,Somalia: providing life-saving humanitarian services,"Somali communities are experiencing compounding shocks such as conflict, droughts, and floods, forcing people to flee their homes. The recent El Niño induced rains have heavily affected Somalia, resulting in flash and riverine floods that have destroyed many housings, infrastructure and livelihoods. As a result of this, over 1.2M people have been displaced from their homes and currently hosted in IDP sites.

In 2023, Kismayo district, in Jubaland, has received 30,635² new internally displaced people from the surrounding districts of Afmadow, Jamaame, Jilib, and Buu’ale as a result of conflicts, recent flash floods and prolonged droughts in Somalia. This influx of displaced people has put additional strain on already overcrowded IDP camps, which have limited access to food, water, sanitation and other basic services. Based on the data from the latest joint IDP site verification exercise, 170 IDP sites with 24,309 vulnerable Households were identified in Kismayo in June 2023³.

**Enhancing coordination mechanisms to meet the basic needs of internally displaced persons**

In Jubaland State, Acted and its local partner Social-Life and Agricultural Development Organization (SADO), through a project supported by the European Union (EU) is supporting internally displaced communities in Somalia through life-saving humanitarian services and information management to address the most urgent needs of the vulnerable communities. This one-year project, which started on 1 May 2023, aims to reach a total of 91,705 beneficiaries through improved humanitarian information management, Camp Coordination and Camp Management (CCCM) and gap-filling activities. Through CCCM activities, Acted aims to support the affected communities’ engagement and participation by strengthening the community governance structures. Acted and its partner have thus supported communities, and in particular recently flood affected persons with WASH, NFI kits and cash assistance to improve the living conditions, safety, and dignity of displaced people.

Anisa Ibrahim*, a 35-year-old mother with 6 children is living in Alle-suge IDP camp which is located in the outskirts of Kismayo district. Anisa lost her livestock due to the prolonged drought and on-going conflicts, and she had to live her village (Beerxani) to flee to Kismayo with her children in search of shelter and food. At the IDP camp she lacked food, proper shelter, essential items and the place was poorly lit. This made her life even more difficult, as Anisa and her children were thus not able to meet her basic needs. With the support of the European Union, Acted and SADO provided lifesaving assistance to IDP residents. Anisa was registered to receive WASH and NFI kits to respond to her immediate needs and was also registered for three cycles of cash transfers to enable her to purchase food and essentials items, therefore significantly improving her living conditions in the IDP camp.

Anisa’s life changed in a positive manner after receiving assistance. Her shelter has been significantly improved with the provision of NFI materials, ensuring a more secure and comfortable living environment. Access to clean water and sanitation has been made possible through the WASH kits, contributing to enhanced hygiene and overall well-being. Furthermore, with the support of cash transfers, Anisa and her family were able to meet their essential nutritional needs.

""My family and I no longer fear the night. We sleep peacefully under a plastic sheet, protected from mosquitoes and harsh weather, thanks to solar lighting kits ensuring our safety,"" Anisa

Anisa’s story exemplifies how Acted and its partner, with European Commission Humanitarian Aid & Civil Protection (ECHO) funding support, has contributed to mitigating the adverse impacts of the drought, floods and conflicts. With this project we are providing life-saving assistance to over 91,705 IDPs in 70 IDP sites across Somali/land.

*names have been changed to protect privacy.",2024-01-31T11:37:24+00:00,2024-01-31T00:00:00+00:00,Somalia,Somalia,"Coordination, Shelter and Non-Food Items, Water Sanitation Hygiene",News and Press Release,ACTED,2024-01
4031934,UNHCR Somalia: Operational Update (December 2023),"**OVERVIEW**

In December, as the multifold humanitarian crisis in Somalia persisted, millions remained in need of aid. The Protection and Returns Monitoring Network (PRMN), which has been tracking internal displacement trends for the past 17 years, recorded some 86,000 internal displacements in December alone, primarily due to flooding, bringing the total number of internal displacements in 2023 to 2.9 million. Somalia is facing the brunt of climate change, despite its low greenhouse gas emissions. During the month, Deyr rains somewhat slowed, but Bulo Burte in the Hiran region was flooded when the Shabelle River broke its banks. Although many displaced households were reportedly returning to their homes, stagnant floodwaters along the riverine areas posed a health risk. The security situation in the country remained tense, with ongoing military operations to reclaim territory from the Al-Shabaab, hereafter referred to as the non-state armed group (NSAG) in Hirshabelle State, indiscriminate attacks by the NSAG in the central and southern parts of the country, political disputes over the planned election in Puntland, military buildup in Oog, near Laascaanood in Sool, and clan violence in multiple parts of the country.    

Finding durable solutions for refugees and asylum-seekers, refugee returnees, and internally displaced persons (IDPs) in collaboration with the Federal Government of Somalia (FGS), Federal Member States (FMS), and development and humanitarian partners remains one of UNHCR's top priorities in Somalia.    
Moreover, UNHCR, in collaboration with authorities and partners, continued to provide vital protection assistance to vulnerable IDPs and host communities affected by conflict, flooding, and drought. In Somalia, UNHCR leads/co-leads the Protection, Shelter, and CCCM clusters for the IDP response.    

UNHCR’s key achievements for the month of December are listed below: 

▪ As a part of its durable solutions initiative, UNHCR in Gardo, Puntland, completed the construction of 78 permanent shelters for refugees and IDPs. Likewise, in Bossaso, Puntland, UNHCR handed over 150 permanent shelters and land title deeds to IDPs.   
▪ In response to the floods, UNHCR handed over boats and life jackets to the local administrations of Beletweyne in Hiran region and Dollow in Gedo region.   
▪ UNHCR, authorities, and partners received 159 Somali refugee returnees under the Assisted Spontaneous Return (ASR) programme. The returnees have been biometrically registered and are receiving assistance to make a dignified return and reintegrate into their communities.   
▪ In Banadir, UNHCR distributed multipurpose cash assistance (1,832 HHs) and cash for NFI (1,091 HHs) to some 17,500 drought-affected IDPs.",2024-01-23T15:16:23+00:00,2024-01-23T00:00:00+00:00,Somalia,"Ethiopia, Somalia, Syrian Arab Republic, Yemen","Camp Coordination and Camp Management, Contributions, Coordination, Education, Food and Nutrition, Health, Protection and Human Rights, Shelter and Non-Food Items, Water Sanitation Hygiene",Situation Report,UNHCR,2024-01
4031080,Somalia WASH Cluster: 2023 El Niño Flood Update (As of 28th December 2023),"**OVERVIEW**

Between October and November, flash flooding from heavy Deyr precipitations and river overflows have affected approximately 2.5M people across Somalia, with Southwest State, Jubaland and Hirshabelle are the worst hit states. According to UNOCHA, an estimated 1.2M people have been displaced, and 118 deaths have been reported. The impact of the floods is likely to exacerbate already existing inequalities. Vulnerable groups, such as women, children, people with disabilities, were disproportionally affected by the floods due to their limited access and availability to social protection and coping mechanisms. The heavy rainfall has damaged or contaminated hundreds of water points across the flood affected states, destroyed or inundated several thousands of latrines, forcing a significant portion of the population to rely on unsafe water sources or practice open defecation. In addition, stagnant water poses challenges to control water-borne and vector-borne diseases. Physical access is also a major operational challenge, in hard-to-reach areas, as the main roads and bridges are inundated and/or damaged.

It is important to note that there has been a rain break for the last two weeks particularly Juba and Shabelle basins. The rivers water subsided, allowing commercial trucks and some of convoys/flights carrying humanitarian supplies to arrive in some of the flood affected areas. However, the overall response capacity is low due to limited supplies and funding for the response. The 2023 floods have shown Somalia’s high susceptibility to climate change despite contributing less than 0.03 percent of global greenhouse gas emissions. This disaster has demonstrated what this vulnerability looks like for the people of this country as the floods have disproportionately hit the poorest households in poorest areas. Improving Somalia’s resilience to shocks and stresses amidst climate change, especially for the poorest, by addressing the underlying drivers of vulnerability and building back better, is essential for the Somalia’s future",2024-01-19T14:53:05+00:00,2024-01-19T00:00:00+00:00,Somalia,Somalia,Water Sanitation Hygiene,Situation Report,"UNICEF, WASH Cluster",2024-01
4030403,KSRelief monthly bulletin: December 2023,"2023 KSrelief Aid Support Globally for Vulnerable CommunitiesTotaled USD 405 Million

Each year, KSrelief strives to increase its support for crisis-affected people around the world. Despite the large number of current global challenges to health, peace and prosperity, KSrelief continues to do its best to alleviate suffering and save lives. Since 2015, the center has provided humanitarian aid and relief in over 95 countries through 2,670 projects at a total cost of USD 6.5 billion. Millions of people have been helped by KSrelief’s global humanitarian outreach.

Food assistance from KSrelief helps to save people from starvation and malnutrition, while WASH services combat thirst-related issues and water-borne diseases. The provision of medical supplies and training helps to address all types of emergencies, and shelter support is a priority following floods, earthquakes, hurricanes and during conflicts. KSrelief also understands that effective humanitarian assistance is more than simply delivering food, medical aid and other necessities; comprehensive aid solutions also focus on enhancing the resiliency and stability of affected communities through support for education and early recovery programs.",2024-01-17T10:41:44+00:00,2024-01-17T00:00:00+00:00,Somalia,"Somalia, Saudi Arabia",Food and Nutrition,News and Press Release,"Govt. Saudi Arabia, KSRelief",2024-01
4029720,UNHCR Somalia Population Dashboard (1-31 December 2023),"In December, 85,682 new internal displacements were monitored by the UNHCR-led Protection and Returns Monitoring Network (PRMN). Drivers include conflict and insecurity (3,212), drought (3,521), floods (77,339) and others (1,610) displacements were recorded. 

PRMN recorded in Hiraan (54,813) region the highest number of internal displacements in December followed by Lower Shabelle (7,985), Middle Shabelle (4,942), Lower Juba (4,242) and Middle Shabelle (3,307) regions.",2024-01-15T10:14:04+00:00,2024-01-15T00:00:00+00:00,Somalia,"Ethiopia, Kenya, Somalia, Syrian Arab Republic, World, Yemen",Protection and Human Rights,Infographic,UNHCR,2024-01
4029707,Somalia: Internal Displacements Monitored by Protection & Return Monitoring Network (PRMN) December 2023,"The UNHCR-led PRMN implemented in partnership with NRC reported 86,000 new internal displacements in the month of December 2023. Out of these, 3,000 were caused by conflict or insecurity, 4,000 were due to drought, 77,000 were due to floods and 2,000 were displaced due to other reasons.",2024-01-15T09:05:03+00:00,2024-01-15T00:00:00+00:00,Somalia,Somalia,Protection and Human Rights,Infographic,UNHCR,2024-01
4029610,"Somalia Monthly Vegetation Conditions (NDVI), Jan 2005 - Dec 2023: Deviations from Short Term Averages",,2024-01-14T09:13:02+00:00,2023-12-31T00:00:00+00:00,Somalia,Somalia,Agriculture,Infographic,FSNAU,2024-01
4028961,"Integrated Nutrition and Mortality SMART Survey Report - Erigabo, Badhan, Dhusamareb and Dhobley Districts, Somalia (October/November 2023)","**EXECUTIVE SUMMARY**

Malnutrition is an important public health issue particularly for children under five years old who have a significantly higher risk of mortality and morbidity than well-nourished children. Maternal and child under-nutrition is prevalent in low- and middle-income countries.

CARE International has been working in Somalia since 1981. Care programs include projects in water and sanitation, sustainable pastoralist activities, civil society and media development, small-scale enterprise development, primary school education, teacher training, adult literacy, and vocational training. Most recently, CARE has broadened its work to include economic empowerment, food and nutrition security, humanitarian response, and sexual and reproductive health. CARE Somalia is currently operational in the northern regions of Puntland and Somaliland. Care work in partnership with Somali and other international aid agencies, civil society leaders, and local authorities.

The study was carried out in 4 districts (Erigavo, Badhan, Dhusamareeb, and Dhobley) using a two-stage cluster sampling methodology, where in the first stage a total of 38, 40, 38 and 39 clusters from Erigabo, Badhan, Dhusamareb and Dhobley respectively were sampled and 5 reserve clusters from each, using ENA for SMART software 20th January 2020 version, with probability proportionate to size (PPS). The second stage involved the random selection of 528, 548, 544 and 520 households from Erigabo, Badhan, Dhusamareb and Dhobley respectively using a simple random sampling method.

A total of 815, 810, 539 and 623 children from Erigabo, Badhan, Dhusamareb and Dhobley respectively were included in the sample and anthropometric indicators (Weight, Height, and MUAC) were taken. The findings indicated a very high Global Acute Malnutrition (GAM) by Weight for Height of 16.6% (13.3-20.6 95% CI) in Dhusamareeb, high levels of 14.9% (11.7-18.8 95% CI) in Dhobley and medium levels of 6.9 % (5.1 - 9.4 95% C.I.) and 8.1 % (5.7 - 11.6 95% C.I.) in Badhan and Erigavo respectively. Severe Acute Malnutrition (SAM) of 0.5 % (0.2 - 1.3 95% C.I.), 3.9 % (2.5 - 5.8 95% C.I.), 0.4 % (0.1 - 1.5 95% C.I.) and 2.5% (1.4- 4.2 95% CI) were recorded in Badhan, Dhusamareeb, Erigavo and Dhobley respectively.

The combined prevalence indicated a cGAM weight for height and MUAC of 7.4 % (5.5 - 9.8 95% C.I.), 23.0 % (17.5 - 29.5 95% C.I.), 8.5 % (5.9 - 12.1 95% C.I.) and 18.9 % (15.0 - 23.6 95% C.I.) in Badhan, Dhusamareeb, Erigavo and Dhobley respectively, and indication of low levels of GAM by MUAC in Badhan and Erigavo, and medium levels of 9.3 % (4.6 - 17.9 95% C.I.) and 9.9 % (6.1 - 15.7 95% C.I.) in Dhusamareeb and Dhobley respectively. 

The mortality findings from a 119-days recall period recorded crude death rate (CDR) of 0.12 (0.04-0.31), 0.03 (0.00-0.23), 0.32 (0.13-0.80) and 0.38 (0.19-0.80)10,000/day in Badhan, 

Dhusamareeb, Erigavo and Dhobley respectively and Under-five deaths rate of 0.10 (0.01-0.77) in Badhan. Dhusamareeb, Erigavo and Dhobley reported no cases of under five deaths. However, the rates are below the WHO thresholds of 1 person/10,000/days and 2 person/10,000/day for CDR and UDMR respectively.

In conclusion, the nutrition status in Dhusamareeb District is critical, serious in Dhobley and in alert phase in Badhan and Erigavo based on the 2023 SMART survey results. The contributing factors to high malnutrition include high morbidity, poor IYCF practices, poor hygiene practices and chronic food insecurity in Somalia among other factors.

A summary of key survey findings, key indicators and recommendations are shown in Table 1 below.",2024-01-11T06:29:14+00:00,2024-01-11T00:00:00+00:00,Somalia,Somalia,"Food and Nutrition, Health, Water Sanitation Hygiene",Assessment,CARE,2024-01
4028834,Understanding livelihood-related urban-rural connections for women from Displacement Affected Communities (DACs) in South-West State of Somalia: Mapping rural urban linkages,"**Executive Summary**

Record-breaking population displacement in South West State as a result of the 2021-23 drought and continued insecurity has led to rapid urbanization, particularly in Baidoa Town, the interim capital. Amidst concerns that too much of the rural population has left agricultural and pastoral areas and that the land is too degraded to recover its former productive capacity, and alongside uncertainty about how displaced people can generate livelihoods and incomes in their new urban context, durable solutions and resilience actors are asking: How can the existing capacities and connections of individuals and the overarching ruralurban market system be leveraged to support recovery and enable resilience?

Informed by market systems resilience mapping literature3 and guided by the objective prompting this activity, this report defines the ruralurban market system as a dynamic space that includes:

1.  the “connections and fluxes of goods, services, money, people, and information circulating between rural and urban displacement-affected communities (DACs) in Southwest State” (referred to here as the ruralurban chain) as well as
    
2.  the surrounding enabling environment, including supporting functions such as inputs and services, relationships, and rules and regulations.
    

**Methods.**

This report shares findings from exploratory, in-depth, participatory, and mixed-methods research with 39 women DACs from four self-help groups (SHGs) in Baidoa Town. It includes insights from qualitative interviews with 16 of their trade connections in urban and rural areas and 18 key informants representing government ministries, non-governmental organizations (NGOs), financial service providers, training organizations, private sector trade associations, and more. The findings are intended to be indicative to inform programming and guide future, more targeted research.

**Basics of rural urban trade in South West State.**  
Despite significant challenges related to insecurity and informal taxation, poor road infrastructure, minimal means of and resources for transportation, and limited formal financial services, Baidoa Town is well-integrated with the surrounding rural area of South West State, which hosts the country’s high- potential agro-pastoral livelihood zone. Bay and Bakool Regions, especially, are home to the country’s sorghum belt and are well known for livestock and other agricultural products, sold throughout the country and exported internationally. As a result, Baidoa Town is a major trade hub, and most of the women DACs in this study engage in microenterprise and petty trade.

What is not discussed prominently in the literature but was revealed through this study is the prevalence of trade flows moving in the opposite direction. Imported food items known locally as bagaash, clothing, and manufactured products enter the country via Mogadishu, are brought to Baidoa Town, and are then distributed throughout rural areas, where there is significant demand that is only expected to increase. While some of the women DACs’ businesses remain too small to diversify, not even earning enough to cover their families’ basic needs, members with more established businesses often sell a mix of locally produced and imported goods.

**Rural-urban market connections.**
Women DACs actively maintain connections with relatives in their rural origins—many of which are within Baidoa District and most others elsewhere in Bay or Bakool—through phone calls, visits, and the exchange of goods and money. These relationships form an important part of their financial and emotional support systems. However, the women’s primary market connections are to wholesalers in Baidoa Town, which in turn source their goods from nearby hinterland markets such as Gofgaduud and Awdiinle or more remote rural markets or suppliers. Transporters are crucial market actors, facilitating the movement of goods and people within the city and connecting it with rural areas, at least in the dry season when the generally poor road conditions are passable.

**Enabling factors.**
Several factors have allowed trade to thrive despite the seasonal nature of production, climate shock- prone environment, and other challenges that characterize the ruralurban system. In addition to physical marketplaces, where women DACs and traders go to buy and sell, engage with other market actors, exchange information, and conduct market research, the mobile phone network and mobile money transfer services greatly facilitate ruralurban trade and personal connections. Despite financial service providers’ efforts to reach vulnerable groups, availability of and access to financial services are severely limited across the whole ruralurban system. This is viewed by actors at all levels as a major constraint. However, informal credit—based on trust, loyalty, accountability, and carefully cultivated relationships—is heavily used, both by actors along value chains as well as among family and neighbors.

Several types of savings groups exist in Baidoa Town, including formal groups that have been trained by NGOs or otherwise registered formally—such as SHGs and Village Savings and Loan Associations (VSLAs)—and informal, unregistered groups created by community members, such as traditional ayutos. While this study focused on SHGs, many of these groups promote a culture of saving, enable access to savings and credit to meet emergency needs and support business investments, facilitate the development of social capital, and serve as platforms via which participants can encourage one another, share market information and business strategy, and connect one another to opportunities and suppliers. In urban areas, savings groups are fairly prevalent, but these and other trade groups are not very common in rural areas. NGOs have offered some training and capital investments through the SHGs, which has been impactful for the participating women DACs. However, more is needed, both for existing SHG members, other women DACs in urban areas, and throughout rural areas.

**Drought and humanitarian assistance.**
The 2021-23 drought has significantly impacted the ruralurban market system, depressing production, trade, purchasing power, and demand and leading to greater reliance on imported food relative to locally produced food. While many key informants suggested that the responding humanitarian assistance to this and other crises has created or perpetuated a culture of aid dependence, the women DACs participating in this study only sporadically benefitted from such assistance. Given the prioritization of sharing and mutual support within the local culture, when women DACs do receive aid, they offer as much as they can to others who are in even more dire circumstances, for instance, to family in rural areas. It is the understanding of the researchers that given the extent of need and limited total funding available, the experience of other DACs in the city may be similar. Importantly, the extent of the drought’s impact on production means that humanitarian assistance is largely propping up the whole economy. Many of the women DACs’ businesses—and those of their suppliers, transporters, etc.—are being held afloat by purchases enabled by emergency cash transfers.

**Market systems resilience capacities.**
A synthesis inspired by USAID’s Market Systems Resilience Assessment (MSRA) framework suggests that there is a divergence within most dimensions of market systems resilience capacity. For example, connectivity is constrained by the insurgency, other insecurity, and the poor road network, but other aspects are very strong, facilitated by Somali culture’s emphasis on cultivating relationships and by the mobile network. Similarly, while the system as a whole engages in bi-directional trade and traders themselves often sell goods from both the rural→urban and urban→rural chains, there is limited value addition and traders primarily sell the same common goods rather than unique products that are distinguished from others available in the market. While formal rules, regulations, and taxation are fairly limited, especially for smaller traders like the women DACs, and insecurity is a concern, most participants agreed that the informal system operates fairly well, with apparent equality and fairness and high levels of trust. Similar diverging findings were noted for the other resilience dimensions.

**Recommendations.**
To support the ruralurban system, participants suggested exploring emerging sectors like energy and peri-urban agriculture, improving basic services and production in rural areas, investigating ways to extend access to finance into rural areas, establishing and supporting collaborative business groups, exploring options for technology and digital platforms, animal re-stocking, establishing new processing businesses, improving infrastructure—especially roads and security, strengthening local municipalities, and investing in longer-term projects. Some of these could be implemented in partnership with women DACs in Baidoa Town, leveraging their rural linkages to their origin areas. For example, training, cash grants, and innovative financing could be geared toward supporting women DACs to develop or adapt their businesses to make more use of their rural connections. Training-of-trainers or other committee- based models could employed such existing SHGs could help establish new SHGs in rural locations.

To support women DACs, the following were recommended: improving financial inclusion through partnerships and sensitization of existing services; providing more training and business coaching; offering capital grants; creating platforms and networks of women DACs, SHGs, and other stakeholders vested in or who could help foster their success; creating more SHGs and other livelihood-oriented groups; creating communal jobs and farms; encouraging women to diversify the products they sell and engage in value addition/processing; improving social cohesion; and providing psychosocial support.

**The researchers also recommend the following:**
-   Given the interdependence of the entire ruralurban market system—including personal and trade relationships, the extent to which it is internally leveraged through trade credit, and its current dependence on humanitarian aid, humanitarian actors must take care in transitioning the economy back to natural market dynamics as the drought’s effects ease.
    
-   In-depth microeconomic assessments of rural areas that incorporate geospatial analysis can yield a more localized understanding of rural production. Future studies could explore yet unmapped value chains and include deep dives on peri-urban agriculture and electricity/solar.
    
-   More nuanced definitions of the term ‘rural,’ for instance accounting for geospatial considerations such as population density distributions, distance to trade hubs, road quality, and insecurity can yield more precise conversations about, and programming related to, rural areas. Greater efforts around marketing and sensitization are needed to raise awareness among women DACs about products, services, and other initiatives that have been designed for them. Recognizing that it takes time to build trust and relationships with stakeholders in this context, as well as to work with participants who are not literate and are struggling to meet their basic needs, anticipate that change may be gradual and require repeated, sustained engagement.",2024-01-10T14:19:31+00:00,2024-01-10T00:00:00+00:00,Somalia,Somalia,Recovery and Reconstruction,Analysis,NRC,2024-01
4027777,Enhancing Food and Nutrition Security in the Sahel and Horn of Africa,"SYNOPSIS 

In the Sahel and Horn of Africa, both regions facing a persistent food and nutrition crisis driven by drought and exacerbated by conflict and fragility, the World Bank is scaling up short- and long-term responses to boost food and nutrition security, and to strengthen the resilience of food systems. The Bank is taking a multisectoral approach, supporting countries with financing, technical assistance, and analytics.  

KEY HIGHLIGHTS 

1.8 million beneficiaries of food rations and food vouchers in Burkina Faso, Chad, and Mali. 

8 million people provided with food and cash assistance in Ethiopia.

3.3 million hectares of land benefitting from anti-locust assistance in Kenya, Djibouti, and Ethiopia.

1.6 million pastoralists in Djibouti, Ethiopia, Kenya, and Somalia protected from drought impacts. 

200 percent increase in households able to consume two meals/day after receiving assistance in Somalia post-2017 drought.  

The World Bank has scaled up its operational engagement to respond to food and nutrition security (FNS), with the commitment of $45 billion (existing portfolio + new lending), including $13.2 billion for West and Central Africa and $10.6 billion for East Africa.

- From April 2022 to June 2023, new FNS lending commitments In the G5 Sahel from April 2022 through June 2023 totaled $923.8 million.

- In the Horn of Africa, new FNS lending commitments from April 2022 through June 2023 totaled $1.54 billion.  

CHALLENGE 

A Mounting Crisis of Food and Nutrition Insecurity across the Continent 

The global food and nutrition crisis has been intensifying since 2014; the World Food Programme (WFP) estimates that 221 million people across 54 IDA countries are facing acutely food-insecure conditions or worse – a 71 percent increase from 2019. Food insecurity is driven by a variety of interlinked causes including instability and related population displacements, the impact of weather extremes, disrupted food systems, limited food production, barriers to regional trade, poor policy choices, and the socioeconomic fallout from the COVID-19 pandemic. In addition, the war in Ukraine has worsened the situation, leading to increased and volatile prices for food and other commodities. 

Sub-Saharan Africa is experiencing a storm of factors – a food, fuel, and fertilizer crisis exacerbated by the war in Ukraine, the economic impacts of COVID-19, rising inflation and debt, and extreme weather events resulting from climate change. It’s estimated that in G5 Sahel (Burkina Faso, Chad, Mali, Mauritania, and Niger), 10.2 million people were food insecure from June to August 2023. Out of these, more than 900,000 people were in emergency situations, and in Burkina Faso and Mali more than 45,000 people faced famine. At least 36 million people across the Horn of Africa are severely food insecure as Ethiopia, Kenya, and Somalia experience the worst drought in 40 years. In the aftermath of cyclone Freddy in 2023, Malawi and Mozambique saw the prices of food staples such as maize soar to 300 percent higher, worsening levels of food and nutrition insecurity. 

APPROACH

A Multi-sectoral Approach to Food and Nutrition Security 

The World Bank is one of the largest sources of development finance for addressing food and nutrition insecurity, committing over $60 billion in financing from 1980 until 2022, two-thirds of which come from IDA. This trend has been sustained; in April 2022 the Bank announced a comprehensive, global response to the food and nutrition security crisis, and has scaled up its operational engagement, surpassing its initial commitment of $30 billion over 15 months for global FNS response, and making $45 billion available through a combination of $22 billion in new lending and $23 billion from its existing portfolio.

The Bank is scaling up short- and long-term responses in four areas to boost FNS, reduce risks, and strengthen food systems: (i) supporting food production and producers with an emphasis on climate resilience, nutritional values, and the inclusion of small farmers and farm workers; (ii) facilitating increased trade in food and agricultural inputs, with support for resilient supply chains; (iii) supporting vulnerable households through social protection programs and essential health and nutrition services, and (iv) investing in sustainable food and nutrition security - reducing food losses, improving food safety and hygiene in distribution channels, and better linking production and consumption centers. 

To achieve this, the Bank works across sectors to provide financing, technical assistance, and analytics like rapid country diagnostics and data-based monitoring instruments. IDA financing can be used to both support countries short term food security and to invest in the resilience of the food systems, ensuring food security in the long term. For example, two IDA interventions, the West Africa Food System Resilience Program (FSRP) and the FSRP for Eastern and Southern Africa, support 14 countries, 1 continental and 5 regional organizations with $2.4 billion increasing the resilience of the food systems. Almost 9.35 million direct beneficiaries, including farmers (with a focus on women and youth), small-scale processors, and agricultural medium, small, and micro-enterprises (MSMEs), will benefit from the FSRPs and it is planned that the financial and geographical scope of the programs will be widened.

To respond quickly to the emerging food crisis in the G5 Sahel, the World Bank has provided $ 422.5 million for emergency measures. This financing was available through three mechanisms, the activation of the Contingent Emergency Response Components (CERC) of WB projects, the deployment of new resources through the Crisis Response Window’s Early Response Financing (CRW ERF) and the reallocation of resources within existing projects. The Bank has activated CERCs in four key projects that have provided a total of $82 million of rapid assistance to vulnerable populations, including two projects in Chad (the Climate Resilience Agriculture and Productivity Enhancement Project and the Rural Mobility and Connectivity Project) and one project each in Mali (the Mali Drylands Project) and Niger (the Agriculture and Livestock Transformation project). Moreover, additional resources to respond to crises were provided to three projects with a total financing of $323 million, including $125 million from CRW ERF resources. These include Burkina Faso’s Emergency Local Development and Resilience Project, and Niger’s Regional Sahel Pastoralism Support Project II. In Niger, $17.5 million of the Climate Smart Agriculture Support project were reallocated to financed emergency measures. 

RESULTS 

Regional Solutions to Rapidly-evolving Crises

In the G5 Sahel, IDA19/IDA20 have reached almost 5 million beneficiaries through CERCs, CRW ERF and reallocation. In 2022, food vouchers covering four months of basic food needs supported 153,000 households (700,000 people) in Mali through the Mali Drylands Development Project. In Niger, 295,000 households received 9,000 tons of improved seeds and cassava cuttings through the Agriculture and Livestock Transformation and the Climate-Smart Agriculture Support Projects, and 73,500 people, including 32,500 women, were provided with temporary jobs. In Burkina Faso, cash transfers supported 500,000 food insecure people during the lean season.

In the Horn of Africa in 2020, the Bank funded the regional Emergency Locust Response Program (ELRP) in response to the biggest locust upsurge in 30 years, which destroyed crops and grazing land in many parts of the region, significantly affecting incomes and food security. The ELRP takes a multiphase Programmatic Approach, to support Ethiopia, Djibouti, Kenya, Somalia, South Sudan, and the Intergovernmental Authority on Development (IDAD) in increasing control and surveillance of new pest outbreaks, restoring livelihoods for vulnerable households and affected communities, and creating a framework for response to such outbreaks in the future. ELRP contributed significantly to swarm surveillance by financing operations on over 10 million hectares of land. It financed ground and aerial locust control on over 530,000 hectares across Djibouti, Ethiopia, and Kenya alone.

In Kenya, 1.5 million farmers, more than 55 percent of them women, are being provided with input, extension services, digital climate advisory services and market access through the Kenya Climate Smart Agriculture Project and the National Agriculture Rural Inclusive Growth Project to boost their productivity and enhance their food security, climate resilience and access to markets. More than 500,000 of the most vulnerable households in Somalia have been reached with cash transfers, water, livestock feeds, animal health, and farm inputs under the Shock Responsive Safety Net for Locust Response Project, the Urban Resilience Project and the Water for Agro-pastoral Productivity and Resilience Project. In Uganda, the Agriculture Cluster Development Project’s e-voucher scheme has enabled over 450,000 farm households to access and use improved agro-inputs resulting in higher farm yields and enhanced food security.

In Ethiopia, the ongoing Lowlands Livelihood Resilience Project is improving the resilience of the livelihoods of pastoral and agro-pastoral communities, and has provided support to 1.45 million people, provided over 500,000 pastoralists and agro-pastoral farmers with agricultural services and assets, has covered close to 300,000 hectares with sustainable land management practices, and has played a critical role in responding to the severe drought that affected the country in 2022.

In response to the same crisis, Somalia provided emergency cash transfers through the country’s national safety net program to over 250,000 households, while South Sudan distributed vegetable kits and tools to vulnerable households to benefit 11,050 households with farm inputs for dry season vegetable production, and distributed cash transfers to about 20,000 households. A labor-intensive Public Works program is under implementation, with 166 sub-projects, ranging from tree nursery establishment, pods collections, clearance of access roads, to land reclamation, soil and water management, and constructions of dikes benefiting 30,786 households and 12,000 ha of affected crop production land area restored to productivity. The desert locust upsurge was declared over as of March 2022.

In the Horn of Africa (HOA), a medium-term program with an estimated cost of $16 billion is improving food and nutrition security by enhancing regional infrastructure networks and trade and economic integration. Economic corridors, identified as a key area for support, account for 57 percent of the program, with coordinated corridor projects in different countries. For example, the $750 million HOA Gateway Development Project aims to benefit 3.2 million people in Northeast Kenya. In Ethiopia, which ranks third globally in its severely food-insecure population, the Bank provided for 8 million food-insecure people annually through the Ethiopia Strengthening Adaptive Safety Net Project (SEASN) in food and cash assistance. Up to $897 million in financing has been provided in the country’s portfolio to address food insecurity, and a reallocation of $121 million for immediate response to a recent drought in the South and East is assisting 7 million people affected through short-term food and cash.

PARTNERSHIPS   

Collaborating for Impact on the Ground 

The World Bank is working with a diverse range of partners along the humanitarian-development-peace nexus to bring together complementary strengths to enhance food and nutrition security crisis response and preparedness at the global, regional, and country level. The World Bank is co-lead of the Global Alliance on Food Security (GAFS), which brings together over 60 multilateral and bilateral partners – including governments, UN agencies, international organizations, and civil society organizations to help improve coordination of policy and financial response to the crisis and advance resilience-building.

In Africa the Bank is working directly with continental, regional and sub-regional organizations, such as the African Union (AU), the Intergovernmental Authority on Development (IGAD), Economic Community of West African States (ECOWAS), the Permanent Interstate Committee for Drought Control in the Sahel (CILSS), and the West and Central African Council for Agricultural Research and Development (CORAF). The FSRPs, for example, directly strengthen the capacity of these existing African organizations. Another program focusing on enhancing the capacity of African institutions is the Accelerating Impacts of CGIAR Climate Research for Africa (AICCRA), a program aiming to scale up agriculture science and innovation for a climate-resilient future in Africa.

At the country level, the Bank is developing Food Security Crisis Preparedness Plans (FSCPPs) together with key partners on the ground, including WFP, the Food and Agriculture Organization (FAO), United Nations International Children's Emergency Fund (UNICEF), United Nations Office for the Coordination of Humanitarian Affairs (UNOCHA) and International Committee of the Red Cross (ICRC) in countries receiving support through the CRW ERF. It is also working in 17 countries in partnership with FAO, International Food Policy Research Institute (IFPRI), Meridian Institute, Just Rural Transition, and others to support transformational changes in agricultural policies towards achievement of resilient agri-food systems. 

It also partners with key actors around the humanitarian, development, and peacebuilding nexus in IDA FCS, as conflict and crisis can also be drivers of food insecurity. On nutrition, the World Bank’s institutions are founding partners of the Scaling Up Nutrition movement,  with strong ties to bilateral partners, civil society, foundations, and United Nations agencies. 

LOOKING AHEAD 

A Pipeline of Support for Food Security 

The 2023 Roadmap for evolving the World Bank’s mission, operations, and resources emphasizes the impact of climate change on labor productivity, agricultural yields, water availability, natural disaster risks, and migration, particularly for poorer countries. These factors are already exacerbating the food security challenge in client countries. Food and Nutrition Security has been identified as one of eight global challenges for the World Bank to focus on. To meet this challenge, and to help break the cycle of food and nutrition insecurity by 2030, the World Bank is launching a Global Challenge Program on Food and Nutrition Security, focusing on (i) strengthening food stability, availability, utilization, and access; and (ii) establishing and enhancing crisis preparedness, early warning, and early action systems at country, regional, and global levels. Among other goals, the World Bank will increasingly work to improve sustainable food and nutrition security impacts of countries’ public spending and to mobilize more private investment in sustainable and resilient food systems.",2024-01-04T20:24:39+00:00,2024-01-04T00:00:00+00:00,Somalia,"Burkina Faso, Chad, Djibouti, Ethiopia, Kenya, Mali, Niger, Somalia","Agriculture, Disaster Management, Food and Nutrition",News and Press Release,World Bank,2024-01
4041802,Somalia's humanitarian crisis demands immediate action and funding to avert hunger,"**Mogadishu, Somalia, February 27-** Catastrophic climate change coupled with conflict has pushed over [four million Somalis](https://www.ipcinfo.org/ipc-country-analysis/details-map/en/c/1156834/?iso3=SOM) into severe hunger. Currently, one in five Somalis has no access to adequate food; 1.7 million children face acute malnutrition, their young lives hanging in the balance. Meanwhile, the 2024 [Humanitarian Response Plan](https://fts.unocha.org/plans/1180/summary) (HRP) is only 1.6% funded as of 27th February, leaving the most vulnerable without a lifeline. 

In 2023, Somalia was at the cusp of a famine. Five consecutive failed rain seasons followed by extreme flooding left [6.9 million](https://reliefweb.int/report/somalia/somalia-2024-humanitarian-needs-and-response-plan-hnrp-summary) people in need. The country witnessed unprecedented levels of displacement that saw 2.9 million people leave their homes in search of food and water. All the while, the 2023 HRP which was $2.6B, was only [44.5% funded](https://fts.unocha.org/plans/1133/summary) by the end of the year.

""CARE-supported health facilities continue to see an influx of children and mothers who are seeking treatment for malnutrition, especially among displaced communities. If we do not scale up humanitarian support in Somalia, we will see these numbers rising again,” she added.

At the same time, funding has also significantly reduced with the Somalia Humanitarian Plan witnessing a [50% reduction](https://reliefweb.int/report/somalia/somalia-2024-humanitarian-needs-and-response-plan-hnrp-summary) in funding between 2021 and 2023. With humanitarian needs globally [forecast to increase](https://www.unocha.org/news/launching-2024-global-appeal-un-relief-chief-spotlights-need-reconfirm-humanity), there are fears that funding in Somalia’s HRP will further reduce. 

Maryam\*, a mother receiving support for her child who was malnourished, expressed: “I have five children and my husband does not earn enough for us to get three meals per day. We had to leave our home due to the recent drought. We now rely on the food that we receive at this health facility to survive. Despite this, our children rarely get enough to eat.” 

Since late 2023 and extending into early 2024, devastating floods wreaked havoc on agricultural lands, decimating vital crops and sweeping away livestock—the cornerstone of many Somali families' livelihoods. This dual blow has exacerbated an already dire situation, with soaring food prices persisting well beyond the typical five-year average.

""The urgency of the situation in Somalia cannot be overstated. Lives hang in the balance as resources dwindle in the face of escalating needs. We implore governments and international donors to swiftly step up with crucial funding and support,"" said Ummy Dubow, expressing her concern. 

**CARE's work in Somalia**

CARE is working alongside strategic partners in Somalia by providing support to the health system so that it can cope with the number of malnourished children and mothers. In the displaced communities, CARE is also providing unconditional and multi-purpose cash assistance for families who are either faced with food insecurity and/or displaced to buy food and as well meet their basic needs. 

*Name changed to protect the respective identity.  

For media inquiries, please contact Iolanda Jaquemet, Senior Humanitarian Communications Coordinator, CARE International via: jaquemet@careinternational.org",2024-02-27T18:40:05+00:00,2024-02-27T00:00:00+00:00,Somalia,Somalia,"Food and Nutrition, Health",News and Press Release,CARE,2024-02
4041114,Somalia: Internal Displacements Monitored by Protection & Return Monitoring Network (PRMN) January 2024,"The UNHCR-led PRMN implemented in partnership with NRC reported 13,000 new internal displacements in the month of January 2024. Out of these, 6,000 were caused by conflict or insecurity, 0 displacement were due to drought, 7,000 were due to floods and 0 were displaced due to other reasons.",2024-02-25T08:46:12+00:00,2024-02-25T00:00:00+00:00,Somalia,Somalia,Protection and Human Rights,Infographic,UNHCR,2024-02
4039803,"Somalia Monthly Rainfall Performance, Jan 2005 - Jan 2024: Deviations from Short Term Averages",,2024-02-20T19:09:29+00:00,2024-02-20T00:00:00+00:00,Somalia,Somalia,Agriculture,Infographic,FSNAU,2024-02
4051150,e-IDSR Weekly Epidemiological Bulletin: Epi-Week 7 (13th Feb – 19th Feb 2024),"**Key Highlights during this epi-week 7**

- During epi-week 7, a total of 378 (92.4%) out of 409 health facilities submitted their weekly surveillance reports, the reporting rate is above the expected rate of 80%

- A total of 4,518 suspected of epidemic alerts were reported from 378 health facilities in DHIS2. Among those reported 376 suspected cases of AWD/Cholera, acute jaundice syndrome (0), AEFI (10), bloody diarrhea/shigellosis (318), measles (358), meningitis (11), whooping cough (88), COVID-19 (0), ILI (1463), SARI (1051), typhoid (586), diphtheria (20), and neonatal tetanus (2).

- During Epi week 6, from both national and state public health laboratories tested 92 alerts of which 11 AWD/cholera cases were positive, 19 measles cases were positive. And 226 of malaria cases were confirmed with RDT and microscopic.

- Currently, there are two active outbreaks in the country and they are AWD/cholera and measles.",2024-02-19T00:00:00+00:00,2024-02-19T00:00:00+00:00,Somalia,Somalia,Health,Situation Report,"Govt. Somalia, WHO",2024-02
4041059,e-IDSR Weekly Epidemiological Bulletin: Epi-Week 6 (5th Feb - 12th Feb 2024),"**Key Highlights during this epi-week 6**

- During epi-week 6, a total of 378 (92.4%) out of 409 health facilities submitted their weekly surveillance reports, there is 1.4% (5) increase in the reporting rate compared to previous week.

- A total of 4,699 suspected of epidemic alerts were reported from 378 health facilities in DHIS2. Among those reported 429 suspected cases of AWD/Cholera, acute jaundice syndrome (6), AEFI (0), bloody diarrhea/shigellosis (418), measles (470), meningitis (7), whooping cough (99), COVID19 (0), ILI (1710), SARI (1023), typhoid (520), diphtheria (15), and neonatal tetanus (2).

- During Epi week 6, from both national and state public health laboratories tested 95 alerts of which 37 AWD/cholera cases were positive, 33 measles cases were positive. And 200 of malaria cases were confirmed with RDT and microscopic.

- Currently, there are two active outbreaks in the country, and they are AWD/cholera and measles.",2024-02-24T11:22:12+00:00,2024-02-24T00:00:00+00:00,Somalia,Somalia,Health,Situation Report,Govt. Somalia,2024-02
4034828,Somalia Health Cluster Humanitarian Response Monitoring Dashboard - As of December 2023,"**Overview**

Somalia is currently experiencing floods resulting from the heavy Deyr rainy season that started in October 2023. The floods have so far affected 2.5 million people, of which 1.2 million were displaced, 118 people died  and led to destruction of farmland and infrastructure. An increased incidence of water and vector borne diseases, specifically Acute Watery Diarrhoea/Cholera, Malaria and Dengue Fever are reported. Nearly 3.7 million people - 22 per cent of the population - are experiencing acute food insecurity, including 2.8 million in emergency (IPC 3) and 919,000 in catastrophe (IPC 4). 1.5 million children under 5 are facing acute malnutrition. 

Health cluster partners are working closely with the Ministry of Health, with support from the Somalia Disaster Management Agency at the federal level and the Ministry of Humanitarian Affairs and Disaster Management at the state level to scale up humanitarian response activities targeting flood affected communities¹. Health Cluster partners reached  approximately 4.4M people with services through 57 partners. The response activities include outpatient services, routine immunizations, safe deliveries for pregnant women, antenatal care, child health and nutrition services, mental health and psychosocial services, clinical management of rape & trauma consultation.",2024-02-02T08:13:44+00:00,2024-01-14T00:00:00+00:00,Somalia,Somalia,Health,Infographic,"Health Cluster, WHO",2024-02
4034595,"e-IDSR Weekly Epidemiological Bulletin: Epi-Week 3 (15 - 21 Jan, 2024)","**Key Highlights during this epi-week 3**

1. 93% (386 out of 414) of health facilities submitted their weekly surveillance summary reports. This rate is the same as epi week 2’s rate of 93%. This is above the expected completeness rate of 80%.

2. Completeness of reporting is the highest in Hirshabelle State (98%) whereas the lowest report rate in this week is in the Galmudug State (87%) – The Completeness rates are the number of expected facilities reporting to e-IDSR Weekly report and actual report we received in this week.

3. Suspected cases were reported for AWD/Cholera (612), Acute jaundice syndrome (5), AEFI (1), Dysentery (368), Measles (332), Meningitis (12), Whooping Cough (124), COVID19 (8), ILI (1487), SARI (1152), Ty-phoid (480), Diphtheria (15), and Neonatal tetanus (2), and Confirmed cases of Malaria (296).

4. Currently, there are 2 confirmed disease outbreaks (AWD/Cholera, and Measles). In this regard all the suspected and confirmed cases were reported from the following administrative regions: AWD/Cholera (Bay, Banadir, Gedo, Lower Juba, Lower Shabelle, Middle Shabelle Regions), and Measles (Bakool, Bay,  
Banadir, Galgaduud, Gedo, Hiiraan, Mudug, Lower Juba, Lower Shabelle and Middle Shabelle regions).

5. During week 3, the public health laboratories at both national and state levels reported 6 confirmed cases of Cholera.",2024-02-01T13:17:40+00:00,2024-02-01T00:00:00+00:00,Somalia,Somalia,Health,Situation Report,Govt. Somalia,2024-02
4032546,e-IDSR Weekly Epidemiological Bulletin: Epi-Week 2 (8 - 14 Jan 2024),"**Key Highlights during this epi-week 2**

1. 93% (384 out of 414) of health facilities submitted their weekly surveillance summary reports. This has increased from 92% for epi-week 1. This is above the expected completeness rate of 80%. 

2. Completeness of reporting is the highest in Southwest State (98%) whereas the lowest report rate in this week is in the Galmudug State (85%) – The Completeness rates are the number of expected facilities reporting to e-IDSR Weekly report and actual report we received in this week. 

3. Suspected cases were reported for AWD/Cholera (733), Acute jaundice syndrome (7), Dysentery (416), Measles (305), Meningitis (3), Whooping Cough (115), ILI (1580), SARI (1097), Typhoid (510), and Diphtheria (18), and Confirmed cases of Malaria (249). 

4. Currently, there are 2 confirmed disease outbreaks (AWD/Cholera, and Measles). In this regard all the suspected and confirmed cases were reported from the following administrative regions: AWD/Cholera (Bay, Banadir, Gedo, Lower Juba, Lower Shabelle, Middle Shabelle Regions), and Measles (Bakool, Bay, Banadir, Galgaduud, Gedo, Hiiraan, Mudug, Lower Juba, Lower Shabelle and Middle Shabelle regions). 

5. During week 2, the public health laboratories at both national and state levels reported 50 confirmed cases of measles, 21 confirmed cases of Cholera.",2024-01-25T09:32:28+00:00,2024-01-14T00:00:00+00:00,Somalia,Somalia,Health,Situation Report,Govt. Somalia,2024-01
4032541,"e-IDSR Weekly Epidemiological Bulletin: Epi-Week 1 (1 - 7 Jan, 2024)","**Key Highlights during this epi-week 1**

1. 92% (379 out of 414) of health facilities submitted their weekly surveillance summary reports. This has increased from 87% for epi-week 51. This is above the expected completeness rate of 80%. 

2. Completeness of reporting is the highest in Southwest State (98%) whereas the lowest report rate in this week is in the Puntland State (83%) – The Completeness rates are the number of expected facilities reporting to e-IDSR Weekly report and actual report we received in this week. 

3. Suspected cases were reported for AWD/Cholera (879), Acute jaundice syndrome (6), AEFI (1), Dysentery (354), Measles (289), Meningitis (4), COVID19 (8), Whooping Cough (104), ILI (1372), SARI (1159), Typhoid (437), Diphtheria (36), and Neonatal Tetanus (3), and Confirmed cases of Malaria (286). 

4. Currently, there are 2 confirmed disease outbreaks (AWD/Cholera, and Measles). In this regard all the suspected and confirmed cases were reported from the following administrative regions: AWD/Cholera (Bay, Banadir, Gedo, Lower Juba, Lower Shabelle, Middle Shabelle Regions), and Measles (Bakool, Bay, Banadir, Galgaduud, Gedo, Hiiraan, Mudug, Lower Juba, Lower Shabelle and Middle Shabelle regions). 

5. During week 1, the public health laboratories at both national and state levels reported 26 confirmed cases of Rotavirus, 23 confirmed cases of measles, 8 confirmed cases of Cholera.",2024-01-07T00:00:00+00:00,2024-01-07T00:00:00+00:00,Somalia,Somalia,Health,Situation Report,Govt. Somalia,2024-01
4031886,"Somalia National Health Cluster Meeting (18th, Jan 2024, 10:00 am to 12:00 noon) [Meeting minutes]","**Discussions**

1. Welcome Remarks and Introductions: Issack Jamaa, Health Cluster Co-Coordinator. -Introduction of new cluster team members -Opening Remarks by Mr. Mohamed Mohamud Adow, Director of Health Emergencies, FMoH

2. OCHA Update on Area Based Coordination and Integrated Response Framework: OCHA

3. Current Epidemiological update-WHO 

4. Cluster Coordination Performance Monitoring: Health Cluster 

5. Health Cluster 2023 reach and targets for 2024: Health Cluster 

6. Polio Campaign update: WHO 

7. AoB: Health Cluster mailing list and subscription",2024-01-23T12:36:54+00:00,2024-01-18T00:00:00+00:00,Somalia,Somalia,"Coordination, Health, Water Sanitation Hygiene",Other,"Health Cluster, WHO",2024-01
4031805,EPI watch: Epidemiological Bulletin For epidemic-prone diseases in Somalia for epidemiological Week 48-49 of 2023 (27 November-10 December 2023),"**Current situation**

Somalia is emerging from a risk of famine which was projected in 2022, following the five consecutive failed rainy seasons - a climatic event not seen in four decades. The famine has been averted through the collaborative efforts of national authorities, communities, humanitarian partners, and with better-than-expected Gu rainfall performance. Despite the scaled-up implementation of response activities, the situation remains critical. As of September 2023, nearly 3.7 million people – 22 per cent of the population - are acutely food insecure, a reduction from 6.6 million in April 2023. The number of people experiencing emergency food insecurity has reduced by 34% from 4.3 million March 2023 to 2.8 million as of September 2023. An estimated 1.5 million children under 5 face acute malnutrition, including 331 000 who are severely malnourished. According to the United Nations Office for the Coordination of Humanitarian Affairs (OCHA), in Somalia, the dyer rains have intensified with heavy rains reported across Somalia affecting 2.4 million people, displacing 1.2 million, people and led to deaths of 118 people in addition to destruction of destruction of property and food crops in field particularly in in Puntland, Galmudug, Southwest, Hirshabelle and Jubaland states. Humanitarian partners are working closely with the Government, through the Somalia Disaster Management Agency at the federal level and the Ministry of Humanitarian Affairs and Disaster Management at the state level to scale up implementation of humanitarian response activities.",2024-01-23T09:43:53+00:00,2024-01-23T00:00:00+00:00,Somalia,Somalia,"Food and Nutrition, Health, Water Sanitation Hygiene",Situation Report,WHO,2024-01
4040627,Somalia - WFP Joint Markets and Supply Chain Update | 11 Jan – 17 Feb 2024,"**HIGHLIGHTS**

**Prices:** Compared to the previous week, market prices for both food and non\-food commodities displayed mixed trends across the states, with the exception of Mogadishu and Somaliland, where prices were mostly stable. 

The prices of local cereals either remained stable or depicted declining trends across the states, except for the price of red sorghum, which increased by 7% in Galmudug. Prices of white maize decreased minimally in Puntland by 3% and in Hirshabelle by 2%. Similarly, red sorghum price also decreased significantly by 9% in Southwest. These declines in prices are likely linked to the intro-duction of new stocks from the producing areas. 

The prices of imported food items such as rice, wheat flour, pasta, sugar, and vegetable oil either maintained stability or experienced price reductions in Mogadishu, Hirshabelle, Somaliland, and Jubaland. This reflects improvements in logistical infrastructure, particularly post\-floods, which bolstered the supply chain. However, prices of rice and wheat flour increased by 3\-8% in Galmudug, Puntland, and Southwest. 

Camel milk prices went down by 6% in the Southwest due to ample market supplies, while goat prices surged by 8% in Galmudug, and 3% each in Puntland and Southwest, mainly attributed to reduced market supply. Wage labor rates showed mixed trends mainly due to variances in the de-mand across states. 

Diesel prices increased by 6% in Galmudug and 1% in Somaliland, likely influenced by supply chain challenges arising from the Red Sea crisis. Exchange rates remained steady across Somalia during this period.

**Availability:** Overall, the markets had sufficient supplies to meet the demands of households. In\-stances of scarcity and stockout of some essential food commodities were noted in isolated mar\-ket places in Southwest and Puntland, at markets such as Baidoa and Iskushuban. 

Assortment: The markets maintained vibrancy, offering diverse varieties of commodity brands and quantities, and demonstrated resilience in most marketplaces. Nonetheless, Hirshabelle and Gal-mudug continued experiencing some vegetable stockouts at marketplaces such as Cadale and Ca-dado. Additionally, markets in Southwest and Puntland experienced scarcity of a variety of fruits and vegetables, specifically at Baidoa, Iskushuban and Qandala. 

**Quality:** Commodity quality was reported as generally good in all states throughout the country. 

**Resilience:** The flow of commodities remained stable or showed slight changes nationwide. Mar-kets affected by floods in Hirshabelle, Southwest, and Jubaland continued demonstrating resilience through the consistent supply of goods to local markets, ensuring an ample availability of commod-ities.

**Logistics:** The main roads and corridors were accessible, except in areas where heavy rainfall had caused blockages or damage to supply routes, or due to security issues, such as Mogadishu\-Jala-laqsi\-Jowhar, Caynabo\-Laas Caanood, Burco\-Laas Caanood, Baidoa\-Buur Hakaba\-Garbaraarey, and Barawe\-Marka corridor.",2024-02-22T21:28:45+00:00,2024-02-22T00:00:00+00:00,Somalia,Somalia,"Food and Nutrition, Logistics and Telecommunications",Situation Report,WFP,2024-02
4039502,"Somalia Cash Working Group Meeting Minutes, 22 June 2023","*(Excerpt)*

**Meeting Agenda:**

1\. CWG Updates

• Results of CWG work stream mapping – Cash partner’s participation.

• Results of Mapping exercise of cash partner’s presence at the SN Level.

• Incoming Core CVA training – Sep 2023- In partnership with CALP and WFP.

• Review of transfer value methodology by CWG (TWG).

• Updates on meeting with MOLSA and world bank.

2\. JMMI Q2 preliminary findings, next step and strategy for JMMI: By:
Mohamed HUSSEIN, Reach- Initiative.

3\. Price monitoring/ Joint Market Monitoring Initiatives (JMMI) – Moving Forward – By: Mohamed HUSSEIN, REACH-INITIATIVE.

4\. Cash Partners 3W’s reporting- setting a standard timeline.

5\. AOB",2024-02-20T05:26:49+00:00,2023-06-22T00:00:00+00:00,Somalia,Somalia,Coordination,Other,"Concern, WFP",2024-02
4037591,Somalia Cash Dashboard 2023,"The snapshot below represents the cash and vouchers assistance (CVA) reported to the Somalia Cash Working Group and individual clusters on a monthly basis. The snapshot makes a distinction between CVA supporting sectoral objectives (cash use by different clusters) and assistance covering multiple needs (multi-purpose cash assistance – MPCA), and safety nets cash which includes shock responsive safety nets.

**[Somalia Cash Dashboard 2023](https://analytics.wfp.org/t/Public/views/Dashboard2023/SOMALIACASHDASHBOARD2023?%3Aembed=y&%3AisGuestRedirectFromVizportal=y)**",2024-02-13T06:24:03+00:00,2024-02-13T00:00:00+00:00,Somalia,Somalia,Coordination,Infographic,WFP,2024-02
4037366,"Somalia Multipurpose Cash Assistance (MPCA) 5Ws reporting template, January 2024",,2024-02-12T13:43:07+00:00,2024-02-12T00:00:00+00:00,Somalia,Somalia,Coordination,Other,"Concern, WFP",2024-02
4037348,Somalia Cash Working Group (CWG) - Capacity Building Plan 2023-24 (NCWG and SNCWG),,2024-02-12T13:23:39+00:00,2024-02-12T00:00:00+00:00,Somalia,Somalia,Coordination,Other,"Concern, WFP",2024-02
4033235,"WFP Somalia Country Brief, December 2023","**In Numbers** 

3.2 million people assisted in December.  

USD 19.3 million assistance delivered via cash-based transfers in December. 

3,293 mt of in-kind food assistance distributed in December.  

USD 362.2 million net funding requirements across all activities for the next six months (January 2024 – June 2024).  

**Situation Update** 

Hunger and malnutrition continue to remain high in Somalia: 4.3 million people face crisis-level or worse food insecurity between October and December 2023, with a million facing emergency-level hunger. 1.5 million children under five are estimated to suffer from acute malnutrition in 2023 with 331,000 children likely to face lifethreatening severe acute malnutrition. The devastating El Niño-induced floods – which affected 2.4 million people and displaced over a million – have added to the burden of drought recovery and prolonged conflict in Somalia. The floods have also partially or completely damaged 220 schools and curtailed schoolchildren’s access to education. Impacts of floods on livelihoods have been equally disastrous with an estimated 160,000 animals lost and 60,000 farms damaged in Jubaland State alone. Reduced rainfall and receding river water levels are contributing to a decline in flood risk, gradual return of displaced people to their homes and stabilization of food supply chains and local markets, facilitated by improved road access.",2024-01-28T20:35:00+00:00,2024-01-28T00:00:00+00:00,Somalia,Somalia,"Agriculture, Contributions, Education, Food and Nutrition, Gender, Recovery and Reconstruction, Water Sanitation Hygiene",Situation Report,WFP,2024-01
4028818,Somalia - WFP Joint Markets and Supply Chain Update | 31 Dec 2023 – 06 Jan 2024,"**HIGHLIGHTS**

Prices: In the markets of Somaliland and Mogadishu, the prices of monitored goods, including food and non-food items, remained stable; in the other states, most commodities showed mixed trends. While in Jubaland and the Southwest, all commodities had either a stable or a decrease in price. For Puntland, Galmudug, and Hirshabelle, even though most commodities show a price decrease, some products had an increase (maize, red sorghum, sugar, and vegetable oil in Galmudug and red sorghum, rice, and vegetable oil in Puntland, and sugar in Hirshabelle by 1-4%).  
Jubaland and the Southwest are the only states with a decrease in their products. Both states reflect a decrease in almost all commodities except for an increase in camel milk by 2% in the Southwest. This can be attributed to the supply caused by the pastoralists' changing proximity to the markets.  

The majority of commodity price drops can be traced to continued restoration of supply routes due to easing road conditions. These improvements made it easier for commodities to be transported to markets, filling the void left by floods that disrupted their movement.  

Wage labour rates remained stable for the whole country except for a decrease in Puntland and the Southwest by 1% and 4%, respectively. Diesel prices decreased by 1-4% in the Southwest, Puntland, and Jubaland while remaining stable in the rest of the country.  

Availability: Overall, the markets had sufficient supplies to meet the demands of households across the country. Some levels of scarcity of some essential food commodities were observed in isolated marketplaces such as Kismaayo, Afmadow, Badhaadhe, Afgooye, Cadale, Laasqoray, Baidoa (Baydhaba).  

Assortment: Markets remained vibrant with a variety of commodity brands and quantities and reported to be resilient in most marketplaces. However, reduced stocks were noted for some brands in a few localized markets in Afgooye, Afmadow, Kismaayo, Badhaadhe, Laasqoray, Baidoa (Baydhaba) and Cadale. There was a stockout of a few vegetables/fruits in Cadale and Galkacyo.  

Quality: Commodity quality was generally good in all states throughout the country.  

Resilience: Commodity flow were either stable or mildly changed in Somaliland, Puntland and Galmudug regions. In the regions of Hirshabelle, Southwest, and Jubaland, particularly in Gedo, Lower Juba, and Middle Juba, where the rivers have experienced flooding, ongoing challenges persist. Nevertheless, an increase in resilience has been observed as evidenced by the consistent provision of goods to the local markets.  

Logistics: The main roads and corridors were accessible, except in areas where heavy rainfall caused blockages on supply routes such as Mogadishu-Jowhar-Jalalaqsi, MogadishuBuur Hakaba-Baidoa, and the Kismaayo-Afmadow-Qooqaani-Dhobley corridor. It was also reported difficulty to access the corridors of Belet Weyne-Cadaado, Baidoa-Baardheere, and Baraawe-Jilib. The border between Doolow (Somalia) and Dollow Ado (Ethiopia) continued being accessible.",2024-01-10T13:44:52+00:00,2024-01-10T00:00:00+00:00,Somalia,Somalia,"Food and Nutrition, Logistics and Telecommunications",Situation Report,WFP,2024-01
4029716,UNHCR Somalia: Refugees and asylum seekers (31 December 2023),"As of 31 December 2023 , Somalia is hosting 38,269 refugees and asylum-seekers, among which 67% are women and children. The majority of refugees and asylum-seekers 66% are from Ethiopia, followed by Yemen 29%, Syria 4% and other countries 1%.

74% refugees and asylum-seekers reside in urban or peri-urban settings across Woqooyi Galbeed and Bari regions, in the northern part of the country.",2024-01-15T10:04:21+00:00,2024-01-07T00:00:00+00:00,Somalia,"Ethiopia, Somalia, Syrian Arab Republic, United Republic of Tanzania, World, Yemen",Protection and Human Rights,Infographic,UNHCR,2024-01
4029703,Somalia: Refugee returnees (31 December 2023),"Data presented in this report relates to returnees arriving in Somalia between January 2020 and October 2023. This figure includes Voluntary Repatriation from Kenya (923) and Assisted Spontaneous Returns (ASR) from Yemen (951)

Since December 2014, UNHCR has supported 93,721 Somali refugees to return to Somalia. Additionally, approximately 42,984 Somalis were monitored as arriving spontaneously from Yemen since March 2015",2024-01-15T09:02:53+00:00,2024-01-15T00:00:00+00:00,Somalia,"Kenya, Somalia, World, Yemen",Protection and Human Rights,Infographic,UNHCR,2024-01
4041112,UNHCR Somalia: Protection Risks by Region (October - December 2023),,2024-02-25T08:38:50+00:00,2024-02-25T00:00:00+00:00,Somalia,Somalia,"Gender, Mine Action, Protection and Human Rights",Infographic,UNHCR,2024-02
4031738,Somalia: Humanitarian Country Team: Inter-Cluster Coordination Group (ICCG) (18 Jan 2024) [Presentation],"*[Excerpt]*

**Area of coverage**

- Set up of an A-HCG is based on needs and operational requirements in the area /region/ location.

- It is regular or ad-hoc basis.

- Reports to SICCGs 

- National NGOs co-chair/shadow co-lead 

- Purpose: Coordinate humanitarian response in a district/ region/ location",2024-01-23T06:49:16+00:00,2024-01-18T00:00:00+00:00,Somalia,Somalia,Coordination,Other,OCHA,2024-01
4035293,Somalia Humanitarian Fund (SHF) Operational Manual: Annex 6 Capacity Assessment Q&A (20 June 2023),"**Key points** 

- The Somalia Humanitarian Fund (SHF) capacity assessment is one of the three preconditions for partners to be able to apply for the SHF funding.

- The assessed and eligible SHF partners do not automatically receive SHF funding.

- Partners who were not assessed by the SHF or did not pass the SHF capacity assessment can still submit projects to the Humanitarian Response Plan, be the implementing partners of organizations that receive SHF funding or receive funding from other donors.

- For further details on the process see the SHF Operational Manual (2023), section 5.

**What is the purpose of SHF capacity assessments?**

Capacity assessments of non-governmental organizations (NGOs) are aimed at determining whether an NGO has sufficient institutional, managerial, financial and technical capacity and expertise to receive funding from the SHF and implement projects.

Having passed the SHF capacity assessment is a precondition for an NGO to receive direct funding from the Fund. The assessment provides the minimum assurance that the partner will be able to deliver urgent humanitarian assistance to intended beneficiaries and be accountable for the use of SHF funds and UN assets.

The results of capacity assessments also help determine, together with other accountability tools, the most suitable disbursement and monitoring schedule, programmatic and financial reporting requirements, and auditing plan for an NGO.

**Can all interested NGOs have their capacity assessed by OCHA?**

No, it is not possible for OCHA to assess the capacity of all NGOs in Somalia. Due to considerable cost of capacity assessments, they are conducted for a limited number of partners only.
The overall objective of the process is to ensure that the SHF has enough partners with the necessary capacity to support an effective humanitarian response across Somalia.",2024-02-05T06:31:52+00:00,2023-06-20T00:00:00+00:00,Somalia,Somalia,Humanitarian Financing,Manual and Guideline,OCHA,2024-02
4031431,Somalia launches electronic immunization registry in latest leap of innovation,"16 January 2024, Mogadishu, Somalia -- An electronic immunization registry is set to help increase and streamline immunization coverage in Somalia, with a special focus on children who are new to immunization, defaulters, zero-dose status or underimmunized. WHO Somalia, in collaboration with the United States Agency for International Development, has supported the Federal Ministry of Health to develop and launch the digital platform.

The immunization registry consists of tools that can be used to help monitor individual immunization schedules and store individual immunization histories. As such, using the platform and its tools can help enhance the performance of the Expanded Programme on Immunization (EPI), in terms of both coverage and efficiency.

Somalia is currently managing to reach 720 000 children aged under 1 year through its routine immunization programme. Another 3.6 million children aged under 5 years are reached through special campaigns in hard-to-reach areas or via mobile teams able to help people on the move catch up with missed vaccinations.

Somalia has thus far been using paper-based registration at the individual immunization centres at primary health units, with the data then sent to DHIS2, the open-source digital database. Paper-based data and vaccination cards cannot be used, however, to track and trace children who are missed or overlooked, or whose caregivers fail to bring them for routine vaccination due to financial hardship or any number of other reasons.

""This registry will help develop individual data for each child, with a unique ID, and will be available on the system all across the country. No matter where the family has moved, they can still go to any nearby immunization centre and get their child the required vaccine, without getting a duplicate registry or missing out the previous record of immunization administered to child anywhere in the country,"" explained Dr Muhammad Farid, the focal person for WHO Somalia's Expanded prorgamme on immunization (EPI) programme.

WHO Somalia helped to develop the electronic immunization registry at the request of the Federal Ministry of Health. The country office was able to pursue this latest leap of innovation with the support of its globally recognized partner, the HISP Centre at the University of Oslo, which manages the DHIS2 project.

Previously, from August 2020 to August 2021, WHO Somalia and the HISP Centre had supported the Ministry to review and revise all data elements, indicators and data collection tools for DHIS2. This exercise helped to update Somalia's DHIS2 platform by adding new indicators, data elements and forms on a government-owned server.

The revised DHIS2 platform has now, finally, helped to unify data relating to EPI; nutrition; the Integrated Diseases Surveillance and Response System; and HIV, tuberculosis and other health conditions.

""We are delighted that after helping us to update the DHIS2 platform, WHO has helped us to conduct training of trainers and, eventually, cascade these trainings to help the Ministry of Health, state, regional and district data officers get hands-on training sessions on the new data collection tools, data entry on the new platform, and get familiarized with the new features such as maps, data visualization and data validation rules,"" observed Mohammad Abdullahi, the Federal Ministry of Health focal point for Somalia's Health Management Information System.

**For more information, please contact:**

Fouzia Bano, Communications Officer, WHO Somalia\
Email: <banof@who.int>

Saeed Ahmed, Reporting/External Relations Officer, WHO Somalia\
Email: <saeahmned@who.int>",2024-01-22T09:59:50+00:00,2024-01-16T00:00:00+00:00,Somalia,Somalia,Health,News and Press Release,WHO,2024-01
4033214,"Under Secretary-General Khare Commends Somalia’s Resilience, Pledges Continued UNSOS Support","Mogadishu - Wrapping up his three-day solidarity visit to Somalia, UN Under Secretary-General Atul Khare highlighted the significant role played by the United Nations Support Office in Somalia (UNSOS), noting that the future role of the UN logistical support body in Somalia will be determined as part of the post-2024 discussions on security arrangements in Somalia and a decision by the Security Council.  

Khare underscored UNSOS's support for the African Union Transition Mission in Somalia (ATMIS) and Somali Security Forces (SSF) and expressed optimism for Somalia’s future. ATMIS is scheduled to exit Somalia in December. 

""We have great hopes for Somalia, and I am confident they will build on the achievements made so far and reach even more milestones. We will stand side by side with them and assist them on this journey.""

Khare said during the Somali Security conference in December 2023 in New York, the Somali President Hassan Sheikh Mohamud laid out his vision for Somalia's security sector as the country prepares to take over full security responsibilities from ATMIS. In alignment with the President's vision, UNSOS was looking into effective ways to build Somalia's capacity and provide operational support to Somali security forces.

Regarding the potential extension of UNSOS beyond the ATMIS drawdown, Khare emphasised that the decision rests with the Member States, contingent on the implementation plan and the extent of operational support required. 

UNSOS has been actively supporting the Federal Government of Somalia in enhancing the capabilities of the Somali National Army, Somali Police Force, and civilians in critical fields such as civil aviation, supply chain management, medical triage, and medical evacuation. Over the past year, over 500 Somali nationals have received training from UNSOS in various fields.

Through the UNSOS administered Somalia Trust Fund, the UN body has provided non-lethal logistical support to the Somali Security Forces engaged in joint or coordinated operations with ATMIS troops. This support includes delivering logistics such as food rations, fuel, communication equipment, tents, and lifesaving air medical evacuation.

Mr. Khare acknowledged international partners contributing to the Trust Fund, including the United Kingdom (the largest donor) and the United States. However, he stressed the need for additional funding to support more Somali security forces.

""I call upon all UN Member States to contribute to this Trust Fund. This is security for the future to enable the Somali Security Forces to take over full responsibilities,"" urged Mr. Khare in his appeal. 

In accordance with UN Security Council Resolution 2710 (2023), UNSOS was expected to increase the number of Somali security forces supported from the Somalia Trust Fund from 15,900 to 18,900 starting November of the previous year. However, resource shortfalls in the UNSOS-administered Trust Fund have hindered this scaling up.

During his visit, Mr. Khare held discussions with Somalia Prime Minister Hamza Abdi Barre, the National Security Advisor Hussein Sheikh Ali, Head of the African Union Transition Mission in Somalia (ATMIS), Ambassador Mohamed El-Amine Souef, and the leadership of the United Nations field missions in Somalia.

The Under Secretary- General also held meetings with the Commander of the UN Guard Unit Lt. Col. Peter Omeja, Movcon and Aviation section staff as well as UNSOS Section Chiefs before wrapping up the visit with a town hall meeting with UN staff in Somalia.",2024-01-28T09:01:52+00:00,2024-01-28T00:00:00+00:00,Somalia,Somalia,Peacekeeping and Peacebuilding,News and Press Release,UNSOS,2024-01
4032589,UK contributes £5 million to the UNSOS Trust Fund in support of Somali Security Forces,"**Mogadishu** – The United Kingdom has donated £5 million to the United Nations Support Office in Somalia (UNSOS) as contribution towards the Trust Fund established to support the Somali Security Forces (SSF) engaged in joint or coordinated operations with the African Union Transition Mission in Somalia (ATMIS) against Al-Shabaab.

In a statement on Wednesday, the British Embassy in Somalia noted the funding will be used to provide support to the SSF including rations, communication equipment, field defence stores, tents and medical evacuation (medevac) assistance.

Through the Trust Fund, UNSOS provides non-lethal logistical support to SSF. Presently, UNSOS supports 14,900 Somali National Army (SNA) and 1,000 Somali Police Force (SPF) personnel in joint or coordinated operations with (ATMIS) forces with the intention to increase support to 18,900 SSF, per Security Council mandate.

The statement of the United Kingdom highlights that continued logistical support to Somali troops not only contributes to counter-terrorism efforts but also further develops the capabilities of the SSF. This is particularly important as the African Union peacekeeping mission gradually transfers security responsibilities to the SSF ahead of its exit.

**“This latest round of support from the UK will make a vital difference to Somali Security Forces who are working tirelessly to defeat violent extremists like Al-Shabaab and restore stability in Somalia and the region,”** said Mike Nithavrianakis, the British Ambassador to Somalia.

Ambassador Nithavrianakis pledged that the UK would continue to work closely with the Federal Government of Somalia and other partners to ensure a safe and secure future for the Somali people.

The Head of UNSOS, Assistant Secretary-General Dr. Aisa Kirabo Kacyira, expressed gratitude to the UK for the continued support, which has bolstered SSF’s capabilities. She highlighted the UK as a central and dedicated donor to the UNSOS-administered Trust Fund supporting the logistical priorities of the SSF.

Dr. Kacyira reaffirmed UNSOS’s commitment to providing essential logistical support to the Federal Government of Somalia, supporting its endeavors to establish a stable and secure Somalia.

The Commander of the Somalia National Armed Forces, Maj. Gen. Ibrahim Sheikh Muhudin, welcomed the announcement of this additional contribution from the UK. He outlined the importance of consistent support during the transition period as SSF take over FOBs from ATMIS whilst conducting offensive operations against Al-Shabaab.

**“We welcome the trust placed in the Somali Security Forces, including the Somalia National Army, and the practical support to peace and security in Somalia,”** said Maj. Gen. Ibrahim Sheikh Muhyadin.

The UK is a leading contributor to the UNSOS Trust Fund alongside other partners who have contributed to the fund in recent years (including Sweden, United States, Phillipines, Qatar and Italy). The latest UK funding follows a £5 million contribution in December 2023. Since 2022 the UK has provided over £20 million in voluntary contributions to UNSOS in support of SSF.",2024-01-25T11:18:26+00:00,2024-01-25T00:00:00+00:00,Somalia,"Somalia, United Kingdom of Great Britain and Northern Ireland","Contributions, Peacekeeping and Peacebuilding",News and Press Release,UNSOS,2024-01
4029385,UN condemns deadly mortar attack on Aden Adde International Airport area,"Mogadishu – The United Nations in Somalia strongly condemns a mortar attack which killed a member of the UN Guard Unit on Thursday.

“The UN Guard Unit plays an integral role in ensuring the safety and security of UN staff working in support of Somali peace- and state-building. We condemn this act of violence, and our thoughts are with the family and colleagues of the victim during this difficult time,” said the UN Secretary-General’s Special Representative for Somalia, Catriona Laing.

A number of mortar rounds landed inside the Aden Adde International Airport area, in which the UN Compound is located, on Thursday night. In addition to the death of a UN Guard Unit member, the mortar rounds damaged infrastructure. Al-Shabaab has reportedly claimed responsibility for the attack.

The UN in Somalia calls for those responsible to be brought to justice, and remains committed to supporting the people and government of Somalia in their efforts to build peace and stability in the country.",2024-01-12T13:12:04+00:00,2024-01-12T00:00:00+00:00,Somalia,Somalia,Protection and Human Rights,News and Press Release,UNSOM,2024-01
4030001,Somalia: Flood-proof latrines constructed in flood affected communities in the IDP camps,"The recent rains that hit Somalia in October and November 2023 have impacted Somalia heavily, causing flash and riverine flooding. These torrential rains destroyed roads, bridges, farmland, and basic infrastructures. In particular, water infrastructures, increasing the gap existing in access to safe water, hygiene supplies and sanitation services (OCHA). Unsafe water and poor sanitation can lead to the emergence of waterborne diseases within the affected communities.

***According to the WASH Cluster in Somalia, 730 water points have been inundated and 8.5K latrines have been damaged.***

Acted, in partnership with IMPACT Initiatives, Social-Life and Agricultural Development Organization (SADO), Gargaar Relief Development Organization (GREDO), and Marginalized Communities Advocacy Network (MCAN), has been conducting a BHA/USAID-funded project “Providing Dynamic, Targeted and Informed Assistance for Integrated Life-saving Support to Households Most Affected by Drought and Conflict in Somalia project” between May 2023 and April 2024. This 12 months  project aims to provide targeted, dynamic and informed assistance for integrated life-saving support to 95000+ households affected by drought and conflict in Somalia, both to prevent and mitigate the impact of displacement, including in hard-to-reach areas​ through a set of activities under Humanitarian Coordination Information Management and Assessment (HCIMA) ​, Multipurpose-Cash Assistance (MPCA)​, Food Assistance (FA)​, and Water, Sanitation & Hygiene (WASH)​ sectors.

As part of its El Niño Response Plan, Acted has started to implement activities to anticipate and respond to the heavy rains and floods that have affected over 2.5 million people across Somalia, according to the Somalia Disaster Management Agency (SODMA). [\[1\]](https://www.acted.org/en/somalia-flood-proof-latrines-constructed-in-flood-affected-communities-in-the-idp-camps/#_ftn1)

Indeed, a joint pre-flood assessment carried out on October 2023 by Acted and its partner SADO revealed that 76% of the 67 assessed IDP sites in Kismayo, Jubaland are at risk of flooding due to their low-lying locations near rivers. These sites were poorly equipped with sanitation facilities, threatening internally displaced people and host communities with waterborne diseases due to the El-Niño floods. [\[2\]](https://www.acted.org/en/somalia-flood-proof-latrines-constructed-in-flood-affected-communities-in-the-idp-camps/#_ftn2)

**WASH promotion as a key element for displaced communities in Jubaland**

With the support of BHA/USAID, Acted, in partnership with SADO, is addressing the urgent sanitation needs of the flood-affected communities in Jubaland by providing lifesaving support. Through the construction of 370 gender disaggregated latrines, equipped with solar lighting and handwashing facilities, a vital step has been taken to mitigate the looming threat of waterborne diseases among displaced families. These latrines have been specifically built to resist floodwater, ensuring resilience against natural disasters. Almost 3000 households living in the IDP sites of four districts (Kismayo, Baardheere, Dhoobley and Luuq) in Jubaland are now equipped with safe and private spaces, which improved sanitation and hygiene among the displaced communities.

**Hussein’s Story**

Hussein Muktar* is a 45-year-old man living in Dulcade IDP camp in Kismayo. Hussein fled from rural areas after recurrent flood affected his family. He had to move to Kismayo and is now settled in Dulcade IDP camp. He lost his house, his livestock and his source of income and had no access to livelihoods.

On September 2023, Hussein arrived at Dulcade IDP camp, one of the IDP camps hosting displaced people in Kismayo. He faced a lack of proper sanitation facilities that forced him and his family to practice open defecation, which can cause serious health problems. Hussein was thus worried about the health of his family and the risk of waterborne disease outbreaks like cholera and acute watery diarrhea (AWD).

To mitigate the risk of waterborne diseases and anticipate El-Nino floods impact, Acted constructed flood-protected latrines in October 2023 in the IDP sites including the camp where Hussein lives. These latrines will have a lasting impact, as they are designed to withstand the shock of future floods without breaking and keep the communities safe and healthy during floods, and after the floods.

""I will no longer worry about my family's health and dignity, as we have access to clean and separate toilets, and we feel more comfortable and secure now"" - HUSSEIN SAID DURING THE INTERVIEW

Thanks to Acted and BHA/USAID support, Hussein and his family were able to meet urgent sanitation and hygiene needs. This construction of flood-proof latrines led by Acted enabled them to recover dignity and mitigate water waterborne disease outbreaks. Thousands of IDPs residents are in the same situation than Hussein and his family and have benefited from flood protected latrines. Thanks to the 12 months project funded by BHA/USAID, the risk of waterborne diseases was reduced and the dignity of the people living in these camps was restored.

Overflowing latrines during flood leads to serious health risk to communities: contaminated water may infiltrate surface or groundwater sources, and if population use the surface-water as source of water, it can bring to waterborne diseases. Also, normal latrines can easily be damaged by floods. 

Flood protected latrines: include elevating latrines or lining latrine pits to reduce waste infiltration.

[\[1\]](https://www.acted.org/en/somalia-flood-proof-latrines-constructed-in-flood-affected-communities-in-the-idp-camps/#_ftnref1) https://reliefweb.int/report/somalia/somalia-situation-report-11-dec-2023

[\[2\]](https://www.acted.org/en/somalia-flood-proof-latrines-constructed-in-flood-affected-communities-in-the-idp-camps/#_ftnref2) [https://reliefweb.int/report/somalia/pre-flood-assessment-report-kismayo-baardheere-luuq-and-jamame-districts-jubaland-somalia](https://reliefweb.int/report/somalia/pre-flood-assessment-report-kismayo-baardheere-luuq-and-jamame-districts-jubaland-somalia)

\* *The name has been changed to protect the identity of the beneficiary.*",2024-01-16T08:14:30+00:00,2024-01-16T00:00:00+00:00,Somalia,Somalia,Water Sanitation Hygiene,News and Press Release,ACTED,2024-01
4029667,"Rapid Multi-sectoral Needs Assessment of populations affected by Deyr flooding - Doolow District, Somalia December 2023","**Key Highlights**

- In the surveyed sites, majority identified Shelter as priority need for flood-affected men, women, and children. In addition, In-kind assistance (NFIs) and Multipurpose cash transfers were as reported for women and men while children identified Education services and Milk.

- Mosquito net was also reported as an urgent non-food item (NFI) requirement in 16 out of 20 sites.

- Borrowing/debt was reported as the primary source of food in 16 out of 20 sites, although there was a considerable number of sites, 9 out of 20, that reported distance to the local market could be more than 6 hours after flooding.

- Additionally, there have been intermittent shortages of food items at nearby markets, along with significant price hikes for staple food commodities.

- In 9 out of 20 sites, open defecation was reported as the prevailing practice for using latrines, which increases the risk of disease outbreaks such as Cholera.

- Due to the damage caused by the flooding, health facilities have been adversely affected, leading to an increased demand for health services in 15 out of 20 sites. Limited medical outreach services further exacerbate the situation.

**Overview**

Heavy rains in Doolow District in October, November and December of 2023 caused significant flooding in several parts of Doolow town and the surrounding areas, in Jubaland state of Somalia. The rains mark the beginning of the Deyr (October to December) rainy season in the country, expected to have above-normal rains and flooding due to the influence of the El Niño conditions.

According to SoDMA, at least 2.48 million people have been affected with 1.1 million displaced and 118 killed in the entire country. ([UNOCHA](https://reports.unocha.org/en/country/somalia/)) Humanitarian partners have stepped up to meet increased needs despite logistical, access and funding challenges, reaching at least 836,000 people with assistance since October. ([UNOCHA](https://reports.unocha.org/en/country/somalia/)) Most of the displaced people have moved to higher ground, closer to their settlements.",2024-01-15T05:45:47+00:00,2024-01-15T00:00:00+00:00,Somalia,Somalia,"Education, Food and Nutrition, Gender, Health, Protection and Human Rights, Shelter and Non-Food Items, Water Sanitation Hygiene",Assessment,iMMAP Inc.,2024-01
4029666,"Rapid Multi-sectoral Needs Assessment of populations affected by Deyr flooding - Buur Hakaba District, Somalia December 2023","**Key Highlights**

- In the surveyed sites, the majority identified shelter as a priority need for flood-affected men, women, and children. In addition, in-kind assistance (NFIs) and multipurpose cash transfers were reported for women and men while children identified education services and milk.

- Mosquito net was also reported as an urgent non-food item (NFI) requirement in 9 out of 16 sites.

- Borrowing/debt was reported as the primary source of food in 13 out of 16 sites although there was a considerable number of sites, 13 out of 16, that reported distance to the local market could last between 1-3 hours after flooding.

- Additionally, there have been intermittent shortages of food items at nearby markets, along with significant price hikes for staple food commodities.

- In 7 out of 16 sites, open defecation was reported as the prevailing practice for using latrines, which increases the risk of disease outbreaks such as Cholera.

- Due to the damage caused by the flooding, health facilities have been adversely affected, leading to an increased demand for health services in 12 out of 16 sites. Limited medical outreach services further exacerbate the situation.

**Overview**

Heavy rains in Buur Hakaba District in October, November and December of 2023 caused significant flooding in several parts of Buur Hakaba town and the surrounding areas, in the Southwest state of Somalia. The rains mark the beginning of the Deyr (October to December) rainy season in the country, expected to have above-normal rains and flooding due to the influence of the El Niño conditions.

According to SoDMA, at least 2.48 million people have been affected with 1.1 million displaced and 118 killed in the entire country. ([UNOCHA](https://reports.unocha.org/en/country/somalia/))

Humanitarian partners have stepped up to meet increased needs despite logistical, access and funding challenges, reaching at least 836,000 people with assistance since October. The majority of the displaced people have moved to higher ground, closer to their settlements.",2024-01-15T05:43:48+00:00,2024-01-15T00:00:00+00:00,Somalia,Somalia,"Education, Food and Nutrition, Gender, Health, Protection and Human Rights, Shelter and Non-Food Items, Water Sanitation Hygiene",Assessment,iMMAP Inc.,2024-01
4028456,"Rapid Multi-sectoral Needs Assessment of populations affected by Deyr flooding - Bu’aale District, Somalia December 2023","• In the sites surveyed, the majority of flood-affected men, women and children identified shelter as a priority need.  
In addition, women and men reported in-kind assistance, non-food items (NFIs), healthcare services and multipurpose cash transfers, while children mentioned nutritional screenings & milk.

• Mosquito nets were also reported as an urgent NFI requirement in 7 out of 7 sites.

• Stockholding was reported as the primary source of food in 6 out of 7 sites but in 4 out of 7 sites the local market was reported to at a 3-6hours walking distance after flooding. In addition, there were intermittent food shortages in nearby markets, as well as drastic price rises for staple foods.

• 7/7 sites reported that open defecation is the main practice for latrine use among flood-affected people.

• Health facilities have been damaged by the flood, leading to increased demand for health services in 7 out of 7 sites, while medical outreach services are scarce.

**Overview**

Heavy rains in Bu’aale district in October, November and December 2023 have caused significant flooding in several parts of Bu’aale town and surrounding areas, in the state of Jubaland, Somalia. The rains mark the beginning of the Deyr rainy season (October to December), which is expected to have above-normal rainfall and flooding due to the influence of El Niño conditions.

According to SoDMA, at least 2.48 million people have been affected, with 1.1 million displaced and 118 killed across the country.* Humanitarian partners have stepped up to meet increased needs despite logistical, access and funding challenges, providing aid to at least 836,000 people since October.* Most displaced people have moved to higher ground, closer to their settlements.",2024-01-09T13:13:43+00:00,2024-01-09T00:00:00+00:00,Somalia,Somalia,"Education, Food and Nutrition, Gender, Health, Protection and Human Rights, Shelter and Non-Food Items, Water Sanitation Hygiene",Assessment,iMMAP Inc.,2024-01
4028407,"Rapid Multi-sectoral Needs Assessment of populations affected by Deyr flooding - Afgooye District, Somalia December 2023","• In the surveyed sites, majority identified shelters as priority need for flood-affected men, women, and children. In addition, healthcare and multipurpose cash transfers were as reported for women and men, while children identified education services.

• Mosquito nets was also reported as an urgent non-food item (NFI) requirement in 23 out of 27 sites.

• Humanitarian food and/or cash assistance were reported as the primary source of food in 19 out of 27 sites although there was a considerable number of sites. 22 out of 27 reported that the local market travel could last between 1-3 hours after the flood.

• Additionally, there have been sporadic availability of food items at nearby markets, along with exorbitant prices for staple foods.

• In 20 out of 27 sites, open defecation was reported as the prevailing practice for using latrines, which increases the risk of disease outbreaks such as Cholera.

• Due to the damage caused by the flooding, health facilities have been adversely affected, leading to an increased demand for health services in 24 out of 27 sites. Limited medical outreach services further exacerbate the situation. 

**Overview**

Heavy rains in Afgooye district in October, November & December of 2023 caused significant flooding in several parts of Afgooye town and the surrounding areas, in the Southwest state of Somalia. The rains mark the beginning of the Deyr (October to December) rainy season in the country, expected to have abovenormal rains and flooding due to the influence of the El Niño conditions.  
According to SoDMA, at least 2.48 million people have been affected with 1.1 million displaced and 118 killed in the entire country. ([UNOCHA](https://reports.unocha.org/en/country/somalia/))  
Humanitarian partners have stepped up to meet increased needs despite logistical, access and funding challenges, reaching at least 836,000 people with assistance since October. ([UNOCHA](https://reports.unocha.org/en/country/somalia/)) The majority of the displaced people have moved to higher ground, closer to their settlements.",2024-01-09T10:54:30+00:00,2024-01-09T00:00:00+00:00,Somalia,Somalia,"Education, Food and Nutrition, Gender, Health, Protection and Human Rights, Shelter and Non-Food Items, Water Sanitation Hygiene",Assessment,iMMAP Inc.,2024-01
4028213,"Rapid Multi-sectoral Needs Assessment of populations affected by Deyr flooding - Luuq District, Somalia December 2023","• In the surveyed sites, majority identified Shelter as priority need for flood-affected men, women, and children. In addition, In-kind assistance (NFIs) and Multipurpose cash transfers were as reported for women and men while children identified nutrition treatment.

• Mosquito nets was also reported as an urgent non-food item (NFI) requirement in 23 out of 34 sites.

• Local markets and Borrowing/debt were reported as the primary source of food in 27 sites (out of 34) although there was a considerable number of sites 25 out of 34 sites that reported distance to the local market could last between 1-3 hours after flooding. Additionally, compared to the prices before the flooding, 31 out of the 34 sites reported significant price increases for the main food commodities, while 11 out of 34 sites reported slight increase.

• In 19 out of 34 sites, open defecation was reported as the prevailing practice for using latrines, which increases the risk of disease outbreaks such as cholera.

• Due to the damage caused by the flooding, health facilities have been adversely affected, leading to an increased demand for health services in 27 out of 34 sites. Limited medical outreach services further exacerbate the situation",2024-01-08T14:01:51+00:00,2024-01-08T00:00:00+00:00,Somalia,Somalia,"Food and Nutrition, Shelter and Non-Food Items, Water Sanitation Hygiene",Assessment,iMMAP Inc.,2024-01
4035006,Diaspora Humanitarian Engagement in Somalia,"*DEMAC launches a New Report on ""Diaspora Humanitarian Engagement in Somalia.”*

**A Real-Time Study from July to November 2023: Understanding Somali Diasporas’ Response**

*Somali diasporas play a critical role in responding to humanitarian emergencies across the country. This Real-Time Review is designed to shed light on the specific operational modalities employed by Somali diaspora organizations (DOs) and their strengths and challenges as humanitarian actors. The report shares current insights into the Somali diaspora response to the most recent flooding during the Gu rainy season and conflict in Jubaland in 2023.*

*A total of 86 Somali diaspora organizations with headquarters spanning 13 countries were mapped through diverse online search platforms and consultation with diaspora members and organizations. Further insights were obtained from qualitative interviews with 23 key informants including DO representatives, stakeholders, and local community representatives.* 

**Challenges from lack of diverse funding**

*A major challenge emphasized by KIs was the lack of institutional funding DOs receive. Most Dos still rely exclusively on diaspora contributions, and the few Dos that receive support from institutional actors emphasized challenges in obtaining these funds. The ability to fundraise directly from the diaspora enables quick mobilization in response to specific needs but it does not usually allow for activities to be carried out at the scale or consistency that international donor funding would. This often limits the DOs’ ability to plan longer-term, sustainable humanitarian interventions, retain staff, or invest in organizational development initiatives.*

This report was made possible with the support from USAID – Burau of Humanitarian Assistance and IOM.",2024-02-02T15:41:31+00:00,2024-01-31T00:00:00+00:00,Somalia,Somalia,"Coordination, Humanitarian Financing",Analysis,DEMAC,2024-02
4035063,"ATMIS completes phase Two drawdown - Seven Military Bases transferred to the Government of Somalia, two others closed","**Mogadishu, 2 February 2024** – The African Union Transition Mission in Somalia (ATMIS), with logistical support from the United Nations Support Office in Somalia (UNSOS), has completed Phase Two drawdown, which involved reducing the troop count by 3000 soldiers. ATMIS transferred seven Forward Operating Bases (FOBs) to the Federal Government of Somalia (FGS) and closed two others.  

The FOBs transferred include State House and Parliament from ATMIS Uganda People’s Defence Forces in Sector One; Bio Cadale, Raga Ceel, and Qorillow from ATMIS Burundi National Defence Forces in Sector Five; Burahache from ATMIS Kenya Defence Forces in Sector Two; and Old Airport from ATMIS Ethiopia National Defence Forces in Sector Six. The FOBs in Sarille and Old Kismayo Airport, were closed - both were from ATMIS Kenya Defence Forces in Sector Six and Two respectively.  

At an official ceremony in Mogadishu, the African Union Special Representative for Somalia and Head of ATMIS, Ambassador Mohamed El-Amine Souef, and Somalia’s National Security Advisor, Hussein Sheikh Ali, signed the Land Release Title Agreement. This agreement marks the official transfer of control from ATMIS to the Federal Government of Somalia.  

The OIC Head of UNSOS, Qurat-ul-Ain Sadozai, signed the Gifting Certificate for UN-owned equipment within the FOBs to the FGS. UNSOS is gifting Generators, Solar panels, and Water treatment plants and handing over the FOBs in working condition. In addition, UNSOS has also committed to providing technical training for Somalia Security Forces designated by the government, to ensure the sustainable operation and maintenance of the equipment.  

The African Union Commission Director for Conflict Management in the Political Affairs, Peace, and Security Department, Dr. Alhadji Sarjoh Bah, acknowledged the considerable strides made by Somalia in bolstering its security. He commended Somali security forces for their bravery and dedication to combating Al-Shabaab, while also recognizing their primary responsibilities in the country’s progress.
  
He reaffirmed the African Union's unwavering commitment to Somalia’s Transition process, emphasizing that the African Union stands ready to support ongoing efforts towards achieving lasting peace, security, and stability.  

Somalia’s National Security Advisor, Hussein Sheikh-Ali, thanked the African Union,  United Nations and international partners for their sacrifice and dedication in pursuit of peace and security in Somalia.

“We thank the African Union for your sacrifices to Somalia. To the international community and partners, we thank you for standing with us in the fight to keep our country safe and secure. I want to assure the public that this drawdown is real, and it is happening. ATMIS is ending and we are progressing towards a future where Somalia’s safety and security will be self-sustained, without ATMIS,” said the National Security Advisor

The OIC Head of UNSOS, Qurat-Ul-Ain Sadozai, reaffirmed UNSOS commitment to supporting ATMIS and the FGS throughout the transition process. She highlighted the successful handover of the FOBs and commended the partnership between ATMIS, FGS and UNSOS while pledging continued support and collaboration. 

“As UNSOS, our commitment to supporting both ATMIS and the FGS remains steadfast. We stand ready to support Phase Three of the drawdown and provide the needed logistical support,” said the OIC Head of UNSOS.  

The Force Commander for ATMIS, Lt. Gen. Sam Okiding, lauded the exceptional teamwork by the Drawdown Tripartite Committee – ATMIS, FGS and UNSOS for successfully completing both Phase One and Two. 

“Our collective efforts have been significant to drawing down a total of 5000 troops in both Phase One and Two. We will soon start preparations for the next phase, Phase Three, to reduce our numbers by 4000 troops in June. I am confident in our continued success based on our united and cohesive approach. For us, failure is not an option,"" Lt. Gen. Okiding emphasized.  

**Ends**

**For more information please contact:**  
Snr. Communications Officer or Force Spokesperson  
Ms. Gifty Bingley or Lt. Col Said Mwachinalo, Email: atmismediacenter@au-atmis.org  
Cell phone: (Somalia) +252 617 682 175/+252 613 665 356; (Nairobi) +254 722 586 005 Web: atmis-au.org  
Follow Us: [Facebook](https://www.facebook.com/atmis.somalia?_rdc=1&_rdr) | [Twitter](https://twitter.com/ATMIS_Somalia) | [Instagram](https://www.instagram.com/atmis.somalia/) | [YouTube](https://www.youtube.com/channel/UCmFjQr9t7YHnCJjZqRflDBw)",2024-02-02T17:40:39+00:00,2024-02-02T00:00:00+00:00,Somalia,Somalia,Peacekeeping and Peacebuilding,News and Press Release,ATMIS,2024-02
4036565,Sector Commanders discuss Somalia security ahead of next stage of ATMIS drawdown,"**NR No:** 004/2024   
**Date:** 08 February 2024 

**Mogadishu, 8 February 2024 –** Top military commanders from the African Union Transition Mission in Somalia (ATMIS), have concluded a four-day conference to map out strategies for the final offensive operations against Al Shabaab and plan for the next phase of the drawdown of an additional 4,000 troops in June, ahead of ATMIS’ exit from Somalia.

The discussions at the Sector Commanders conference focused on the political situation in Somalia, security threats assessment, conduct and impact of Phase 1 and Phase 2 drawdowns, reconfiguration capabilities for offensive operations, environmental protection, and management, and the post-ATMIS security posture.

“This meeting is taking place at a very critical time. We will take into consideration the recommendations you make in the outcomes of the conference. You have done a very good job during Phase One and Two and I am sure that Phase Three will also be concluded successfully,” said the African Union Special Representative for Somalia and Head of ATMIS, Ambassador Mohamed El-Amine Souef, in his opening remarks at the meeting held at the ATMIS Force Headquarters in Mogadishu.

Ambassador Souef emphasised the magnitude of the monumental task ahead of the Phase Three drawdown and urged the ATMIS military commanders to work closely with the Somali Security Forces (SSF), to ensure the safety and protection of civilians during the transition period.

ATMIS withdrew 5,000 troops and handed over 13 military bases to the Somali Security Forces during the first and second phases of the drawdown.

“We are now moving into the most critical stage of the mission because by June we are going to draw down additional troops and you have to take into consideration force protection. It’s not easy, but we must surmount the challenges by remaining on the maximum alert during the transition period,” added Ambassador Souef.

The ATMIS Force Commander Lt Gen. Sam Okiding chaired the sessions assisted by Maj. Gen Peter Kimani Muteti, the Deputy Force Commander in charge of Support and Logistics and Maj Gen. Marius Ngendabanka, the Deputy Force Commander in charge of Operations and Plans.

“We have deliberated on a wide range of issues. We examined Somalia’s security situation and put into consideration the current Al-Shabaab posture as well as our mandate and the post-ATMIS security situation,” said Lt. Gen. Okiding at the close of the conference attended by all Sector Commanders from the six ATMIS Areas of Responsibility (AoRs).

The sector commanders conference is held every quarter to plan the Mission’s security priorities in implementation of the Concept of Operations (CONOPS), a document that alongside the Somali Transition Plan, provides a roadmap on military operations against the Al-Shabaab and the gradual transfer of security responsibilities to SSF.

Ends

**For more information please contact:**  

Snr. Communications Officer or Force Spokesperson  
Ms. Gifty Bingley or Lt. Col Said Mwachinalo, Email: atmismediacenter@au-atmis.org           
Cell phone: (Somalia) +252 617 682 175/+252 613 665 356; (Nairobi) +254 722 586 005                    
Web: atmis-au.org | Follow Us: [Facebook](https://web.facebook.com/atmis.somalia) | [Twitter] 
(https://twitter.com/ATMIS_Somalia) | [Instagram](https://www.instagram.com/atmis.somalia/) | [YouTube](https://www.youtube.com/channel/UCmFjQr9t7YHnCJjZqRflDBw)",2024-02-08T15:11:53+00:00,2024-02-08T00:00:00+00:00,Somalia,Somalia,"Peacekeeping and Peacebuilding, Protection and Human Rights",News and Press Release,ATMIS,2024-02
4038972,Somalia: Supplementary National Immunization Days (SNIDs) January 2024 [Presentation],"**Epidemiological Situation: cVDPV2 outbreak epidemiology**

Longest ongoing transmission of cVDPV2 globally, since October 2017

- International spread to Ethiopia (2019) and Kenya (2020-2023)

- cVDPV2 Cases: The onset date of the most recent cVDPV2 case is 16 September 2023

o 2023: 05    
o 2022: 05    



- cVDPV2 environmental positives: The most recent cVDPV2 in ES was collected on 26 October 2023 in Banadir. 

o 2023: 9  
 o 2022: 6   

- Last WPV case was reported in 2014 - Somalia introduced nOPV2 vaccine in May 2023",2024-02-17T10:26:18+00:00,2024-02-17T00:00:00+00:00,Somalia,Somalia,Health,Other,"Govt. Somalia, Health Cluster, WHO",2024-02
4038970,Overview of Health Cluster Response 2024,,2024-02-17T10:03:23+00:00,2024-02-17T00:00:00+00:00,Somalia,Somalia,Health,Infographic,"Health Cluster, WHO",2024-02
4041499,Somali survivors of female genital mutilation advocate to change minds – and lives,"**MOGADISHU, Somalia –** “I used to feel fear when it was night time,” mother-of-two Nurto Abdi Osman told UNFPA, the United Nations sexual and reproductive health agency.

Ms.Osman was seven years old when she was forced to undergo female genital mutilation. The dangerous procedure left her grappling in agony for days, bleeding until she passed out. Later, she found that her vaginal opening had been blocked.

""My wedding days also represent painful memories,” she said. She and her husband found intimacy difficult due to her injury. 

Ms. Osman’s story is unfortunately common across Somalia, where the experience of female genital mutilation is almost universal. The practice’s [prevalence rate](https://somalia.unfpa.org/sites/default/files/pub-pdf/FINAL%20SHDS%20Report%202020_V7_0.pdf) is 99 per cent among women aged 15 to 49, reflecting a deeply entrenched custom in Somali culture. 

According to [UNFPA research](https://somalia.unfpa.org/sites/default/files/pub-pdf/jubaland_fgm_report_ddc.pdf), factors perpetuating the practice include beliefs that female genital mutilation is required by religion, that the procedure will prevent sex before marriage and that certain forms are “harmless”. Although none of these beliefs are accurate, [three in four women](https://somalia.unfpa.org/sites/default/files/pub-pdf/jubaland_fgm_report_ddc.pdf) in Somalia support the tradition’s continuation.

Encouraging communities to abandon female genital mutilation requires shifting social norms and raising awareness of its disastrous and potentially deadly consequences. Through their [Joint Programme on the Elimination of Female Genital Mutilation](https://www.unfpa.org/unfpa-unicef-joint-programme-female-genital-mutilation), UNFPA and UNICEF support grassroots activists like Ms. Osman in their work to persuade communities to protect their daughters’ rights and spare girls from the dangerous procedure.

“Survivors understand the obstacles to eliminating female genital mutilation and are leading the way – one family, one community, at a time,” said [UNFPA Executive Director Dr. Natalia Kanem](https://twitter.com/UNFPA/status/1754973027509346729).

**Never again**

It can be difficult to uproot deeply-entrenched cultural customs – but not impossible. For proof, look to 48-year-old traditional birth attendant Amina, who used to perform female genital mutilations but has vowed never to do so again.

Amina started after the practitioner in her community passed away and village residents begged her to step in. ""My decision to take up the position was informed by the need to preserve long-held traditions and the customs of our ancestors,"" she told UNFPA. 

As a survivor of female genital mutilation herself, Amina also believed the practice was required by religion. That is, until her participation in UNFPA-supported trainings and dialogue sessions on female genital mutilation convinced her otherwise.

""I was dumbfounded to learn that what I considered a religious and good practice turned out to be a heinous one,"" Amina said.

The drivers behind the perpetuation of female genital mutilation are social, cultural and economic. For Amina, money from performing the procedure supplemented the low income she earned as a traditional birth attendant. In fact, research shows that during the COVID-19 pandemic, practitioners actually went door-to-door to carry out female genital mutilation, in part due to the loss of income from lockdown restrictions. 

To address this issue, UNFPA helps connect practitioners to alternative income generators – nudging individuals like Amina towards abandoning the practice. She is anguished about having undergone female genital mutilation herself. ""I wish I didn’t pass through the killer of life,” she said. ""Understanding its impacts is the most important thing.”

**Millions still at risk**

Around the world, countless communities have made the collective decision to stop perpetuating female genital mutilation and abandon the practice for good. 

Their commitments reflect a wider global trend: Compared to half of girls aged 15 to 19 in the 1990s, today, [one third of girls](https://www.unfpa.org/press/putting-survivors-forefront-global-movement-end-female-genital-mutilation) across the 31 countries that track the prevalence of the practice are being subjected to the procedure. 

But still, every single day, 12,000 women and girls globally will face the risk of female genital mutilation this year.

Survivors like Ms. Osman and Amina are helping to reduce the likelihood of these women and girls being forced into the procedure, however.  “Every survivor's voice is a call to action, and every choice they make in reclaiming their lives contributes to the global movement to end this harmful practice,” said UNFPA Executive Director Dr. Natalia Kanem in a [joint statement](https://www.unfpa.org/press/putting-survivors-forefront-global-movement-end-female-genital-mutilation).",2024-02-27T03:48:51+00:00,2024-02-26T00:00:00+00:00,Somalia,Somalia,"Health, Protection and Human Rights",News and Press Release,UNFPA,2024-02
4027229,"Somalia Price Bulletin, December 2023","*The Famine Early Warning Systems Network (FEWS NET) monitors trends in staple food prices in countries vulnerable to food insecurity. For each FEWS
NET country and region, the Price Bulletin provides a set of charts showing monthly prices in the current marketing year in selected urban centers and
allowing users to compare current trends with both five-year average prices, indicative of seasonal trends, and prices in the previous year.*

Maize, sorghum, rice, and cowpea are the most important staple foods for Somalis. Maize and sorghum are the preferred staple in agriculture areas, while rice is more popular in pastoral and urban areas. Cowpea is an integral component of all households’ diets. Mogadishu is Somalia’s largest market with links to most markets in the country. Baidoa is a significant sorghum producing and consuming area. Qorioley is a large maize production area. Burao, Galkayo, and Dhusamareb are exclusively pastoral where peopledepend on purchases of domestically produced sorghum and imported rice. Togwajale is a sorghum producing area with links to Ethiopian markets; most cereal flows from Ethiopia pass through this market. Hargeisa is the capital of Somaliland and an important reference market for livestock trade with Ethiopia. Buale, located in an important maize production area in the southern region supplies most nearby markets. El Dhere and Merka are areas of cowpea production: the principal source of income. Bossasso and Kismayoare both port towns and entry points of imports. Beled Weyn connects the south and central regions of the country, and also has linkages with Ethiopia. Belet Hawa is an important cross-border market with Kenya.",2024-01-03T00:10:18+00:00,2024-01-03T00:00:00+00:00,Somalia,Somalia,"Agriculture, Food and Nutrition",Situation Report,FEWS NET,2024-01
4034680,"Somalia Livestock Price Bulletin, January 2024","*The Famine Early Warning Systems Network (FEWS NET) monitors trends in staple food prices in countries vulnerable to food insecurity. For each FEWS NET country and region, the Price Bulletin provides a set of charts showing monthly prices in the current marketing year in selected urban centers and allowing users to compare current trends with both five-year average prices, indicative of seasonal trends, and prices in the previous year.*


The livestock sector is central to the economic and cultural life of the Somali people. The sector provides food and income to over 60 percent of the country’s population. Burao and Galkayo are the largest livestock markets in the Horn of Africa especially for export sheep and goats from the Somali region of Ethiopia and parts of southern Somalia. The majority of the livestock exported through Berbera and Bosasso seaports transit or pass through these markets. Burao and Galkayo are two important reference markets for key pastoral livelihood zones of Hawd, Sool Plateau, Nugaal valley, and the Adun in the northeast and central regions. Beled Weyne connects the south and central regions of the country, and is the supply source of export cattle through Bosasso port. Dinsor, Bardera, and Afmadow are important cattle markets in the agro pastoral livelihood zones in southern Somalia. Significant number of the cattle trekked to Garissa, Kenya transit these markets. Afmadow is largest cattle market in southern Somalia. It is the reference market for the largest cattle belt in the Juba valley. It is the main source of the cross border cattle trade to the Garissa, Mombasa, and Nairobi markets in Kenya.",2024-02-01T16:36:47+00:00,2024-01-31T00:00:00+00:00,Somalia,Somalia,Agriculture,Situation Report,FEWS NET,2024-02
4029872,Secretary-General strongly condemns deadly attack on Somalia airport,"SG/SM/22104  
12 JANUARY 2024

The following statement was issued today by the Spokesman for UN Secretary-General António Guterres:

The Secretary-General strongly condemns the attack on Mogadishu’s Aden Adde International Airport area on 11 January, which resulted in the death of a member of the Ugandan United Nations Guard Unit at the United Nations Compound.

He expresses his deep condolences to the family and colleagues of the victim and to the Government and people of Uganda.

The Secretary-General recalls that attacks against United Nations personnel and premises are prohibited under international law.

The Secretary-General expresses the full solidarity and support of the United Nations to the Government and people of Somalia in their fight against terrorism and reaffirms the Organization’s commitment to supporting them on their journey towards a stable, secure and prosperous country.

**For information media. Not an official record.**",2024-01-15T17:54:40+00:00,2024-01-12T00:00:00+00:00,Somalia,Somalia,"Protection and Human Rights, Safety and Security",News and Press Release,UN SG,2024-01
4029859,Somalie: le Secrétaire général condamne l’attaque meurtrière perpétrée hier près de l’aéroport de Mogadiscio,"**SG/SM/22104**  
**12 JANVIER 2024**

La déclaration suivante a été communiquée, aujourd’hui, par le Porte-parole de M. António Guterres, Secrétaire général de l’ONU:

Le Secrétaire général condamne fermement l’attaque perpétrée hier dans la zone de l’aéroport international Aden Adde de Mogadiscio, qui a entraîné la mort d’un membre ougandais de l’Unité de gardes des Nations Unies dans le complexe de l’ONU.

Il exprime ses sincères condoléances à la famille et aux collègues de la victime, ainsi qu’au Gouvernement et au peuple ougandais. 

Le Secrétaire général rappelle que les attaques contre le personnel et les locaux de l’ONU sont interdites par le droit international. 

Le Secrétaire général exprime la pleine solidarité et le soutien des Nations Unies avec le Gouvernement et le peuple somaliens dans leur lutte contre le terrorisme, et réaffirme l’engagement de l’Organisation à les soutenir dans leur marche vers un pays stable, sûr et prospère. 

**À l’intention des organes d’information. Document non officiel.**",2024-01-15T17:04:29+00:00,2024-01-12T00:00:00+00:00,Somalia,Somalia,Protection and Human Rights,News and Press Release,UN SG,2024-01
4040313,Somalia Child Protection Area of Responsibility Response Monitoring Dashboard January - December 2023 (As of 31 Dec 2023),,2024-02-22T08:13:58+00:00,2023-12-31T00:00:00+00:00,Somalia,Somalia,"Coordination, Protection and Human Rights",Infographic,"CP AoR, Protection Cluster, UNICEF",2024-02
4035940,"United Front Against FGM: UNFPA, UNICEF, MoWHRD Call for Action","6 February 2024, International Day of Zero Tolerance Against FGM, 

Mogadishu: In a collaboration organised by the Federal Ministry of Women and Human Rights Development (MWHRD) alongside the United Nations Population Fund (UNFPA), a gathering of distinguished stakeholders convened to mark the International Day of Zero Tolerance for Female Genital Mutilation (FGM). This momentous occasion was attended by senior representatives from the government, diplomatic community, the United Nations Children's Fund (UNICEF), and the United States Embassy in Somalia.

The proceedings of the event were marked by poignant moments and impactful speeches that highlighted the urgency and commitment to eradicating FGM in Somalia - a nation bearing one of the highest prevalence rates of this deeply entrenched practice. Mr. Isak Hashi Jimale, the Director-General of the MWHRD, opened the proceedings with a resounding welcome, establishing the day as a dedicated effort to raise awareness and foster collaborative action.

A solemn Minute of Silence paid tribute to the late H.E. Khadija Dirie, the esteemed Minister of Women and Human Rights Development, acknowledging her tireless dedication and commitment to improving the lives of Somali women and girls.

Hon. Mrs. Amina Hassan, State Minister and Acting MWHRD, delivered powerful opening remarks, emphasizing the ministry's long-standing efforts to eradicate harmful practices through legislative reform. ""Truthfully, our efforts are not new. The ministry of women is involved in the laws that will eradicate the harmful practices that affect the quality of life of young girls,"" she stated. She called for increased awareness-raising and empowering campaigns like UNFPA’s ‘Dear Daughter’ campaign to support the fight for young girls' rights.

UNFPA, UNICEF, and the US Embassy in Somalia issued a ""Joint Declaration Against FGM"" titled ""A Call to Action for the Future of Somali Women and Girls"" reaffirming their continued collective commitment to eradicating FGM in Somalia.

In his remarks, Mr. Niyi Ojuolape, Country Representative of UNFPA, highlighted the stark reality that many Somali women and girls continue to face severe health impacts due to FGM. Emphasizing the urgent need for improved care, Mr. Ojuolape stated, ""We must prioritize accessible, comprehensive, and culturally-sensitive services for FGM survivors and building the capacity of health professionals."" He reinforced UNFPA's resolute support, saying ""We remain steadfast in our commitment to end FGM."" 

Mr. Nejmudin Bilal, Representative of UNICEF Somalia, called on all stakeholders to ""recommit ourselves to the cause of ending FGM and ensuring that every woman and girl in Somalia has a voice."" In tribute to Somali girls, he pledged: ""To the girls of Somalia you are the champions, we promise to amplify to your voices, and support your efforts, to create a future where every girl is free from the threat of FGM and other child rights violations.”

Mr. Shane L Dixon, USA Chargé d'Affaire at the US Embassy in Mogadishu, commented on the significance of commemorating the International Day of Zero Tolerance for FGM, asserting that ""In a nation striving towards modern democracy, practices like FGM have no place."" He commended ""the UNFPA and UNICEF for their work to end FGM in line with SDG 5.""

Ms. Sadia Mohamed, representing the MWHRD, launched the FGM and Child, Early, and Forced Marriage (CEFM) Coordination Forum. Positioned as a pivotal platform, the forum aims to foster collaboration, networking, and resource mobilization. It will advocate for comprehensive legislation and conduct education and awareness initiatives, all aimed at effectively combating FGM and CEFM across the country.

The event also featured the screening of the impactful UNFPA-produced short documentary titled ""Breaking the Silence,"" amplifying the voices of FGM survivors.

In a concluding Vote of Thanks and Closing Remarks, Hon. Ms. Sadia Samatar, First Speaker of the Parliament Federal Government of Somalia, expressed gratitude to all stakeholders, emphasizing the imperative of sustained efforts to end FGM and protect the rights of women and girls in Somalia.




—--------------------------------
For further information, please contact:
Fatimah Shah, Communications Specialist, UNFPA
fatshah@unfpa.org",2024-02-06T19:35:55+00:00,2024-02-06T00:00:00+00:00,Somalia,Somalia,"Health, Protection and Human Rights",News and Press Release,"Govt. Somalia, UNICEF, UNFPA",2024-02
4119908,Women and girls living in displacement can access essential supplies,"<p>Somalia | 2023 | CBPF</p>



<p><strong>Somalia, Alle Suge displacement site. </strong> When you have to flee your home,  there may not be enough time to grab essentials.</p>



<p>With support from the Somalia Humanitarian Fund, women and girls in the Deynille displacement camp were able to obtain dignity kits from NoFYL, a Somali organization.</p>



<p>These include soap, underwear, and a shawl, as well as menstrual supplies.</p>



<p>“Everything here is useful,” said Muuno. “Even the bag was handy for shopping at the market.”</p>



<p>For Ramlo and her adolescent daughter, “the menstrual pads were the best things. Previously we had to use old clothes or fabric. I’m happy that will change.”</p>



<p>Like many girls who can’t afford supplies, Qeyro was missing school when she had her period, as she couldn’t afford sanitary products. The kit makes a difference. “It helped me feel more like myself again. It’s made my life a little bit easier.”</p>



<p>NoFYL brought groups of women and girls together to talk about reproductive health and gender-based violence. They also discussed how to use the various menstruation supplies.</p>



<p>Safiya says, “I realized I had been using some items in the wrong way, so this was useful. But it would be even better to involve us before the distribution so that they know the type of items we require. I would have loved to see shoes and Hijab included in the kits,” she added.</p>



<p>Adapted from an original story from NoFYL.</p>



<p>For more information: visit the <a href=""https://www.unocha.org/somalia/about-somalia-humanitarian-fund"">Somalia Humanitarian Fund web site</a>, and find real-time contribution and allocation data on the <a href=""https://pfdata.unocha.org/"">POOLED FUNDS DATA HUB.</a></p>
<p><em>Pooled Fund impact stories</em></p><p>#2023, #CBPF, #Climate, #Shelter, #Somalia, #Women and Girls</p>",2024-01-24T00:00:00+00:00,2024-01-24T00:00:00+00:00,Somalia,Somalia,Humanitarian Financing,News and Press Release,OCHA,2024-01
4115798,Somalia Community Engagement and Accountability Task Force: Common Messages for Gu Season 2024 Flooding (February 2024) [EN/Maay/Mahatiri/SO],"**Introduction**:

The below key messages are developed based on consultation and coordination with the Somali Disaster Management Agency-SoDMA, CEA TF partners, different ICCG clusters and working groups. These messages should be embedded across all communication and community engagement activities throughout the upcoming Gu rainy season and forecasted El Nino rains/flooding. Below guidance should be followed for disseminating the key messages.",2024-02-23T00:00:00+00:00,2024-02-23T00:00:00+00:00,Somalia,Somalia,"Coordination, Disaster Management",Manual and Guideline,IOM,2024-02
4039428,Situation in Somalia - Report of the Secretary-General (S/2024/129) [EN/AR/RU/ZH],"S/2024/129

**I. Introduction**

1\. The present report, submitted pursuant to paragraph 14 of Security Council resolution 2705 (2023) and to resolution 2710 (2023), provides updates on the implementation of those resolutions, including on the mandate of the United Nations Assistance Mission in Somalia (UNSOM), covering progress achieved against the benchmarks identified by the strategic review, and on the mandate of the United Nations Support Office in Somalia (UNSOS). The report covers significant developments from 6 October 2023 to 24 January 2024.

**II. Political, security and economic overview**
**A. Political developments**


2\. Following the conclusion of the National Consultative Council meeting on 27 May 2023, discussions on the outcomes of the meeting continued during the reporting period among the political leaders of Somalia. On 3 November, the Independent Constitutional Review and Implementation Commission and the Joint Parliamentary Constitutional Oversight Committee held a joint meeting to undertake a technical analysis of the National Consultative Council agreement and discuss the proposed amendments contained in the first four chapters of the Provisional Constitution of the Federal Republic of Somalia. On 19 October, opposition leaders including the former President of Somalia, Sheikh Sharif Ahmed, expressed their concern regarding the National Consultative Council proposals to change the form of government to a presidential system and adopt a two-party system. Similar concerns were also voiced by other opposition leaders. The President, Hassan Sheikh Mohamud, held two meetings with key opposition leaders, on 21 and 25 December, to discuss their views on the constitutional review process and the electoral model.

3\. The Federal Parliament reconvened for its fourth session on 25 November. During the session, President Mohamud highlighted the Government’s commitment to ensure the lifting of the remaining arms control measures and the completion of the debt relief programme before the end of December 2023. He also provided an update on the admission of Somalia to the East African Community on 24 November and the progress made in the offensives against Al-Shabaab. President Mohamud re-affirmed his commitment to improving relations with the federal member states and stressed the need to finalize the constitutional review process.

4\. The Federal Government of Somalia and “Somaliland” concluded two days of meetings in Djibouti on 29 December. They announced the resumption of dialogue between the two sides and that a technical committee would be formed to oversee the discussions. On 1 January, Ethiopia and “Somaliland” announced their intention to negotiate a memorandum of understanding for partnership and cooperation. The Federal Government of Somalia has denounced the agreement as a violation of its sovereignty. On 2 January, the Federal Parliament passed a law nullifying the memorandum of understanding signed by Ethiopia and “Somaliland.” President Mohamud signed the law on 5 January. A meeting of the National Consultative Council was held on 3 January and attended by the leaders of all federal member states, except for Puntland. The National Consultative Council similarly declared the memorandum of understanding “null and void.”

5\. In Puntland, following internal disagreements over the model and the timing of the upcoming State Assembly and presidential elections, the President of Puntland, Said Abdullahi Deni, issued a decree on 7 December stating that the State Assembly elections would be held on 8 January 2024 using a clan-based model, with 66 newly elected Members of the State Assembly electing the President and Vice-President. On 12 December, President Deni appointed the members of the selection/vetting committee, who published a list of the 66 new members of the State Assembly of Puntland on 1 January 2024. The parliamentarians were sworn in on the same day. As in the previous assembly, only one woman was selected.

6\. The 66 members of the Puntland parliament re-elected Deni as the sixth President of Puntland and Ilyaas Osman Lugatoor as Vice-President on 8 January. The security situation in Garowe remained calm, and President Deni reached out to presidential candidates and traditional leaders in the days after his re-election to foster political conciliation. President Mohamud, state presidents, with the exception of the President of Jubbaland, Ahmed Mohamed Islam “Madobe”, key government officials and other dignitaries attended President Deni’s inauguration on 25 January.

7\. The federal Ministry of Interior, Federal Affairs and Reconciliation issued a statement on 19 October in which it noted that “the Federal Government reiterates its support for the resolutions reached by the traditional leaders during their meeting in Laascaanood on 6 February 2023”. The Ministry added that the Federal Government “also welcomes and commits to working with the interim administration established by the local populace”. In Sool region, sporadic violence continued from 8 to 23 November in Buq-Dharkayn between Habar Jeclo (Isaaq) and Dhulbahante clan militias. On 28 November, leaders of the Habar Jeclo Isaaq subclan issued a communiqué reiterating their support for the independence of “Somaliland” and their commitment to defending their territory, stressing, however, that they had no intention of invading Dhulbahante territory. On 2 December, the Dhulbahante traditional leaders issued a statement acknowledging the Habar Jeclo’s communiqué and emphasizing their desire for peaceful coexistence.

8\. The South-West State opposition leaders met with President Mohamud to present a petition for the implementation of the Baidoa Agreement on 6 October. The Agreement was reached in February 2023 between the South-West State administration and opposition groups with the support of the Federal Government to allow for regional assembly elections to be held in late 2023 and regional presidential elections in January 2024. On 14 October, the South-West State opposition issued a statement calling for elections in the State to be held in January 2024, in line with the provisions of the agreement.

9\. During the reporting period, the relationship between the Jubbaland administration and the Gedo region improved, with the administration controlling all the district centres in the Gedo region, except Garbahaarrey, where community grievances persist. Garbahaarrey authorities have continued to voice their opposition to the Jubbaland administration’s proposals to hold an inclusive reconciliation conference in Garbahaarrey. On 17 November, traditional elders and women’s groups in Garbahaarrey endorsed the former Garbahaarrey District Commissioner, Hassan Elmi, as the commissioner of Garbahaarrey district, rejecting officials appointed by the Jubbaland administration in Gedo region.",2024-02-19T18:43:17+00:00,2024-02-02T00:00:00+00:00,Somalia,Somalia,"Coordination, Education, Food and Nutrition, Gender, Health, Logistics and Telecommunications, Mine Action, Protection and Human Rights, Safety and Security, Water Sanitation Hygiene",UN Document,UN SC,2024-02
4097312,Somalia Community Engagement and Accountability Task Force - Monthly Coordination Meeting Minutes (16 Jan 2024),"*Excerpt*

**Opening Remarks & Introduction**

- Mahbub Rahman, Co-Chair, CEA TF has welcomed everyone to the meeting and thanked for attending it. He shared the agenda and asked everyone to participate and contribute to the discussion. Participants shared their introduction in the chat box.",2024-01-16T00:00:00+00:00,2024-01-16T00:00:00+00:00,Somalia,Somalia,Coordination,Other,IOM,2024-01
4097323,Strategy for Community Engagement Gu Season Flooding 2024 - Community Engagement and Accountability Task Force (CEA TF) (February 2024) [Presentation],"*Excerpt*

**Objectives/Focus**

- Coordinated Campaign (Jointly with all clusters and working groups)
- Objectives:  
     Ensure the provision of life-saving information, awareness raising and early warning through coordinated, standard, and common messaging in appropriate, simple and understandable language disseminated through communication means that are preferred by the community.
- Specific Focus:  
     • Deliver coordinated, timely and responsive two-way communication and community engagement support.  
     • Provide effective communication and community engagement tools (key messages) to save lives.  
     • Provide humanitarian actors with engaging, entertaining, actionable, and appropriate tools (e.g., audio content, posters, radio PSA etc.).  
     • Improve access to, and capacity to deliver quality life-saving information",2024-02-20T00:00:00+00:00,2024-02-20T00:00:00+00:00,Somalia,Somalia,Coordination,Other,IOM,2024-02
4101350,Somalia: CCCM Cluster - CFM Monthly Report February 2024,"**Observations & Highlights**

Of the 3716 tickets received this month, FSL, WASH, and SNFI received the most feedback. The sites in Mogadishu Khada received 50% of all feedback this month.

Of the 2,717 replies completed this month, 75% was reported as resolved, 18% of feedback expired with no response from service providers, and 5% of feedback was reported unresolved by providers.",2024-02-28T00:00:00+00:00,2024-02-28T00:00:00+00:00,Somalia,Somalia,"Camp Coordination and Camp Management, Education, Food and Nutrition, Health, Protection and Human Rights, Shelter and Non-Food Items, Water Sanitation Hygiene",Situation Report,"CCCM Cluster, IOM, UNHCR",2024-02
4037029,Somalia: Humanitarian Access Snapshot (October to December 2023) - As of 31 December 2023,"**Access challenges in Somalia almost doubled in Quarter 4 (Q4)**, with 120 incidents reported versus 68 in the previous quarter. The increase and over half of the reported incidents (67) are mainly attributed to physical access constraints due to the onset of the rainy season exacerbated by El Nino, leading to large scale flooding. As a result, large areas of the country were rendered inaccessible, delaying humanitarian and emergency response. A dedicated section on physical access constraints because of the flooding has been included on page 3.  

**Ongoing military operations and hostilities continued to impede humanitarian access** (7 incidents compared to 8 in Q3). In addition to military operations in Mahaday, NSAG attacks in Kahda district and Mogadishu (including in AAIA) led to restrictions of movement, delaying humanitarian assistance. In Garowe, armed clashes as a result of local disagreements, regarding elections, led to the cancellation of humanitarian missions. In addition, throughout October and November 2023 ongoing inter-clan tensions along the Somaliland-Khatumo frontlines in Buq-Dharkayn, Buuhoodle escalated restricting humanitarian access to villages on the frontline. As a result, at least one organization was forced to cease operations by the end of the year.  

Somalia continued to be one of the least safe countries for aid workers to operate in. One humanitarian worker lost his life from an Improvised Explosive Device (IED) in Baidoa City. At least three more explosions occurred in the proximity of aid workers though luckily not leading to further loss of life. In addition, one humanitarian staff member was injured (compared to ten in Q3), while six incidents of physical assault, intimidation, harassment, or verbal mistreatment were recorded (compared to five in Q3) and 5 incidents of carjacking were reported (versus three in Q3). On a positive note, a reduction in restrictions /obstruction of affected populations to access services and assistance was noted, with only four incidents reported compared to 22 in the previous quarter (a reduction of 81 percent). The impacts on civilians countrywide, with a heightened focus on emergency response efforts and an increased focus on assistance by humanitarian leadership and authorities during the floods, contributed to greater attention to facilitating access to services and assistance. This concerted effort may have played a role in the notable reduction in restrictions and obstruction faced by affected populations, with only four incidents reported compared to 22 in the previous quarter, marking an 81 percent decrease.  

**In Q4, movement restrictions constituted ten percent of all access constraints, with 11 incidents recorded in total**. Restrictions occurred for a multitude of reasons, including ongoing military operations, bureaucratic impediments, physical access constraints, interference, and insecurity. Of particular concern this quarter has been the impact of continued road blockages by NSAGs, affecting the movement of humanitarian supplies, as well as the availability of commodities in districts. As a result, the majority of humanitarian supplies including food, nutrition, and medical items, were forced to be airlifted to Wajeed, significantly increasing the cost of humanitarian delivery. Similar challenges have been reported across Jubaland and the Southwest states.",2024-02-10T08:48:19+00:00,2024-01-01T00:00:00+00:00,Somalia,Somalia,"Mine Action, Protection and Human Rights, Safety and Security",Infographic,OCHA,2024-02
4038775,Somalia 2023 Post Deyr Food Security and Nutrition Outcomes and Projections (15 February 2023),"**Somalia IPC Post Deyr Analysis Overview**

- IPC Analysis process: The 2023 Post Deyr IPC AFI/AMN analysis was organized by the IPC Core Group. The IPC Global Support Unit (GSU) provided technical support throughout the analysis.

- Participation: 168 participants drawn from 61 institutions: Government Institutions (FGS, FMSs and Somaliland) – 77,  
Local Universities (UOH, PSU) – 4, UN (Agencies, Funds and Programmes) – 46, Local and International NGOs – 26, and other Technical Partners (FEWS NET, REACH , IPC GSU) – 11

- Unit of analysis: Livelihoods zones in rural areas, internally displaced population groups and urban populations groups across Somalia

- Analysis period was determined considering seasonality of food security and nutrition outcomes in Somalia:

• IPC AFI Current: January-March 2024 (Jilaal) 

• IPC AMN Current: October 2023-February 2024 

• IPC AFI Projection: April-June 2024 (Gu) 

• IPC AMN Projection: March-June 2024

- Population Analysed - 18,706,931 total population of Somalia, used of humanitarian planning purposes for 2024 Source: OCHA). This is updated estimate, revised from 16,955,266 total population used in the 2023 Post Gu IPC analysis)

• Levels of acute food insecurity and malnutrition remain high despite some improvements; humanitarian assistance urgently required for Food Security, Nutrition, Health, and WASH programmes, including the treatment of acutely malnourished children 

• Current (January-March 2024): 4 million people (21%) of the population in Crisis or worse (IPC Phase 3 and higher)

• Projection (April-June 2024): 3.4 million people (18%) of total population face Crisis or worse (IPC Phase 3 and higher)

• Approximately 1.7 million children under the age of five years face acute malnutrition between January-December 2024 (total acute malnutrition burden), including 430 000 who are likely to be severely malnourished.

• Key drivers of acute food insecurity include adverse impacts of El-Nino related heavy rains and flooding, erratic rainfall, early cessation of Dey rains affecting agropastoral areas; extended impact of previous droughts in pastoral areas, including low milk availability and access, anticipated flooding in riverine areas during the forthcoming Gu season, persistent conflict and insecurity, and limited humanitarian assistance.

• Contributing factors to acute malnutrition include poor food access, high disease burden, low coverage of health and nutrition services. poor access to improved drinking water and sanitation, poor child feeding practices",2024-02-16T11:48:33+00:00,2024-02-15T00:00:00+00:00,Somalia,Somalia,"Agriculture, Food and Nutrition",Other,FSNAU,2024-02
4038687,"Somalia Acute Food Insecurity Situation Overview - Rural, Urban and IDP: Food Security Outcomes: Current: April - March 2024",,2024-02-16T09:12:31+00:00,2024-02-16T00:00:00+00:00,Somalia,Somalia,Food and Nutrition,Map,"FSNAU, IPC",2024-02
4037972,CERF support safeguards lives of 95.9% of children at WHO-Supported stabilization centres in Somalia,"08 February 2024, Mogadishu, Somalia – The WHO Country Office in Somalia, with timely support from the Central Emergency Response Fund (CERF), has helped to avert major diseases outbreaks after flash flooding caused by El Niño. The floods, which hit the country in November 2023, damaged infrastructure and affected the livelihoods and health of over 1.17 million people across Jubaland and Hirshabelle states. 

“The floods have swept away everything we had, but thanks to WHO, my 2 children have survived not only droughts and floods but are now recovering from severe malnutrition at the Kismayo General Hospital,” said the worried but satisfied Rasuliyan, mother of Haniya (aged 3 years) and Uthman (aged 4 years) while visiting one of 64 WHO-supported stabilization centres in the country. 

To mitigate the impact of El Niño and the Indian Ocean Dipole, WHO Somalia – with the support from CERF – supported the federal and state ministries of health to boost their efforts to meet the growing needs of over 500 000 displaced people. It did so by deploying over 25 outreach teams – comprising 100 health workers in total: nurses, clinicians, social workers and nutrition screeners – and 130 community health workers (CHWs). 

By the end of January 2024, the outreach teams had managed to reach 163 880 people, including 4148 pregnant women, in the most affected districts across the 2 states. They held 93 416 outpatient consultations, administered 23 145 vaccinations and referred 5418 people with severe medical ailments to more specialized care. 

The WHO–CERF initiative has helped to equip and staff the stabilization centres at Kismayo General Hospital, Baardheere District Hospital, Beledweyne Hospital and Jowhar Hospital to support the management of cases of acute malnutrition with complications. These cases may be referred by the CHWs and the outreach teams or may be admitted via another entry point.

“Of all the admissions in these stabilization centres, 95.9% were cured,” said WHO’s Incident Manager Dr Ifeanyi Okudo. He added that CHWs remain crucial as they administer micronutrient supplements within the displaced communities. By the end of January, they had reached 4148 pregnant women with iron and folic acid to prevent anaemia and birth defects. They also provided 4088 children with vitamin A supplements to boost immunity to diseases such as measles and pneumonia and to prevent blindness, which is common in malnourished children. 

The 130 CHWs deployed in the affected communities also helped screen 33 767 children aged under 5 years for malnutrition using mid-upper arm circumference tape. This effort identified 4833 children with severe acute malnutrition, who were referred to outpatient therapeutic and stabilization centres for care. 

The CERF support also helped WHO to procure 22 paediatric kits for children with severe acute malnutrition. These have been provided to the stabilization centres in the Kismayo General, Baardheere District, Beledweyne and Jowhar hospitals. The kits will be used to manage cases of acute malnutrition with complications referred to the centres by the CHWs and the outreach teams. 

For more information, please contact: 

Fouzia Bano, Communications Officer, WHO Somalia
Email: banof@who.int 

Saeed Ahmed, Reporting/External Relations Officer, WHO Somalia
Email: saeahmed@who.int",2024-02-14T08:58:33+00:00,2024-02-08T00:00:00+00:00,Somalia,Somalia,Health,News and Press Release,WHO,2024-02
4037707,Somaliland: Improving camp coordination mechanisms,"As revealed by UNHCR cluster Somalia Dashboard ¹, drought continue to push the dynamics of IDPs, with an estimated 2.9 million people being internally displaced across Somalia/Somaliland. Communities have been experiencing prolonged dry spells, which have resulted in the drying of water pans and boreholes and the decimation of pastures. As a result, a significant proportion of IDPs face moderate to large food consumption gaps, leading families to move from rural to urban zones, and within rural areas to seek humanitarian assistance. New IDPs arrive in desperate conditions and often face numerous challenges accessing assistance after their arrival.

The context of Somaliland has a multidimensional situation of humanitarian crises in both natural and man-made disasters, as some of the Somaliland regions have faced emergency due to climatic shocks and droughts, but also to recent conflicts in Sool region. All these crises have increased the magnitude and effect of humanitarian needs, as well as the number of displaced persons.

The Camp Coordination and Camp Management (CCCM) cluster has reported that Somaliland is struggling with a severe humanitarian crisis due to conflicts, droughts, and floods, as well as to the non-occurrence of multiple rainy seasons in 2021 and 2022. These events have led to a widespread of displacement across Somaliland, resulting in significant crop loss, livestock deaths, and further displacement of people.² According to the NDRA assessment conducted in October 2023, 64,755 HHs were displaced from all the Somaliland regions

In response to this, Acted has provided one year camp coordination and camp management programme in Somaliland from January to December 2023 to provide full CCCM-package and information management to the internally displaced communities in 30 IDP sites in Hargeisa, Sool and Sanaag Regions.

**Emergency shelter kits for displaced communities in Las anod**

With funding from the UNHCR, Acted has implemented a Camp Coordination and Camp management project  in Somaliland. This project has played a crucial role in establishing, strengthening, and monitoring CCCM activities across 30 IDP sites in Hargeisa, Sool and Sanaag regions. By improving the quality of life, safety, and dignity of displaced communities, Acted has adhered to international standards and employed a multi-sectoral approach to enhance protection measures.

Acted has undertaken a significant relief effort by distributing Emergency Shelter Kits (ESK) to 500 households in the districts of Las Anod and Xudun in Sool region. This initiative comes in response to the conflicts that have displaced numerous individuals in these areas. The Emergency Shelter Kits were aimed to provide essential support to IDPs, offering a means of immediate shelter and assistance.

Amal Haji* is a 60-year-old woman who used to live a peaceful life surrounded by her family in Las Anod. Amal and her family -her husband and 7 children- were forced to leave their home after the inter-clan war broke out in Las Anod. The journey to their destination was filled with uncertainty and hardship. Eventually, Amal settled in Halgada IDP site in the outskirts of Las Anod.

For 7 months, Amal and her family have been internally displaced, grappling with the emotional and physical toll of displacement. Their shelter was makeshift, lacking the basic necessities for a dignified life. With support from UNHCR, Acted reached at the IDP site where Amal was living and provided emergency assistance. Through this action Amal received 118 US Dollars of cash for emergency shelter kits.

After the assistance of the cash received through the program, Amal took a significant step towards rebuilding her life. She utilized the funds to purchase essential items for shelter rehabilitation. This support played a vital role in improving her immediate living conditions.

***''It was the first time that I received the cash for ESK, and I don’t have much experience to say, but it is very beneficial support that allowed me to purchase shelter items.''***  
AMAL

This project was conducted from January 2023 to December 2023. Over 22,561 internally displaced households in Sool, Sanaag and Hargeisa have benefited from this one-year intervention.

Amal’s story serves as a testament to the positive impact of this project on the displaced communities.

¹https://reliefweb.int/report/somalia/no-going-back-new-urban-face-internal-displacement-somalia

²https://reliefweb.int/report/somalia/actionaid-international-somaliland-drought-impact-and-needs

*Names have been changed to protect the identity of the beneficiary.",2024-02-13T11:08:12+00:00,2024-02-13T00:00:00+00:00,Somalia,Somalia,"Camp Coordination and Camp Management, Shelter and Non-Food Items",News and Press Release,ACTED,2024-02
4036353,"Afrique de l'Est Bulletin des Prix, janvier 2024","*Le Réseau de systèmes d’alerte précoce contre la famine (FEWS NET) surveille les tendances des prix des aliments de base dans les pays vulnérables à l'insécurité alimentaire. Pour chaque pays et chaque région couvert par FEWS NET, le Bulletin des prix fournit un ensemble de graphiques indiquant les prix mensuels de l’année commerciale en cours pour certains centres urbains, et permettant à l’utilisateur de comparer les tendances actuelles à la foisaux moyennes uinquennales, qui indiquent les tendances saisonnières, et aux prix de l'année précédente*.

Agrafer les marchés alimentaires en Afrique de l'Est: Le maïs blanc est la céréale de base principale consommées en Tanzanie, au Kenya et en Ethiopie. En Ouganda, le maïs blancest cultivé principalement en tant que culture commerciale pour l'exportation dans la région. Le riz importé est un aliment de base majeur pour Somalie, qui consomment principalement Belem‐le riz importé rouge. La Tanzanie est également un producteur majeur et source de riz dans la région tandis que le Kenya et l'Ouganda sont de petits producteurs. Les deux rouges et le sorgho blanc sont produits et consommés dans la région. Ceci est un aliment debase important au Soudan et Somalie ainsi que dans d'autres zones agricoles marginales de la région. C'est aussi une céréale de substitution chez les pauvres ruraux. Le sorghorouge est principalement cultivée en Ethiopie, au Soudan et en Somalie. Les haricots sont une source importante de protéines et d'une culture vivrière complémentaires cultivé dans les zones à fort potentiel agricole du Kenya, en Ouganda, en Tanzanie, au Rwanda, au Burundi et en Ethiopie. Elle est consommée entre les types de ménages. Le maïs et les haricots sont les produits les plus commercialisés dans la région. La banane est l’aliment de base primaire en Ouganda. L'Ouganda est également une source principale de types de cuisine et d'autres bananes commercialisées dans la région surtout dans le Sud‐Soudan. Toute fois, les bananes ne sont pas des échanges presque aussi fortement que le maïs ou les haricots.",2024-02-08T01:38:32+00:00,2024-02-08T00:00:00+00:00,Somalia,"Burundi, Ethiopia, Kenya, Rwanda, Somalia, South Sudan, Sudan, Uganda, United Republic of Tanzania","Agriculture, Food and Nutrition",Situation Report,FEWS NET,2024-02
4034907,"Radio Ergo audience feedback report, Issued: 2 Feb 2024","**Brief Summary**

Among calls to Radio Ergo’s independent audience feedback platform this week (25-31 January 2023), some in southern riverine areas asked for assistance in their recovery from recent floods, whilst several in northern regions and some in Bay complained of dry weather and water shortage. There was a large number of calls from livestock herders about animal diseases and conditions, with those in parts of Galgadud most numerous. A few noted food price rises and the low market for livestock. The following summarises the calls by theme.

**Flood recovery** – in Bardera, Gedo, a female caller asked the government to get involved in helping them to reconstruct the bridge over the river Juba that was destroyed in the floods. Another wanted help to reconstruct his house destroyed in the floods. One farmer said they had water and farms were now growing well although they were being attacked by monkeys. In Baidoa, Bay, a caller said flood water was still lying in parts of the city and they needed help rebuilding houses, roads, and a bridge. Another Baidoa caller said there were no jobs for young people and the government needed to create employment. A female caller in Beletweyne, Hiran, said they were now recovering and the mosquitoes had abated, although they had not received any assistance in the floods.

**Water shortage/Drought** – in Sanag, a caller said they had been suffering from drought, rising prices, and livestock diseases in the area and wanted aid agencies and the Puntland government to assist. Another caller said they were IDPs in Hero-madow camp where they faced water shortage. A female caller in Booco said they had been facing drought for a long time and she appealed for help. Another caller in the north said they were heading into the dry season and lacked water wells and generators to pump water. A caller in Sool also said they were facing prolonged drought and needed water aid. In Burhakaba, Bay region, a caller said they were farmers and their farms were failing due to water shortage he appealed for help. A female caller in Bay said they hadn’t had much rain and faced drought. A few callers in unspecified locations in central regions also complained of drought and lack of water.

**IDPs; Aid** - a caller identifying as a resident of Adan-saleban camp in Togdher said he was among some marginalised people displaced from central Somalia who were facing discrimination. A caller in Sanag saying they were displaced by conflict in Dararweyne appealed for aid. A caller in 55th Camp said they had been neglected by government and appealed for help. A caller in Galyel, Galmudug, wanted to know why the cash aid they used to get from WFP had been stopped.

**Food security** – a caller in Somaliland complained that they had no markets to sell their livestock and also that food prices had risen. Another caller in Badhan,  
Sanag, said the government should stabilise prices as fresh produce had risen, including prices of onions, watermelons, and tomatoes.

**Health** – a caller in Abudwak, Galgadud, said they needed medical intervention to treat people in an outbreak of acute watery diarrhoea.

**Livestock** – among the many callers on livestock issues, most were in Galgadud. A female caller in Marere said their animals were dying and they needed veterinary medicines to save them. Two repeat callers in Qalanqale listed several diseases among herds and asked for expert advice and treatment. Callers in Qurajoome also said they needed help with livestock diseases.",2024-02-02T11:43:51+00:00,2024-02-02T00:00:00+00:00,Somalia,Somalia,"Agriculture, Food and Nutrition, Health, Protection and Human Rights, Water Sanitation Hygiene",News and Press Release,Radio Ergo,2024-02
4034155,2024 Somalia Humanitarian Needs and Response Plan (HNRP): Activity Costs by Cluster,,2024-01-31T11:08:10+00:00,2024-01-31T00:00:00+00:00,Somalia,Somalia,"Camp Coordination and Camp Management, Education, Food and Nutrition, Gender, Health, Logistics and Telecommunications, Mine Action, Protection and Human Rights, Shelter and Non-Food Items, Water Sanitation Hygiene",Other,OCHA,2024-01
4032657,"Somalia Early Warning-Early Action: Trends in Risk Factors, Jan 2018 - Dec 2023 (Indicators in Alarm Phase)",,2024-01-25T13:56:39+00:00,2024-01-25T00:00:00+00:00,Somalia,Somalia,"Agriculture, Food and Nutrition",Infographic,FSNAU,2024-01
4032631,"Somalia: Protection Analysis Update, Kismaayo District (December 2023)","The displacement crisis in Somalia is complex and multifaceted, driven by conflict and climatic shocks. This displacement is often characterized with protection risks faced by the displaced populations. With particular focus on Kismaayo district, the main drivers of displacement include conflict and drought as per the Protection and Return Monitoring Network (PRMN) in Somalia as of October, before the occurrence of El Niño flooding. The most prevalent protection risks currently being faced by the populations in Kismaayo district are:

-   Discrimination and stigmatization, denial of resources, opportunities, services and/or humanitarian access.
-   Forced recruitment and association of children in armed forces and groups.
-   Gender based violence.
-   Child and forced family separation.

The Protection Analysis Update for Kismaayo is the first of a series of analysis that the Protection Cluster will be publishing during 2024 focusing on priority districts. Kismaayo was selected as the first of these series as the ATMIS drawdown is already in process and humanitarian actors are assessing the impact associated to the drawdown, on the protection response and humanitarian needs of the displaced population. In addition, the Jubaland State government has historically showed both, interest, and commitment on facilitating the work of protection humanitarian actors in ensuring protection of civilians and displaced communities. The new potential scenarios to happen in Kismaayo linked to the ATMIS drawdown, justified this joint protection analysis, conducted by the Protection Cluster and its partners to define the protection response strategy and priorities in the district for the coming period.",2024-01-25T12:57:04+00:00,2024-01-25T00:00:00+00:00,Somalia,Somalia,"Gender, Protection and Human Rights",Analysis,"Protection Cluster, UNHCR",2024-01
4031933,UNHCR Somalia Factsheet: December 2023,"The operating environment in Somalia is complex. Decades of conflict and insecurity, political tensions, clan dynamics, and climate change have resulted in an unprecedented humanitarian crisis. In 2023 alone, there have been 2.9 million internal displacements, primarily due to flooding (57%), conflict or insecurity (22%), and drought (18%).    

Many parts of the country remain inaccessible because of conflict and insecurity. The National Army (SNA) and its security partners continued their military campaigns against the non-state armed group (NSAG). The indiscriminate reprisal attacks by the NSAG resulted in the deaths and displacement of innocent bystanders.    
Due to disputes over election schedule, political hostilities remained high in Puntland.    

Climate crisis persists in Somalia.    
According to the Somali Disaster Management Agency (SoDMA), flooding during the October to December rainy season affected more than 2.4 million individuals, displacing more than a million people.    
UNHCR’s footprint in Somalia dates back thirty years; and today, it is present in 11 countrywide locations.  
UNHCR provides protection and assistance to refugees, asylum seekers, returnees, IDPs, and vulnerable host communities. The operation works closely with the Federal Government of Somalia (FGS) and partners to support durable solutions for all displaced persons. Emergency response to conflict and climatic events are also pivotal to UNHCR’s mandate.",2024-01-23T15:14:08+00:00,2024-01-23T00:00:00+00:00,Somalia,"Ethiopia, Kenya, Somalia, Syrian Arab Republic, United Republic of Tanzania, Yemen","Camp Coordination and Camp Management, Contributions, Education, Health, Protection and Human Rights, Shelter and Non-Food Items",News and Press Release,UNHCR,2024-01
4031109,"Radio Ergo Weekly Feedback Report, Issued: 19 Jan 2024","Callers to Radio Ergo’s feedback platform this week (11-17 January 2024) in southern riverine regions shared their experiences of flood recovery and their outstanding needs especially in farming areas. Other callers were concerned about disease outbreaks in various regions, most notably diarrhoea and malaria. Callers in a few areas described swarms of locusts destroying grazing and crops and wanted control assistance. Livestock callers this week asked for advice and treatment for their sick livestock in northern, central, and Lower Juba regions. Meanwhile many callers especially in Puntland and central regions noted the arrival of beneficial rainfall helping their recovery. A few spoke of dry conditions. The following summarises the calls by theme.

**Health –** a caller in Hiran region said they needed aid agencies to step in to treat children suffering from diarrhoea. Other callers in Hiran and Bay region (Burhakaba) also said there were outbreaks of watery diarrhoea and they needed help. A caller in Lasanod, Sool, said they were seeing a disease that could be typhoid, and were also concerned about mosquitoes. Mosquito influxes and the threat of malaria also concerned other callers in Puntland and post-flood districts of Gedo.

**Aid –** a caller in Dhoore IDP camp in Abudwak wanted to know why their Bahnano cash aid payments had stopped in November 2023. A female caller in Iftin camp [possibly Bardera, Gedo] said she was pregnant and malnourished and needed aid. A caller in Adado said he suspected his pregnant wife was malnourished and wanted help.

**Flood recovery –** in Hiran, a female caller in Beletweyne said they had been displaced by floods but now returned to their homes. A caller in Mahas said people were resuming work on their farms. Two callers in Middle Shabelle also said they were returning home and farming was back underway, whilst a third said they were still displaced and needed help. A caller in Idow, Hirshabelle, said they were resuming farming although they had lost their farm equipment in the floods. In Gedo, callers in Bardera demanded repair of the road bridge by the authorities, with one saying they were still moving around using boats given by aid agencies. A caller in Burdubo said they were recovering after their farm losses.

**Locusts –** in the northern regions, a caller in Garadag, Sanag, said pastoralists were worried about the locusts that had descended on the vegetation. A caller in Sool said locusts were eating their crops and they needed control measures. A caller in Togdher said they had been invaded by swarms of locusts coming from the mountain areas. In Puntland, a caller in Garowe said swarms were invading their area coming from the north. One caller in the southern district of Bardera said the new year had brought a locust plague and they needed intervention.

**Livestock –** several callers in Lower Juba (Kismayo) wanted help with treatment for their sick livestock. Most calls this week came from Sanag in the north and Galgadud in central with pastoralists asking for advice and treatment for diseases affecting goats, sheep, and camels.

**Rainfall –** the majority of callers welcoming beneficial rainfall this week were from central regions, Puntland, and parts of Sanag including coastal areas. They said animals were getting good fodder and water.

**WASH –** a few other callers in Sanag complained of dry weather and drought. One in El-Afweyne said he kept camels and they faced drought conditions. A female caller in Tiyeglow, Bakool, also said they were facing drought.",2024-01-19T15:36:14+00:00,2024-01-19T00:00:00+00:00,Somalia,Somalia,"Agriculture, Food and Nutrition, Health, Protection and Human Rights, Recovery and Reconstruction, Water Sanitation Hygiene",News and Press Release,Radio Ergo,2024-01
4030404,Bulletin Mensuel KSRelief : Décembre 2023,"En 2023 le soutien mondial de l’aide du KSrelief aux communautés vulnérables s’est élevé à 405 millions USD 

Chaque année, le KSrelief s’efforce d’accroître son soutien aux personnes touchées par les crises à travers le monde. Malgré le grand nombre de défis mondiaux actuels en matière de santé, de paix et de prospérité, le KSrelief continue de faire de son mieux pour soulager les souffrances et sauver des vies. Depuis 2015, le centre a fourni une aide humanitaire et des secours dans plus de 95 pays à travers 2 670 projets pour un coût total de 6,5 milliards de dollars. Des millions de personnes ont été secourues grâce à l’action humanitaire mondiale du KSrelief.

L’aide alimentaire du KSrelief aide à sauver les gens de la famine et de la malnutrition, tandis que les services WASH luttent contre les problèmes liés à la soif et les maladies d’origine hydrique. La mise à disposition de fournitures médicales et la formation permettent de faire face à tous les types d’urgences, et le soutien aux abris est une priorité à la suite d’inondations, de tremblements de terre, d’ouragans et pendant les conflits. Le KSrelief comprend également qu’une aide humanitaire efficace ne se limite pas à la simple fourniture de nourriture, d’aide médicale et d’autres produits de première nécessité ; les solutions d’aide globales se concentrent également sur l’amélioration de la résilience et de la stabilité des communautés touchées par le soutien à l’éducation et aux programmes de relèvement rapide.",2024-01-17T10:46:55+00:00,2024-01-17T00:00:00+00:00,Somalia,"Somalia, Saudi Arabia",Food and Nutrition,News and Press Release,"Govt. Saudi Arabia, KSRelief",2024-01
4029718,UNHCR Somalia PRMN Displacement and Protection Region Level Dashboards - December 2023,,2024-01-15T10:08:41+00:00,2024-01-15T00:00:00+00:00,Somalia,Somalia,Protection and Human Rights,Infographic,UNHCR,2024-01
4029379,"Radio Ergo Weekly Feedback Report, Issued: 12 Jan 2024","**Brief Summary**

This is our first audience feedback analysis report in 2024 and reflects calls recorded on the Radio Ergo nationwide free call-in platform between 4-11 January.

Many callers celebrated the arrival of the seasonal deyr rains, especially in parts of Somaliland and some in central Somalia. A significant number of other callers, mainly farmers, noted the challenges they were still facing trying to recover from the recent floods, with a few reporting ongoing flooding. Callers in several regions, particularly where floods had struck, raised concerns over outbreaks of diarrhoeal diseases and poor nutrition among their children. Livestock keepers mostly in northern and central regions cited various diseases and conditions affecting their animals and wanted veterinary treatment and advice. Locusts damaging crops were reported in Togdher and Mudug. The following summarises the calls by theme.

**Impact of Floods** – a caller in Middle Shabelle said many farms had been destroyed by the flooding and people needed help to recover their livelihoods. A caller in Jowhar said whilst the flood water had receded from the farms, pests were now eating their crops. In Baidoa, a female caller said that whilst they were now recovering from the floods, they faced unemployment and needed jobs. In Gedo region, a caller in Garbaharey said they had been hit by floods and the people needed aid. Another caller in Bardera said they needed aid organisations to address the water shortage people were now facing. A caller in Fidow, Hiran, said they had been struck again by fresh flooding from the river overflowing.

**Health** – several callers in Baidoa, Bay region, called with health concerns, in particular the spread of acute watery diarrhoea. One caller attributed the outbreak to the heavy rain and flooding that had occurred; another said many people were affected and they needed help. A caller identifying as a camp leader in Wadajir IDP camp said conditions were dire and many infants aged 1-2 years needed urgent help. In Beletweyne, Hiran region, a female caller in Koshin said the river water was contaminated and many patients with diarrhoea were being hospitalised. Another caller wanted advice on how they should tackle the outbreak. In Galgadud, a female caller asked how they could nurse their children with diarrhoea before they were able to get them to a hospital. A caller in Abudwak said the government should distribute mosquito nets as there was an influx of mosquitoes in the area. A caller in Erigabo, Sanag, said there were cases of diarrhoea and he wanted information about the spread of the disease.

**Nutrition** – a female caller in Galkayo, Mudug, said she was pregnant and had a small child who was under nourished. She wanted information about the nearest centre offering nutrition services. Another female caller in Beletweyne said her small child had malnutrition and she herself was weak. She also wanted information on how to reach nutrition centres in Hiran. A female caller in Adado said her young boy had malnutrition and she wanted advice on how to treat him. [Radio Ergo has been airing weekly Nutrition programmes for several months with input from Nutrition cluster experts.]

**Livestock** – callers from various parts of Somaliland noted diseases affecting their goats and camels and wanted veterinary advice. A female caller in Bosaso said their goats were dying of an unknown disease and they needed a treatment campaign in the area. A number of callers in central regions also had livestock questions and concerns. A caller in Dollow, southern Ethiopia, said they were pastoralists whose camels had unknown diseases and they wanted treatment.

**Rainfall** – in Somaliland, callers from Awdal, Togdher, Sanag, and Sool announced the arrival of deyr rains that were improving conditions. There were similar calls from various parts of central Somalia and a few in the south.",2024-01-12T12:17:40+00:00,2024-01-12T00:00:00+00:00,Somalia,Somalia,"Agriculture, Education, Health, Protection and Human Rights, Water Sanitation Hygiene",News and Press Release,Radio Ergo,2024-01
4029110,"Zoom-In: Humanitarian Situation Monitoring (HSM) in Xarardheere District, Somalia, November 2023","**KEY MESSAGES**

- Reported road access to settlements in the hard-to-reach district of Xarardheere has sharply increased from October 2022 to August 2023. However, increasing access is not entirely alleviating humanitarian needs nor stymieing displacement. This may be due to the impacts of insecurity and the lack of rain/drought on Xarardheere during this period.

-   Increasing road access - allowing access to humanitarian aid - could be influencing livelihoods and shifting households away from a reliance on livestock ownership to humanitarian assistance - which may be partially due to lack of water. KIs in almost all settlements continued to report barriers to water access - specifically, that water points were too far.
    
-   Despite a decrease in constraints to access markets, reporting of increase in food prices remained high and KIs in more than 1 in 4 assessed settlements reported that more than half of households  
    did not have enough food to eat in August 2023. However, reported reliance on coping strategies due to a lack of food/money to buy food has decreased between October 2022 and August 2023.
    
-   Despite an increase in access to healthcare centers an hour or less away, KIs in almost all settlements still reported barriers to healthcare - specifically, the lack of information and healthcare facilities.",2024-01-11T14:54:24+00:00,2024-01-11T00:00:00+00:00,Somalia,Somalia,"Agriculture, Food and Nutrition, Health, Protection and Human Rights, Water Sanitation Hygiene",Assessment,REACH,2024-01
4028836,Understanding livelihood-related urban-rural connections for women from Displacement Affected Communities (DACs) in South-West State of Somalia: Comprehensive report on a multi-phased learning activity,"**Executive Summary**

Developing durable solutions that enable displacement-affected communities (DACs) in Somalia to better support themselves requires:

1.  Insights into the lives, livelihoods, and market and rural networks of women DACs—who, along with their children, are at the center of the current displacement crisis; and
    
2.  A better understanding of market and non-market connections and flows between rural areas in Southwest State and urban Baidoa Town, including Barwaqo resettlement site. This ruralurban chain and the surrounding context together comprise the ruralurban system.
    
This report represents the culmination of one of the most extensive community engagement processes conducted in Somalia to date: a six-month research and human-centered design activity that explored these topics through in-depth, exploratory, and participatory mixed-methods research and a three-day co-creation workshop. The activity involved 39 women DAC members of self-help groups (SHGs), 16 of their trade linkages, and 18 key informants from government, financial service providers, training organizations, trade associations, and non-governmental organizations (NGOs).

**Women DACs**
Nearly all of the women DAC SHG members who participated in the activity have lived in Baidoa Town for several years and benefitted from multiple layers of durable solutions and livelihoods programming. Originally, over one-third lived in nearby rural areas within Baidoa District and most others came from elsewhere within Bay or Bakool Regions. Still, women DACs retain strong personal and market connections with their rural origins, facilitated by mobile phones, mobile money, land ownership, and transporters and are inhibited by insecurity, poor road quality, long distances, and costs of mobile airtime and charging.

While few women DACs have even basic literacy—a major barrier—most participants have used tiny capital investments from family or NGOs to enter into trade-based livelihoods selling goods like vegetables, cereals, milk, and firewood and/or imported goods such as rice, sugar, oil, and clothing, mostly procured from retailers and wholesalers in town. Some have built thriving shops thanks to grants from NGOs and support from their SHGs, but others are at risk of losing their businesses, which have been kept alive during the drought thanks to humanitarian cash assistance provided to their customers. Other risks are ever-present, as demonstrated when flash flooding just prior to the co-design workshop washed away the household and business assets of several participants.

Although some formal financial services targeted to their demographics exist, the use of informal trade credit is common, and all of the women are SHG members, limited access to start-up capital, loans, and skills inhibits them from scaling up their businesses and consistently earning sufficient incomes. Indeed, only two-thirds earn enough to meet their families’ basic needs, a concern that is always at the front of their minds. In addition to being the primary breadwinners, women DACs remain the caretakers of their children, around whom their lives revolve and whose well-being informs most of their decisions. Their main accomplishments include providing safety and food for their children, owning their land or homes, and saving.

**The rural urban market system**  
Situated within Somalia’s high-potential agro-pastoral livelihood zone, Baidoa Town is a trade hub that is well integrated with the surrounding rural areas. Resilience capacities of the ruralurban market system are mixed, as it has long operated informally against a backdrop of insecurity and in a highly seasonal and shock-prone environment. Limited formal rules, regulations, taxation, and services are replaced by informal alternatives. Some of these create challenges, others enable actors to function within this complex context, and others have both pros and cons. Importantly, the system depends greatly on personal relationships and networks cultivated over time through trust, loyalty, and referrals. This is evidenced by the prevalence of trade credit as well as sharing and support within families and between neighbors. The recent drought deeply impacted rural production, and while the humanitarian aid system stepped in to reduce loss of life, the extent of the crisis was so significant and the ruralurban economy is so intertwined, that the entire system has become dependent on aid. It will require a careful transition back to normal market dynamics.

**Recommended solutions**
The activity’s co-creation workshop offered an opportunity for women DACs to come alongside local stakeholders to jointly envision innovative, sustainable, market-led, and enterprise-based solutions that could enhance the social capital, income, and livelihood opportunities of their families and other women DACs in Baidoa. The resulting concepts were integrated with recommendations from the research to include:

1.  Enhanced access to financial services (and training) through scaling up existing services targeted to women DACs and developing new, market-based models. This cross-cutting concept is essential and must accompany all other solutions.
    
2.  Urban farming cooperatives to enable women DACs to make use of their rural skills and to work together to generate social capital and economies of scale.
    
3.  Value addition in agricultural value chains through milling of locally-produced staple cereals, peanut packaging, and oil pressing.
    
4.  Business development and diversification to enable existing businesswomen to expand their shops and product offerings and encourage others to enter more profitable livelihoods.
    
5.  Multi-purpose spaces that provide childcare, host a business incubator, provide room for training and group meetings, offer networking opportunities, and otherwise support the other concepts.
    

Additional recommendations include slowly transitioning the post-drought economy from dependence on humanitarian assistance to normal market dynamics, improving basic services and production in rural areas, expanding financial and training services to rural areas and actors, considering the rural→urban flow of imported and value-added goods, and piloting solutions in hinterland areas before scaling up to more distant rural locations.

Strengthening local municipalities to deal with intractable challenges, moving donor programming toward longer-term projects to allow time for trust and relationship-building, and adopting trauma- informed approaches are also suggested.",2024-01-10T14:27:16+00:00,2024-01-10T00:00:00+00:00,Somalia,Somalia,Recovery and Reconstruction,Evaluation and Lessons Learned,NRC,2024-01
4042588,"East Africa Price Bulletin, February 2024","*The Famine Early Warning Systems Network (FEWS NET) monitors trends in staple food prices in countries vulnerable to food insecurity. For each FEWS NET country and region, the Price Bulletin provides a set of charts showing monthly prices in the current marketing year in selected urban centers and allowing users to compare current trends with both five-year average prices, indicative of seasonal trends, and prices in the previous year.*

Staple Food Markets in East Africa: White maize is the main staple grain consumed in Tanzania, Kenya, and Ethiopia. In Uganda, white maize is grown mainly as a commercial crop for export in the region. Imported rice is a major staple for Somalia, which mainly consume belem—the imported red rice. Tanzania is also a major producer and source of rice in the region while Kenya and Uganda are minor producers. Both red and white sorghum are produced and consumed in the region. This is an important staple in Sudan and Somalia as well as in other marginal agricultural areas of the region. It is also a substitute cereal among the rural poor. Red sorghum is mainly grown in Ethiopia, Sudan, and Somalia. Beans are an important source of protein and a complementary food crop grown in the high potential agricultural areas of Kenya, Uganda, Tanzania, Rwanda, Burundi and Ethiopia. It is consumed across household types. Maize and beans are the most heavily traded commodities in the region. The cooking banana– matoke is the primary staple in Uganda. Uganda is also a main source of cooking and other types of bananas traded in the region especially in Southern Sudan. However, bananas are not traded nearly as heavily as maize or beans.",2024-02-29T22:05:23+00:00,2024-02-29T00:00:00+00:00,Somalia,"Burundi, Ethiopia, Kenya, Rwanda, Somalia, South Sudan, Sudan, Uganda, United Republic of Tanzania","Agriculture, Food and Nutrition",Situation Report,FEWS NET,2024-02
4041797,"Somalia Key Message Update: Deyr harvest improves food availability, though crop production is below average, January 2024","*Note: This Key Message Update reflects information and analysis available as of January 2024. In February 2024, FEWS NET and partners participated in a nationwide* [***IPC analysis.***](https://www.ipcinfo.org/ipc-country-analysis/details-map/en/c/1156834/?iso3=SOM) *FEWS NET is in the process of updating its analysis of projected acute food insecurity outcomes in consideration of data and ground information made available during the IPC. FEWS NET’s revised analysis and mapping of current and projected acute food insecurity outcomes will be available in the February Food Security Outlook report forthcoming in early March.* 

**Key Messages**

- Main season deyr harvesting started in January in most areas, boosting market and household food stocks. However, according to crop data collected by the Food Security and Nutrition Analysis Unit (FSNAU) during the annual 2023/24 post-deyr seasonal assessment, main season cereal production across southern Somalia is projected to be 34 percent below the long-term average (1995-2022) and 14 percent below the five-year average. This is mainly due to the impacts of severe flooding during the October to December deyr rainy season, which affected over 50 percent of cropping land. In the badly affected Hiiraan and Gedo regions, 6,000 hectares and 2,250 hectares of standing crops, respectively, were destroyed. Most of the irrigated farms (80-95 percent), including citrus fruit farms in Gedo and Middle Shabelle regions, were also damaged due to prolonged submersion.

- On the other hand, flooding provided ample moisture to support off-season deyr cultivation in southern riverine and lowland agropastoral areas, which began in mid-December with the gradual recession of floodwaters. Off-season crop production is expected to be above average given the atypical flooding extent, though the total (main and off-season) deyr harvest will remain 13 percent below the long-term average. The primary off-season crops cultivated are sesame and maize intercropped with cowpea. As of January, the crops have reached development stages of growth. Harvesting of off-season cash crops (cowpea, sesame, groundnuts, onions and other vegetables) is expected to start in late February, with the off-season cereal harvest to follow in March and early April. This will increase access to food and income for households who were able to cultivate.

- In the key reference markets of southern Somalia, retail prices of locally produced cereals (maize and sorghum) were mostly stable between December and January at levels slightly lower than the same time last year. However, prices generally remain above the five-year average, at least partially due to significantly below-average deyr crop production. By April, anticipated above-average deyr off-season harvests are expected to improve domestic cereal supply and reduce staple food prices. Meanwhile, retail prices of imported red rice in key reference markets of the central and northern regions also remained stable from December to January, though prices range from 5 to 20 percent higher than at the same time last year and 27 to 36 percent above the five-year average. Above-average prices are being driven by sustained high global rice prices and increasing fuel and freight costs. Prices are anticipated to continue trending above the five-year average through at least May 2024.

- Pastoral and agropastoral households continue to contend with the lasting impacts of the 2020-2023 drought – including below-average livestock holdings and atypically early depletion of 2023 gu food stocks – exacerbated by severe impacts of recent flooding on livelihoods and crop production in southern riverine and low-lying agropastoral areas. In areas worst affected by flooding, minimal to no main season deyr crop production is likely in January, preventing farming households from accessing a key seasonal source of food and income. Reduced access to typically important food and income from crop and livestock production is driving Crisis (IPC Phase 3) and Emergency (IPC Phase 4) outcomes in worst drought- and flood-affected areas. 

- Through May 2024, a general trend of improvement in food security outcomes is expected across most of Somalia due to several key seasonal factors, including: the main-season deyr harvest in January, the off-season deyr harvest in some areas in March/April, declining food prices following the deyr harvest, social support during the holy month of Ramadan in March/April, and improvements in agricultural labor opportunities and income-earning and livestock production and reproduction during the gu rainy season beginning in April. Despite some improvement, Crisis (IPC Phase 3) outcomes are expected to persist in several rural areas, and IDP settlements will continue to face Crisis (IPC Phase 3) and Emergency (IPC Phase 4) outcomes given severely eroded assets and livelihoods amid anticipated further assistance scale-down. Additional displacement is expected in southern areas in April and May due to flooding during the gu rainy season.

- Households continue to experience displacement due to the impacts of recent conflict and flooding and the lasting impacts of the historic 2020-2023 drought. From December 10 to January 6, the [IOM](https://dtm.iom.int/somalia) recorded nearly 45,000 new arrivals in southern Somalia. With limited access to income-generating activities and minimal productive assets, IDPs are heavily reliant on humanitarian food assistance. However, the provision of food assistance continues to be scaled down both at the national level and among IDPs despite their high levels of need. On average in the October to December 2023 period, 15 percent of registered IDPs were reached with monthly assistance, down from 19 percent in the July to September period, according to data from the Food Security Cluster. According to UNOCHA, there are approximately 3.86 million internally displaced persons (IDPs) in Somalia as of January 2024.",2024-02-27T18:21:56+00:00,2024-02-27T00:00:00+00:00,Somalia,Somalia,"Agriculture, Food and Nutrition",Analysis,FEWS NET,2024-02
4041122,UNHCR Somalia: Operational Update (January 2024),"**OVERVIEW**

In January, the humanitarian crisis in Somalia continued, with millions of Somalis in need of humanitarian assistance. The Protection and Returns Monitoring Network (PRMN), which has been tracking internal displacement trends for the past 17 years, recorded some 13,000 internal displacements in January, primarily due to floods and insecurity. Although there was respite from heavy rain that brought severe flooding in the last quarter of 2023, negative effects of the deluge remain, and climate change is expected to impact Somalia for the foreseeable future. The security situation in the country remained tense, with ongoing military operations to reclaim territory from the Al-Shabaab, hereafter referred to as the non-state armed group (NSAG), which was responsible for multiple indiscriminate attacks, often causing harm to ordinary Somalis.  
Finding durable solutions for refugees and asylum-seekers, refugee returnees, and internally displaced persons (IDPs) in collaboration with the Federal Government of Somalia (FGS), Federal Member States (FMS), and development and humanitarian partners remains one of UNHCR's top priorities in Somalia.  
Moreover, UNHCR, in collaboration with authorities and partners, continued to provide vital protection assistance to vulnerable IDPs and host communities affected by conflict, flooding, and drought. In Somalia, UNHCR leads/co-leads the Protection, Shelter, and CCCM clusters for the IDP response.  
UNHCR’s key achievements for the month of January are listed below:

- In Kismayo, Jubaland, UNHCR, in coordination with partners and the Ministry of Public Works, relocated 138 IDP households (HHs) to shelters at the Luglow Durable Solutions site. The shelters and a police post were handed over to the IDP residents and local authorities, respectively. Likewise, at the Durdur IDP site in Burao of Somaliland, UNHCR, together with its partner, officially handed over hybrid shelters and land title deeds to 37 households.

- For the flood response, UNHCR, in collaboration with its shelter partner, conducted a vulnerability assessment exercise that aimed to identify 4,000 of the most vulnerable HHs in Beletweyne, Hiran region, and 1,800 of the most vulnerable HHs in Bardheere, Gedo region, who are in need of shelter/ NFI assistance.

- In Galkayo, UNHCR concluded the biometric verification of 1,383 refugees and asylum seekers.

- The Protection Cluster published the Protection Analysis Update for Somalia, Kismayo district.",2024-02-25T11:16:34+00:00,2024-02-25T00:00:00+00:00,Somalia,"Ethiopia, Somalia, Syrian Arab Republic, Yemen","Camp Coordination and Camp Management, Contributions, Coordination, Education, Food and Nutrition, Health, Protection and Human Rights, Shelter and Non-Food Items, Water Sanitation Hygiene",Situation Report,UNHCR,2024-02
4041113,UNHCR Somalia Population Dashboard (1 - 31 January 2024),"In January, 13,000 new internal displacements were monitored by the UNHCR-led Protection and Returns Monitoring Network (PRMN). Major Drivers include conflict and insecurity (6,000) and Flood (7,000).  

PRMN recorded in Middle Juba (2,660) region the highest number of internal displacements in January followed by Lower Juba (1,470) due to Conflict and Insecurity. Similary Bay (1,150 ) and Gedo (1,120) regions were recorded as the highest displacement due to flood.",2024-02-25T08:43:40+00:00,2024-02-25T00:00:00+00:00,Somalia,"Ethiopia, Kenya, Somalia, Syrian Arab Republic, World, Yemen",Protection and Human Rights,Infographic,UNHCR,2024-02
4039937,Somalia Baseline Assessment Round 2 (February 2023 - January 2024),"**BACKGROUND**

Somalia has experienced countless conflicts, episodes of violence, and natural disasters since the collapse of the Somali state in 1991. This has led to large recurring waves of forced displacement both within Somalia and to neighbouring countries and beyond. 

The drought experienced in large swathes of Somalia in 2022-2023 was estimated to be the worst in over four decades. This historic drought that brought the country to the brink of famine was followed by a heavy rainy (deyr) season six months after. This series of natural disasters have led to the displacement of hundreds of thousands of IDPs and caused the loss and devastation of livelihoods, and further increasing families’ vulnerabilities.12 The ever growing displacement crisis in Somalia has contributed to rapid urbanization, characterized by significant rural-urban displacement. 

In this context, IOM Somalia’s Displacement Tracking Matrix (DTM) implemented its second round of Baseline 2 exercise in Somalia. 

**OVERVIEW OF DISPLACEMENT**

As of January 2024, DTM has mapped around 3,451,434 IDPs, 155,710 returnees and 9,052,583 residents across 17 regions and 10,999 assessed locations. IDPs were present in 45 per cent of locations assessed (4,611 locations) and returnees were present in eleven per cent of assessed locations (1,204 locations).  

IDPs and returnees locations vary between rural/urban settlements and IDP sites/host community locations. The highest proportions of IDPs in Somalia were hosted in Banadir, Bay and Gedo (31%, 17% and 10% of IDPs respectively). Out of 3.5 million IDPs identified during 2023, 84% were residing in urban areas settled in approximately 4,000 IDP sites. An overwhelming majority of IDPs (88%) were living in IDP sites and only twelve per cent were residing among host communities.  

The proportion of IDPs residing within IDP sites or host communities varied significantly across regions. The majority of IDPs residing within host communities were found in the Lower Shabelle (26%), Bay (23%), and Middle Shabelle (17%) regions.  As per IDPs hosted within IDP sites, they were located among these top three regions: Banadir (35%), Bay (16%), and Gedo (11%). The remaining 16 per cent of IDPs were identified living in rural villages. IDP sites in Somalia are informal settlements, most of which are on privately owned land. As a result, land tenure security issues are a significant challenge and IDPs are often at risk of forced evictions.  

As already highlighted, Banadir and Bay host the largest urban IDP populations in Somalia (1 million in Banadir and 0.5 million in Bay), representing half of the total urban IDPs in the country. Urban displacement into Banadir and Bay is the result of multiple historical shocks including drought but also flooding and conflict. This has resulted in Mogadishu, Banadir region, having one of the highest urbanization rates in the world.

In terms of displacement dynamics, Banadir differs from other regions because it has only hosts IDPs from different regions. Based on the 2023 Baseline data, the vast majority of IDPs in Banadir were from Lower Shabelle, Bay, Bakool and Middle Shabelle. In contrast, displacement dynamics in Bay are mostly intra-regional. The vast majority of IDPs in Bay were from the broader Bay region with smaller proportions from neighboring Bakool.  

The majority of returnees (81%) were residing in rural areas and 19 per cent were living in urban settlements. Returnees were mainly concentrated in Bay and Bakool regions (44% and 32% respectively).",2024-02-21T07:53:24+00:00,2024-02-21T00:00:00+00:00,Somalia,Somalia,Protection and Human Rights,Assessment,IOM,2024-02
4039805,"Somalia Monthly Vegetation Conditions (NDVI), Jan 2007 - Jan 2024: Deviations from Short Term Averages",,2024-02-20T19:10:34+00:00,2024-02-20T00:00:00+00:00,Somalia,Somalia,Agriculture,Infographic,FSNAU,2024-02
4041816,"UNICEF Somalia Humanitarian Situation Report No. 1, 01 - 31 January 2024","**Highlights**

• According to the 2024 Humanitarian Needs and Response Plan, the number of
people in need of humanitarian assistance in Somalia has decreased to 6.9 million
in 2024 from 8.25 million in 2023, However, humanitarian needs remain high due
to persistent underlying drivers and recurrent shocks, including climatic events,
conflict and insecurity, widespread poverty and disease outbreaks.

• 43,095 children with severe wasting (24,808 girls and 18,287 boys) received
treatment, of whom 2,759 (6.4 per cent) were managed in stabilization centers due
to medical complications.

• 287,000 people in Afgooye, Baydhaba, Belet Weyne, Jowhar, Kismaayo, Waajid,
and Xudur districts were reached with life-saving emergency water services,
including water source chlorination and water trucking.

• 68,676 children affected by emergencies (31,775 girls) are accessing temporary
learning spaces across 12 disaster affected districts in Somalia.

• A total of 22,246 children and caregivers (6,028 girls, 5,219 boys, 8,504 women,
2,495 men) benefitted from mental health and psychosocial activities delivered
through mobile teams and at child-friendly spaces and other service points.

**Situation Overview & Humanitarian Needs** 

Somalia is yet to fully recover from the El Nino-induced floods that devastated the country, displaced at least 1.2 million people and left more than 2.4 million people in dire need of humanitarian aid and assistance, according to the Somalia Disaster Management Authority. Persistent cycles of conflict and disease and climatic shocks such as droughts and floods have resulted in 4.3 million children urgently needing rapid emergency support in 2024. The upcoming Gu season is expected to flood riverine areas in Lower Shabelle, even as families displaced by the El-Nino floods in several districts continue to return home. Despite the funding drawbacks in 2024, UNICEF is determined to reach at least 1.3 million children, 15 per cent of whom are living with disability, and one million women with adaptive, inclusive, gender- and child-sensitive humanitarian interventions. In January alone, approximately 1,800 new cases of acute watery diarrhea (AWD)/cholera were reported in the riverine districts of Beletweyne, Buloburte, Jalalaqsi, and Jowhar with a severity of 58 per cent, particularly in children under five who make up at least 65 per cent of cases. 

Comparatively, this is a 96 per cent increase in the caseload from the same period last year where more than 10,000 children were reported to suffer from AWD/cholera, accounting for more than 55 per cent of total caseload. In 2024, the convergence of AWD and malnutrition, particularly in children aged five and below, and poor access to sustainable clean drinking water and sanitation is heightening the risk of severe health outcomes and mortality. The case fatality rate (CFR) in Bulo Burte has skyrocketed to an all-time high of eight per cent, highlighting the significance of immediate action to improve access to water, sanitation and hygiene facilities and services. 

Furthermore, 68 per cent of the more than 1,200 cases of measles recorded in January in Banadir, Gedo and Lower Shabelle regions were among under-five children. UNICEF, in collaboration with communities and other partners, reached 211,000 internally displaced people with WASH services that included hygiene kits, water source chlorination and rehabilitation, and hygiene promotion. Multi-sectoral integrated interventions are currently underway in 10 mapped and prioritized districts by building cholera treatment centers/units (CTC/U), provision of treatment for moderate acute malnutrition (MAM) and severe acute malnutrition (SAM), and engaging community health workers for localized community-based monitoring and response. In addition, UNICEF is ramping up resources for oral cholera vaccines (OCVs) aiming to reach more than 482,000 people in four districts. On the polio front, the first round of oral polio vaccine (OPV) campaigns commenced in January aiming to reach children under five years in accessible districts cross-country apart from Jubaland. 

The nutrition situation has remained of concern in several livelihood zones of Somalia, especially in areas affected by the El-Nino-induced Deyr floods of 2023. The national median prevalence of wasting (GAM) remained ‘serious’ (as per IPC classification) at 12.9 per cent in the 2023 Deyr season compared to 12.4 per cent in the 2023 Gu season (FSNAU, 2024). SAM prevalence is estimated at 2.6 per cent, an increase from 1.5 per cent in the 2023 Gu season. Deteriorations in several areas are attributed to the impact of the EL Nino induced flash floods that contributed to increased morbidity arising from diarrhea, cholera, and measles outbreaks. 

Besides increased morbidity, the flow of remittances has remained low, and prices of food have increased, forcing more children and women to consume unhealthy foods. Albeit the staggering figures, according to the Somalia Food Security and Nutrition Analysis Unit (FSNAU), the situation in the first quarter of 2024 marks a significant variation from the same period last year as there has been a 20 per cent reduction in the population classified in the Integrated Food Security Phase Classification (IPC) 3 or worse. Nonetheless, during this period, four million Somalis (21 per cent of the population) will require emergency food and nutrition assistance. 

At least 1.7 million under-five children are projected to be malnourished in 2024, 430,000 with severe wasted. Almost all malnutrition cases are found in the central south regions of Somalia, categorizing the region as critical (FSNAU, 2024). As a countermeasure, UNICEF has screened 17,000 children in central south regions for severe acute malnutrition. 3 Access constraints UNICEF implementing partners face in delivering assistance to vulnerable communities primarily arise from the presence of armed groups, who impose restrictions or entirely block entry to specific regions or communities. Such limitations result in delays or even prevent delivery of life-saving assistance. The ongoing conflict and instability in Somalia pose significant danger not only to partners but also impedes their ability to reach populations requiring assistance. 

Furthermore, the presence of armed groups, militias, and criminal networks throughout the country exacerbates the difficulties faced in accessing and delivering aid safely. Moreover, climate shocks and limited infrastructure further compound the situation. Years of conflict and neglect have caused extensive damage to roads and bridges, creating significant challenges in transporting and distributing humanitarian aid efficiently. These infrastructural limitations particularly affect remote and inaccessible areas, making it even more arduous to help those in need. Despite these formidable challenges, UNICEF remains unwavering in its commitment to reach children in need throughout Somalia. We continue to make substantial progress in delivering assistance to vulnerable children and communities, working tirelessly to overcome access constraints and provide essential support.",2024-02-27T19:53:16+00:00,2024-02-27T00:00:00+00:00,Somalia,Somalia,"Contributions, Coordination, Education, Food and Nutrition, Health, Protection and Human Rights, Water Sanitation Hygiene",Situation Report,UNICEF,2024-02
4041092,"Radio Ergo audience feedback report, Issued: 24 Feb 2024","**Brief Analysis**

Calls this week (15-21 February 2024) to Radio Ergo’s nationwide audience feedback platform captured a range of concerns, including drought and water shortage particularly in the north, crop pests especially affecting southern riverine farming areas, and livestock diseases both in areas recovering from floods and other areas experiencing drought. A number of callers in different regions complained of food shortage, high prices and rising cost of living, and lack of jobs. Diseases including malaria and measles were also mentioned by a few callers. The following summarizes the calls by theme.

**Food shortage** – a female caller in Hargeisa said they faced food shortage and wanted her message shared to get help. Another female caller in Wanleweyn, L. Shabelle, called on the government to address food shortage there. A female caller in an IDP camp in Guriel said they were short of food. A caller in Lasanod said IDPs in camps there needed aid assistance.

**Prices** - a caller in Puntland wanted the government to step in and help people cope with the rising prices. Another in Dusamareb complained that the cost of living was high and livestock prices were also high.

**Jobs** – a caller in Nugal said there were no jobs for young people and the government needed to generate opportunities. Another in Baidoa said he couldn’t get a job even with a university degree.

**Health** – a caller in Karkar, Bari, said measles was spreading among adults in the area and the Puntland government needed to step in. A few callers were concerned about malaria and mosquito infestations, including a female caller in Beletweyne who said they were recovering from the floods but now faced water shortage as well.

**Livestock** – livestock herders from across the regions complained of conditions affecting their animals, including parasites, and diseases that they didn’t know how to diagnose or treat. A caller in Karkar said it was dry there and they needed veterinary advice on unknown diseases. A caller in Bardera, Gedo, said various livestock diseases had been left by the floods and they needed veterinary medicines. Another asked for a treatment campaign in Bardera.

**Environment** – two callers in Sanag demanded a ban on tree cutting for charcoal, whilst two others in Somaliland said they made a living from making charcoal. One said the prices had fallen and his income had been affected.

**Locusts** – two callers in Sool said they had been invaded by locusts. One called the government to organise spraying control. A female caller in Dharkeyn described some of the locusts as black and others yellow, but said both types were destroying their vegetation.

**Agriculture** – many farmers especially in southern riverine areas notably Beletweyne, Jowhar, and Wanleweyn complained of crop pests ruining their farms. A female caller in Beletweyne wanted to know if certain pesticides were better than others, and another wanted access to pesticides. Callers in Jowhar said they had been attacked by crickets. Some Jowhar callers said maize and sesame crops were being damaged.

**Water shortage** - a caller in Sheikh, Togdher, asked for help to repair their borehole to alleviate water shortage. Several callers in Sanag including Badhan and El-Afweyn complained of water shortage with some asking for water aid. There were also calls describing drought in parts of Puntland and central regions. Further south in Qoryolley, L. Shabelle, a female caller said they faced food and water shortage and needed help. A caller in El-Baraf, M. Shabelle, said the rains had failed and they had no water. A female caller in Baidoa said the water in their well had turned sour.

**Rain** – various callers from scattered parts of the country called to say that they had received rainfall.",2024-02-25T03:36:53+00:00,2024-02-24T00:00:00+00:00,Somalia,Somalia,"Agriculture, Food and Nutrition, Health, Protection and Human Rights, Water Sanitation Hygiene",News and Press Release,Radio Ergo,2024-02
4037117,e-IDSR Weekly Epidemiological Bulletin: Epi-Week 4 (22 Jan– 28 Jan 2024),"**Key Highlights during this epi-week 4**

1. 93% (384 out of 413) of health facilities submitted their weekly surveillance summary reports. This rate is the same as epi week 3's rate of 93%. This is above the expected completeness rate of 80%. 

2. Completeness of reporting is the highest in Puntland State (99%) whereas the lowest report rate in this week is in the Galmudug State (85%) — The Completeness rates are the number of expected facilities reporting to e-IDSR Weekly report and actual report we received in this week. 

3. Suspected cases were reported for AWD/Cholera (461), Acute jaundice syndrome (15), Dysentery (418), Measles (320), Meningitis (4), Whooping Cough (114), COVID19 (1), ILI (1489), SARI (1361), Typhoid (595), Diphtheria (36), and Neonatal tetanus (3), and Confirmed cases of Malaria (234). 

4. Currently, there are 2 confirmed disease outbreaks (AWD/Cholera, and Measles). In this regard all the suspected and confirmed cases were reported from the following administrative regions: AWD/Cholera (Bay, Banadir, Gedo, Lower Juba, Lower Shabelle, Middle Shabelle Regions), and Measles (Bakool, Bay, Banadir, Galgaduud, Gedo, Hiiraan, Mudug, Lower Juba, Lower Shabelle and Middle Shabelle regions). 

5. During week 4, the public health laboratories at both national and state levels reported 27 confirmed cases of Measles and 8 confirmed cases of Cholera.",2024-02-11T13:37:54+00:00,2024-01-28T00:00:00+00:00,Somalia,Somalia,Health,Situation Report,Govt. Somalia,2024-02
4033684,"Somalia: Humanitarian Dashboard, January - December 2023","**RESPONSE OVERVIEW**

The 2023 Somalia Humanitarian Response Plan (HRP) is informed by the robust intersectoral analysis of the 2023 Humanitarian Needs Overview (HNO) which identifies 8.25 million people in need of humanitarian assistance in Somalia. The HRP requires $ 2.6 billion to assist 7.6 million vulnerable people across the whole country representing around 90 per cent of the people in need. This is in line with the IASC Humanitarian system-wide scale-up that came into effect in August 2022 and the HCT’s strategic direction to scaleup response both in magnitude and quality to avert the prolonged consecutive drought and risk of Famine. The targeting is informed by the magnitude and severity of the needs identified in the HNO, the partners' capacity to scale up and the operating environment, including access.",2024-01-30T06:24:30+00:00,2024-01-29T00:00:00+00:00,Somalia,Somalia,"Camp Coordination and Camp Management, Education, Food and Nutrition, Health, Mine Action, Protection and Human Rights, Shelter and Non-Food Items, Water Sanitation Hygiene",Infographic,OCHA,2024-01
4032557,Somalia: Health Cluster Bulletin November 2023,"16.9M POPULATION

6.7M PEOPLE IN NEED

1.9M IDPs

5.9M PEOPLE TARGETED

197M US$ REQUESTED

**KEY HIGHLIGHTS**

◊  Partners  intensify  response to  the  floods, following the El-nino season. 

◊  Increased cases of AWD and suspected Malaria  cases reported from the flood affected  areas. 

◊  Partners  mark the 16 days of activism against Gender based violence, amidst prolonged emergency situations. 

◊  Health Partners respond to cases of suspected diphtheria in Galkayo. 

◊  Health partners in Kismayo report a significant Increase in influx of IDPs in Kismayo.

**Situation Updates**

The Health Cluster carried out a mapping of health facilities affected by floods. As of 22nd November, a total of 61 health facilities had been affected by the flooding, to include 9 hospitals, 5 primary health units and 47 health centers. This mapping has informed response activities across all flood affected areas. Luuq District has the highest number of health facilities affected by floods, with 8 health facilities so far affected. The mapping of affected health facilities is an ongoing exercise that will continually inform access to health services by the affected population. According to the OCHA situation report 3, the number of people impacted by torrential deyr (October to December) seasonal rains and floods across Somalia has increased to over 2.4 million, according to the Somalia Disaster Management Agency (SoDMA), with over one million displaced and 110 killed in at least 36 districts. Along the Shabelle river basin, water levels remain high, with flooding reported in several areas. The report further indicates that in Jubaland State, floods have impacted all districts. According to the State Emergency Operation Center, over 1.1 million people have been affected by the ongoing heavy rains and floods, with 440,748 people displaced, 287,956 trapped by water, and 58 lost. The authorities estimate that two thirds of the entire state is submerged. The Baardheere and Buur Dhuubo bridges have been completely collapsed and others affected; 55 road networks across the state devastated.",2024-01-25T09:53:04+00:00,2023-11-30T00:00:00+00:00,Somalia,Somalia,Health,Situation Report,"Health Cluster, WHO",2024-01
4042293,"Weekly Cholera/AWD Situation Report - Somalia, Epidemiological Week 4 (22-28 January 2024)","**Highlights**

• The current cholera outbreak in Somalia is a continuation of the 2023 cholera outbreak that spread to new districts that were affected by floods in October 2023.

• Limited access to safe water and proper sanitation among displaced persons is the major driver of the current cholera outbreak.

• During week 4, 391 new suspected cases with one associated death were reported from 17 flood-affected districts.

• More than half of the cases reported in the week were from Beletweyne, Buloburte and Jalalasi districts among populations displaced by floods (Table 1).

• The overall case fatality rate (CFR) of 1.1 % reported from 17 districts is above the emergency threshold of ≥1%. The higher-than-expected CFR was reported in Beletweyne (1.4%), Bulo Burde (6.4 %), Jalalasi (1.9%) and Mahaday (1.7%) attributed to low skills for case management among health care workers and high levels of malnutrition among children aged under 5 years (Table 2)

• The overall cumulative attack rate is 33 cases per 100,000 with the highest incidence reported in Jalalasi (167 cases per 100,000),  
Beletweyne (149 cases per 100000 cases) and Mahaday (133 cases per 100,000) (Table 2).

• Stool samples collected from flood affected districts and analyzed in the National Public Health Laboratory in Mogadishu tested positive for Vibrio Cholerae 01 Ogawa 

• Surveillance information from the field shows that the cholera outbreak is likely to spread to Bulo 

• WHO and health partners have scaled up the implementation of cholera response activities in districts affected by floods resulting from the El Nino season since October 2023.

• There is urgent need for additional operational funds to scale up the implementation of response activities to contain the current outbreak.",2024-02-29T00:00:00+00:00,2024-02-29T00:00:00+00:00,Somalia,Somalia,Health,Infographic,WHO,2024-02
4042292,"Weekly Cholera/AWD Situation Report - Somalia, Epidemiological Week 3 (15-21 January 2024)","**Highlights**

• The current cholera outbreak in Somalia is a continuation of the 2023 cholera outbreak that spread to new districts that were affected by floods in October 2023.

• Limited access to safe water and proper sanitation among displaced persons is the major driver of the current cholera outbreak.

• During week 3, 426 new suspected cases with six associated deaths were reported from 17 flood-affected districts.

• More than half of the cases reported in the week were from Beletweyne, Buloburte and Jalalasi districts among populations displaced by floods (Table 1).

• The overall case fatality rate (CFR) of 1.3 % reported from 17 districts is above the emergency threshold of ≥1%. The higher-than-expected CFR was reported in Beletweyne (1.5%), bulo Burde (8.0%), Jalalasi (2.1), Mahaday (2.9%) and Jowhar (1.4%) attributed to low skills for case management among health care workers and high levels of malnutrition among children aged under 5 years (Table 2)

• The overall cumulative attack rate is 26 cases per 100,000 with the highest incidence reported in Jalalasi (150 cases per 100,000), Beletweyne (140 cases per 100000 cases) and Mahaday (81 cases per 100,000) (Table 2).

• Stool samples collected from flood affected districts and analyzed in the National Public Health Laboratory in Mogadishu tested positive for Vibrio Cholerae 0139 Ogawa 

• Surveillance information from the field shows that the cholera outbreak is likely to spread to Bulo-

• WHO and health partners have scaled up the implementation of cholera response activities in districts affected by floods resulting from the El Nino season since October 2023.

• There is urgent need for additional operational funds to scale up the implementation of response activities to contain the current outbreak.",2024-02-29T00:00:00+00:00,2024-02-29T00:00:00+00:00,Somalia,Somalia,Health,Infographic,WHO,2024-02
4038293,"Cholera, Dengue & Diphtheria disease outbreak response in Somalia - HC Meeting (15-02-2024)","**Cholera cases in Somalia-background**

2138 cases reported in first 5 weeks of 2024 – carryover from 2023. Twice as many as reported during same time in 2023

Drivers of current outbreak:

• Low access to safe water, High levels of open defection, Mal-nutrition among children, Mobile populations, limited access to PHC

• Insecurity limiting access

• 70% reported along towns located on the banks of river Shabelle

• Communities using contaminated water from the river

• Imported cases from Ethiopia reported in Somaliland",2024-02-15T05:49:10+00:00,2024-02-15T00:00:00+00:00,Somalia,"Ethiopia, Somalia","Coordination, Health, Water Sanitation Hygiene",Other,"Health Cluster, WHO",2024-02
4037111,AWD/Cholera Weekly Epidemiological Report EPI Week 5 (29 January – 4 February 2024),"**New cases for epi-week 5**

• 346 new cholera cases were reported from 18 districts.

• 217(63%) severe cases

• 183 (53) children below 5 years

• 176 (51%) were female

• No death was reported this week.

• 60 stool samples were tested; 42 samples were positive for V. Cholerae 01 Ogawa by culture.

• While 156 samples were tested using RDT; 75 Samples were possibility for v. cholera 01 Ogawa by RDT

**Cumulative cases (Since 1 – 5 Weeks in 2024)**

• 2,138 cumulative cases (1,067; 50% were female)

• 1,333 (62%) children < 5 years

• 19 cumulative deaths (CFR 0.9%)

• 1,255 (59%) severe cases

• 275 total confirmed Vibrio cholerae 01 Ogawa by culture.

• 21 El Niño flood-affected districts reporting cases.",2024-02-04T00:00:00+00:00,2024-02-04T00:00:00+00:00,Somalia,Somalia,"Health, Water Sanitation Hygiene",Situation Report,Govt. Somalia,2024-02
4037110,AWD/Cholera Weekly Epidemiological Report EPI Week 4 (22 January – 28 January 2024),"**New cases for epi-week 4**

• 391 new cholera cases were reported from 17 districts.

• 249 (64%) severe cases

• 234 (60) children below 5 years

• 201 (51%) were female

• One death was reported this week.

• 67 stool samples were tested; 8 samples were positive for V. Cholerae 01 Ogawa by culture.

• While 186 samples were tested using RDT; 49 Samples were possibility for v. cholera 01 Ogawa by RDT

**Cumulative cases (Since 1 – 4 Weeks in 2024)**

• 1,792 cumulative cases(891; 50% were female)

• 1,150 (64%) children < 5 years

• 19cumulative deaths (CFR 1.1%)

• 1,038 (58%) severe cases

• 46 total confirmed Vibrio cholerae 01 Ogawa by culture.

• 25 El Niño flood-affected districts reporting cases.",2024-01-28T00:00:00+00:00,2024-01-28T00:00:00+00:00,Somalia,Somalia,"Health, Water Sanitation Hygiene",Situation Report,Govt. Somalia,2024-01
4035760,"Somalia - Cholera outbreaks (DG ECHO, Somalian Ministry of Health, UN, INGOs) (ECHO Daily Flash of 06 February 2024)","426 new cholera cases and 9 deaths were reported during the third week of January 2024, bringing the cumulative figure since the beginning of the year to 1,401 cases and 18 deaths. The 1.3% case fatality ratio (CFR) is above the WHO emergency threshold (≥1%). Most cases were reported in Hirshabelle State, which suffered massive flooding from October to December 2023. Suspected cases reported also in Somaliland.

In Hirshabelle State, DG ECHO-supported partner Save the Children reports a total of 1,247 cases, with 2.3% CFR. Of these, 806 (65%) were categorised as severe, 419 (34%) as moderate, and 22 (2%) with some level of dehydration. Children under five make up 62% of the affected patients. 1,803 measles cases were also reported, including 3 deaths. 75% of the cases are children under five. 

Driving factors for the reported outbreaks are poor WASH and health infrastructure - further weakened by the recent floods -, low service capacity and displacement to sites without adequate facilities. WHO, through the Ministry of Health, is planning to provide oral cholera vaccines to 480,000 people in the most at-risk districts.",2024-02-06T12:09:21+00:00,2024-02-06T00:00:00+00:00,Somalia,Somalia,"Health, Water Sanitation Hygiene",News and Press Release,ECHO,2024-02
4034664,"IRC raises alarm as cholera outbreak surges in Somalia, following El Niño rains","- 980 suspected cases of cholera were found across the country in just the first two weeks of January, indicating a 48% increase compared to the same period in 2023.

- More than half of the cases reported were from Hiraan region (524).

Mogadishu, Somalia, February 1, 2024 —  The International Rescue Committee (IRC) is sounding an alarm following a rapidly spreading cholera outbreak in Somalia’s central region of Hiraan following intense flooding caused by El Niño rains. The outbreak presents a grave public health crisis, with the majority of cases being severe and affecting the most vulnerable population. Over 55% of the 980 reported cases were children under the age of five.

Since January 2024, several districts in Somalia have been significantly affected by the cholera outbreak. More than half of the cases reported in January were from Hiraan region, primarily due to an outbreak in Beledweyne. The outbreak then spread across the region, impacting Bula Burte and Jalalasi in particular, as well as Jowhar in the neighboring Middle Shabelle region. The severity of the situation calls for immediate action to curb the further spread of the disease. A national Cholera Task Force has been activated, which is urgently seeking funding to scale up cholera response activities in affected regions.

The Somali population has already been grappling with the impact of recent floods impacting thousands of families and destroying farmlands.  In 2023, Somalia faced a 15% increase in suspected cholera cases compared to 2022, reaching a total of 18,304 from January to December—an alarming rise from the previous year. Of great concern is the impact on the most vulnerable, with at least 10,000 cases affecting children under five years old.

 Richard Crothers, IRC Somalia Country Director said:

“The IRC, in collaboration with partners, is working tirelessly to provide medical treatment, clean drinking water, and proper sanitation facilities to the affected population in the most affected districts across Hiraan. These communities have been disconnected from accessing essential healthcare services as the El Niño rains caused flooding leading to the river overflowing, causing mass displacement as the affected families moved to high ground. While the rains have currently stopped, it remains extremely difficult to reach villages on the outskirts.

The situation demands a unified and concerted effort to contain the outbreak, mitigate its impact, and ensure the provision of essential healthcare services to affected populations. Communities hit by the outbreak are already in a vulnerable position, as they have yet to recover from the El Niño phenomenon, which brought extensive damage to infrastructure, including homes, roads, and vital services across the country, and particularly in the Hiraan region. After an unprecedented drought in 2022-23 which killed 43,000 people, followed by devastating floods which has so far killed about 118 people and displaced 649,000 people, nearly a quarter of Somalis (3 million people) are experiencing hunger and malnutrition. This underscores the profound impact of climate change on the country's health infrastructure.”

The IRC began working in Somalia in 1981 in the aftermath of the Somalia-Ethiopia conflict. Over the years operations faced several interruptions due to insecurity and civil unrest but has been operating continuously since 2007. The IRC is operational in the main areas of concern including Banadir, Puntland, South-West, Jubaland and Hirshabelle states, and is continuing to support families with healthcare for malnourished children, unconditional cash transfers to help people quickly get the support they need, rehabilitation of boreholes and water sources as well as mobile health services to reach deeper into hard hit areas.

MEDIA CONTACTS

Sally Beth Anyanga
International Rescue Committee
+254 738 571 695

Sally.Anyanga@rescue.org
IRC Global Communications
+1 646 761 0307
communications@rescue.org",2024-02-01T15:46:22+00:00,2024-02-01T00:00:00+00:00,Somalia,Somalia,"Health, Water Sanitation Hygiene",News and Press Release,IRC,2024-02
4034313,"International Medical Corps: Somalia Humanitarian Update Situation Report #1 January 30, 2024","**FAST FACTS**

-   During the second week of January, 474 new suspected cases of cholera, and nine associated deaths, were reported from 27 flood-affected districts in Somalia.
    
-   A national Cholera T ask Force has been activated following this latest outbreak, developing a six-month plan to scale up cholera response activities.
    
**OUR RESPONSE**
    
-   International Medical Corps has scaled up support to the Jowhar Regional Hospital Cholera Treatment Center, providing sanitation stations to improve environmental hygiene for staff, patients and visitors.
    
-   In an effort to contain the outbreak, we have established a temporary cholera treatment center (CTC) in Mahaday with a capacity of 50 beds.
    
-   In January 2024, International Medical Corps managed 108 suspected cases of cholera at the temporary CTC.",2024-01-31T17:11:07+00:00,2024-01-31T00:00:00+00:00,Somalia,Somalia,"Health, Protection and Human Rights, Water Sanitation Hygiene",Situation Report,IMC,2024-01
4033858,Somalia 2024 Humanitarian Needs and Response Plan (HNRP),"In 2023, Somalia walked back from the brink of famine due to devastating drought, considered one of the worst in decades, and only a few months later faced the worst floods in generations. Against this backdrop, the **2024 HNRP** is:

-   based on comprehensive needs analysis, **with 2024 PiN 17% lower** compared to 2023 due to the end of drought but **well above the 5-year average**.
    
-   **highly targeted**, focusing on areas with high need severity. Resilience, durable solutions, and non-emergency livelihood programming have been excluded to ensure a collective focus on life-saving, life-sustaining, and protection response. This has led to a 32 per cent decrease in the HNRP target and a 40 per cent reduction in financial requirements compared to 2023.
    
-   **prioritized**: 10 (of 74) districts are prioritized for integrated programming from January to March 2024, with a focus on emergency response in the districts most affected by *Deyr* flooding in 2023.
    
-   **advancing multi-sector implementation,** as per the HCT’s Integrated Response Framework (IRF) and area-based coordination of assistance to newly displaced people and communities in newly accessible areas.
    
-   **risk-informed**: for the first time, readiness and anticipatory action measures ahead of anticipated *Gu* flooding (late March-June 2024) are explicitly integrated in the HNRP.
    
-   **advocating for scaled-up development and international financing support** to durable solutions, social protection programming, disaster risk reduction and water management, in order to reduce the structural drivers of humanitarian needs.
    
-   informed by ongoing HCT efforts to **mitigate and prevent the risk of aid diversion** and ensure aid gets to those who need it most.
    
-   **appealing to donors** to provide generous funding, taking into consideration significant underfunding in 2023.
    
-",2024-01-30T14:19:05+00:00,2024-01-30T00:00:00+00:00,Somalia,Somalia,"Agriculture, Camp Coordination and Camp Management, Education, Food and Nutrition, Gender, Health, Logistics and Telecommunications, Mine Action, Protection and Human Rights, Recovery and Reconstruction, Shelter and Non-Food Items, Water Sanitation Hygiene",Appeal,OCHA,2024-01
4032534,AWD/Cholera Weekly Epidemiological Report EPI Epi Week 1 (1 January – 7 January 2024),"**New cases for epi-week 2** 

• 474 new cholera cases were reported from 21 districts.  

• 274 (58%) severe cases  

• 289 (61) children below 5 years 

• 217 (46%) were female 

• 9 deaths were reported this week. 

• 26 stool samples were tested; 12 samples were positive for V. Cholerae 01 Ogawa by culture.  

• While 274 samples were tested using RDT; 136 Samples were possibility for v. cholera 01 Ogawa by RDT 

**Cumulative cases (Since 1 – 2 Weeks in 2024)** 

• 980 cumulative cases (455; 46% were female) 

• 634 (65%) children < 5 years  

• 12 cumulative deaths (CFR 1.2%) 

• 553 (56%) severe cases  

• 26 total confirmed Vibrio cholerae 01 Ogawa by culture. 

• 25 El Niño flood-affected districts reporting cases.",2024-01-07T00:00:00+00:00,2024-01-07T00:00:00+00:00,Somalia,Somalia,"Health, Water Sanitation Hygiene",Situation Report,Govt. Somalia,2024-01
4031586,Somalia: 2024 AWD/Cholera outbreak Flash Update No.1 (As of 22 January 2024),"*This Flash Update is prepared by OCHA, in coordination with the Health and WASH Clusters in Somalia and covers the situation as of 22 January 2024. The next update will be issued as soon as additional information is available.*

**HIGHLIGHTS**

- At least nine people died of Acute Watery Diarrheoa (AWD)/cholera and 474 cases were reported during the second week of 2024, as the outbreak spreads in Somalia, according to the Health Cluster.

- Most cases have been reported from Hiraan and Middle Shabelle regions, particularly Belet Weyne, Bulo Burto, Jalalaqsi and Jowhar districts. The current outbreak is a continuation from 2023 when over 18,300 cases were reported, including over 10,000 children below 5 years (55 per cent).

- Partners and the Federal Ministry of Health have developed a six-month plan that requires US$5.6 million to scale up cholera response activities. A National Cholera Task Force has been activated.

- Partners have scaled up the implementation of response activities to control outbreaks in districts that were affected by floods in October to December 2023. New treatment centres have been established in Belet Weyne, Bulo Burto and Daynile districts.

- Risk communication and community education is ongoing including the distribution of awareness materials to all high- risk districts, deployment of community health workers and outreach teams, dissemination of radio preventive messages on safe water handling and hygiene practices.


**KEY FIGURES**

**9**  
Deaths reported from 7 to 13 January 2024  
**474**  
Cases reported from 7 to 13 January 2024  
**18.3K**  
Cases reported across Somalia in 2023  
**US$5.6M**  
Funding required to scale up the cholera response  
**480K**  
People targeted for oral cholera vaccine   

**SITUATION OVERVIEW**

Acute watery Diarrhoea (AWD)/cholera is spreading in Somalia with at least nine people dead and 474 cases reported from 7 to 13 January 2024, according to the Health and Water, Sanitation and Hygiene (WASH) Clusters. The deaths reflect a Case Fatality Ratio (CFR) of 1.9 per cent, which is above the World Health Organization (WHO) emergency threshold of ≥1 per cent. Most cases have been reported from Hirshabelle State, particularly from Belet Weyne, Bulo Burto, Jalalaqsi and Jowhar districts which suffered massive flooding in October to December 2023.  

The outbreak in Belet Weyne was confirmed in November 2023 with 616 cases and nine deaths reported, while the outbreaks in Bulo Burto and Jalalaqsi and Jowhar were confirmed in early January. The outbreak spread to Bulo Burto, Jalalasi and Jowhar because the displaced communities are using contaminated water from River Shabelle. In addition, 352 confirmed cases were reported among displaced communities in Daynille in Banadir region since October 2023, including 19 cases since 1 January. In Somaliland, suspected cases are reported in Hargeysa and one confirmed case in Wajaale towns. Twenty five stool samples collected and tested in laboratories were positive for Vibrio Cholerae 0139 Ogawa. 

Somalia has had uninterrupted AWD/cholera transmission since 2022 and in Banadir region since the drought of 2017, according to WHO. In 2023, more than 18,304 cumulative cases and 46 deaths were reported, including over 10,000 children aged below 5 years (55 per cent). This includes 499 cases, mostly children below 5 years, that were reported from 11 to 31 December from 30 districts that were affected by drought earlier in the year; an overall CFR of 0.3 per cent. The current cholera outbreak is attributed to limited access to safe water, proper sanitation, primary health care services and lowered immunity among children experiencing high levels of acute malnutrition which lowers their immunity to cholera infections.  

Cholera is an acute intestinal infection that spreads through food and water contaminated with bacteria, often from faeces. While the triggers for outbreaks—like poverty and conflict—are enduring, extreme climate events like floods and droughts reduce access to clean water and create an ideal environment for cholera to thrive. While safe water and proper sanitation can prevent AWD/ cholera, 28 per cent of Somali families are estimated to lack a functional sanitation facility while 34 per cent practice open defecation and 80 per cent lack a handwashing facility.",2024-01-22T16:50:23+00:00,2024-01-22T00:00:00+00:00,Somalia,Somalia,"Health, Water Sanitation Hygiene",Situation Report,OCHA,2024-01
4029054,"Weekly Cholera/AWD Situation Report - Somalia, Epidemiological Week 52 (25 - 31 December 2023)","**Highlights**

• Somalia has had uninterrupted cholera transmission in 30 droughtaffected (12 of which are currently affected by floods) districts since 2022 and in Banadir region since the drought of 2017.

• During week 52, 499 new suspected cases with three associated deaths were reported from 30 drought-affected districts.

• The number of new cholera cases increased by almost 32% in flood affected districts in the past two weeks due to cholera outbreak in Beletweyne (Table 1).

• Since epidemiological week 1 of 2023, a total of 18304 suspected cases of cholera including 46 associated deaths (CFR 0.3%) were reported from 29 districts.

• The overall case fatality rate (CFR) of 0.3% reported from 30 districts is below the emergency threshold of ≥1%. However, the CFR in Beletweyne in Beletweyne is higher than the emergency threshold

• Since epidemiological week 1, 2023 a cumulative attack rate (CAR) of 388 cases per 100 000 population was reported. Belethawa (3869 cases per 100,000), Afmadow (1036 cases per 100,000 Dolow (1437 cases per 100,000) and Daynile (1350 cases per 100,000) have reported the highest CAR amongst all the affected districts (Table 2).

• Of the 3627 stool samples collected since epidemiological week 1 2023, 1204 (33.2%) samples tested positive by Rapid Diagnostic Test (RDT) while 332 (9.2%) stool samples were tested positive for Vibrio cholerae 01 serotype Ogawa while one sample from Afmadow tested positive for Vibrio cholerae O1 serotype Inaba.

• WHO and health partners have scaled up the implementation of cholera response activities in districts affected by floods resulting from the El Nino season since October 2023.",2024-01-11T12:35:31+00:00,2023-12-31T00:00:00+00:00,Somalia,Somalia,Health,Infographic,WHO,2024-01
4027037,"SOYDA Quarterly Progressive Narrative Report, October-December 2023","**1. Background and Humanitarian needs**

The number of people impacted by torrential deyr (October to December) seasonal rains and floods across Somalia has increased to over 2.4 million, according to the Somalia Disaster Management Agency (SoDMA), with over one million displaced and 110 killed in at least 36 districts. Along the Shabelle river basin, water levels remain high, with flooding reported in several areas. Twenty villages to the east of Jowhar town in Hirshabelle State are reportedly inundated. Mahaday town, which has been deluged for a month, has seen its sanitation facilities and some houses collapse. Along the upper catchment of the Juba river, water levels have declined in Doolow and Luuq, however some sections downstream at Baardheere and Bu’alle are still at bankfull levels.

Concern is growing over a likely spread of water-borne diseases. During the reporting period, suspected cases of Acute Watery Diarrhoea (AWD)/cholera were reported in Howlwadaag village, Hirshabelle, with 12 admitted to Shacab hospital in Belet Weyne, and in Ceel Jaale evacuation site where displaced people from Belet Weyne have moved to. The authorities are considering opening a treatment center at the site. In Galmudug State, suspected AWD/cholera have been reported in Cabudwaaq district. An outbreak of AWD/cholera would pose a significant threat to communities with limited healthcare facilities. In Gaalkacyo, rains have reduced but stagnant water has led to a surge in mosquito infestation. Humanitarian partners, the authorities and local communities have stepped to assist those affected, reaching at least 820,000 people, about 30 per cent of those affected with shelter, food, water, medicines, protection, sandbags and other basic necessities. At least 37 boats have been deployed to deliver supplies or evacuate tens of thousands of people who are trapped by flood water in 10 locations in Hirshabelle and Jubaland states. One boat in Afmadow, Jubaland, is supporting 8,000 stranded families in Lag Dera basin. The town has been under water for a week and all access roads are cut off. Light rain is forecast over the coastal areas of Middle Shabelle, Lower Juba and Banadir, and in areas bordering Buur Hakaba district in Bay and Qoryooley in Lower Shabelle regions, from 29 November to 5 December, according to FAO-Somalia Water and Land Information Management (SWALIM). Dry conditions are expected over the rest of the country and the Ethiopian highlands. The current deyr rains are expected to sustain high needs through the deyr season, and people facing Crisis (IPC Phase 3) or worse outcomes are likely to increase in urban areas and IDP settlements, according to the Famine Early Warning Systems Network (Fewsnet). On a positive note, opportunities exist for cultivation when the floods recede, which should improve the next harvest and livestock production.

During the reporting period, a significant increase in the number of cases of Acute Watery Diarrhoea (AWD)/cholera is reported, with 383 cases recorded in 21 districts; a 43.5 per cent increase compared to last week. According to the Health Cluster, cases have increased in Afgooye, Baidoa, Burhakaba, Marka,  
Kismayo and Belet Hawa districts. In addition, cases of malaria have increased in the past two months. This comes as heavy rains and floods continue to batter health facilities in Somalia. In total, 1.17 million people lack access to healthcare services in Somalia. In addition, a growing number of people affected by floods lack access to safe water and proper sanitation, which increases the risk of water-borne diseases. Partners are concerned that stagnant water, wherever it is, will exacerbate the risk of water-borne diseases.

However, SOYDA have been providing integrated package of nutrition, Food Security, Education, Civic Education, Youth empowerment, WASH, protection, and health intervention in Benadir, Southwest and Jubbaland State of Somalia.  
SOYDA shall however, continue its program implementation to enable reduce the vulnerability as well as provide improved lifesaving Health, Nutrition, WASH, Food Security, Protection and Education services.",2024-01-02T06:13:51+00:00,2024-01-02T00:00:00+00:00,Somalia,Somalia,"Education, Food and Nutrition, Health, Protection and Human Rights, Water Sanitation Hygiene",Situation Report,SOYDA,2024-01
4179194,Somalia - Estimated Malnutrition Situation (GAM) - Current: October 2023 - February 2024,,2024-02-16T00:00:00+00:00,2024-02-16T00:00:00+00:00,Somalia,Somalia,Food and Nutrition,Map,FSNAU,2024-02
4039504,"Somalia Cash Working Group Meeting Minutes, 27 April 2023","*(Excerpt)*

**Meeting Agenda:**

1\. CWG Updates

- Moving forward after endorsement of CWG Workplan 2023 – “Call for Interest to Cash Partners to Join the CWG Workstream 2023”

- Updates with regards to Somaliland Concern and Issues related to Cash Program

- Launching: “Mapping of Cash Partners Presence- at SNCWG Level (an online survey).” The CWG is aiming to re-organize/reactivate and strengthen the SN coordination and engagement as the center of operations. The CWG conducted an online survey to map out the presence at the Sub-National CWG level and understand their interest to participate in SN coordination platform. At the same to established baseline information at the SN as priority for capacity building roll out for 2023-2024.

- Launching of 3W’s Template

2\. “CWG Capacity Building Development Plan 2023-2023” – was the results and outcome of the online Survey participated by 38 Cash Partners across Somalia, participated by over fifty respondents.

3\. Presentation – “JMMI findings and next steps” – by: Mohamed Hussein, Senior Assessment Officer, REACH Initiatives

4\. Presentation – ACTED Somali Cash Programming Review (Lessons Learned) - 2018-2022 – by Symon Thuo, ACTED MEAL Manager",2024-02-20T05:32:17+00:00,2023-04-27T00:00:00+00:00,Somalia,Somalia,Coordination,Other,"Concern, WFP",2024-02
4039503,"Somalia Cash Working Group Meeting Minutes, 31 August 2023","*(Excerpt)*

**Meeting Agenda:**

1. Status and Updates on SN CWG Strengthening and election of SN CWG LNGO Co-Lead.

2. Presentation: “Humanitarian Cash Assistance Targeting Criteria for Somalia” by: Muhumed Mohamed Mohamud – Mercy Corps [ERMS Specialist] and Joshua Mesa – WFP [VAM Officer].

3. Presentation: “Research on Conflict-Induced Food Insecurity and Protection Risks in Somalia” By: Jacqueline Cavalcante, Program and Policy Officer, WFP

4. AOB",2024-02-20T05:29:53+00:00,2022-08-31T00:00:00+00:00,Somalia,Somalia,Coordination,Other,"Concern, WFP",2024-02
4028321,"Somalia: Operation Overview, December 2023","**Flood Response** 

- The floodwaters in Somalia began to recede towards the end of December 2023.  

- The essential damage to infrastructure, including roads, airstrips, and bridges, is yet to be assessed to fully understand the impact of the rains.  

- To support the humanitarian and development community, the Logistics Cluster utilized two helicopters and a dedicated fixed-wing aircraft during the month of December.  

- The Logistics Cluster operation in December 2023 wasfunded by SHF, ECHO, and FCDO.  

**Humanitarian Needs Response Plan (HNRP) 2024**

- Working collaboratively with UNHAS, the Logistics Cluster developed and submitted the logistics section of the Humanitarian Needs and Response Plan (HNRP) for 2024 to the Office for the Coordination of Humanitarian Affairs (OCHA). This submission underscores essential operational requirements, with key focus areas including:  

  o **More rain in 2024:** In anticipation of morerainfall expected between April and June and then again between October and December 2024, the Logistics Cluster is proactively preparing for challenges such as airstrips becoming inaccessible to fixed-wing aircraft and the closure of vital overland supply routes during these periods. Continuous monitoring of critical bridges, essential for sustaining primary access routes, remains a top priority.  

  o **Security:** The Logistics Cluster is committed to actively monitoring security challenges which impact and hinder cargo deliveries to the vulnerable population in Somalia. The expected withdrawal of ATMIS in 2024 adds an additional layer of uncertainty, underscoring the need for strategic logistics planning to navigate the evolving security landscape effectively.  

  o **Imminent risk of cholera:** Recognizing the imminent risk of cholera, the Logistics Cluster is gearing up for an urgent response, requiring swift transport of medical supplies. Resource allocation is deemed imperative to fortify logistics assets, ensuring a robust and effective response to a potential outbreak.  

  o **Closure of border and customs clearane:** The Logistics Cluster will continue to advocate for the opening of the Kenyan-Somalian border and the strengthening of import and customs clearance procedures for humanitarian cargo. This advocacy aims to streamline logistics processes and facilitate the timely delivery of essential humanitarian aid.",2024-01-08T22:45:03+00:00,2024-01-08T00:00:00+00:00,Somalia,Somalia,"Coordination, Logistics and Telecommunications",Situation Report,"Logistics Cluster, WFP",2024-01
